run_id,trial_id,session_id,candidate_id,record_no,kept,has_paths,rank_file,rank_word,rank_recent,p_keep
20261001T111152Z-8adcb79,012e72416ea7,ed4a90b00da8,012e72416ea7-001,1,0,1,23,28,85,0.29
20261001T111152Z-8adcb79,012e72416ea7,ed4a90b00da8,012e72416ea7-002,2,0,1,77,57,84,0.27
20261001T111152Z-8adcb79,012e72416ea7,ed4a90b00da8,012e72416ea7-003,3,0,1,76,48,83,0.41
20261001T111152Z-8adcb79,012e72416ea7,ed4a90b00da8,012e72416ea7-004,4,0,1,33,8,82,0.31
20261001T111152Z-8adcb79,012e72416ea7,ed4a90b00da8,012e72416ea7-005,5,0,1,75,9,81,0.3
20261001T111152Z-8adcb79,012e72416ea7,ed4a90b00da8,012e72416ea7-006,6,0,1,74,77,80,0.3
20261001T111152Z-8adcb79,012e72416ea7,ed4a90b00da8,012e72416ea7-007,7,0,1,73,76,79,0.31
20261001T111152Z-8adcb79,012e72416ea7,ed4a90b00da8,012e72416ea7-008,8,0,1,72,52,78,0.31
20261001T111152Z-8adcb79,012e72416ea7,ed4a90b00da8,012e72416ea7-009,9,0,1,71,17,77,0.29
20261001T111152Z-8adcb79,012e72416ea7,ed4a90b00da8,012e72416ea7-010,10,0,1,70,11,76,0.29
20261001T111152Z-8adcb79,012e72416ea7,ed4a90b00da8,012e72416ea7-011,11,0,1,69,37,75,0.3
20261001T111152Z-8adcb79,012e72416ea7,ed4a90b00da8,012e72416ea7-012,12,0,1,68,39,74,0.28
20261001T111152Z-8adcb79,012e72416ea7,ed4a90b00da8,012e72416ea7-013,13,0,1,67,70,73,0.28
20261001T111152Z-8adcb79,012e72416ea7,ed4a90b00da8,012e72416ea7-014,14,0,1,22,56,72,0.22
20261001T111152Z-8adcb79,012e72416ea7,ed4a90b00da8,012e72416ea7-015,15,0,1,36,38,71,0.23
20261001T111152Z-8adcb79,012e72416ea7,ed4a90b00da8,012e72416ea7-016,16,0,0,,78,70,0.24
20261001T111152Z-8adcb79,012e72416ea7,ed4a90b00da8,012e72416ea7-017,17,0,1,32,73,69,0.25
20261001T111152Z-8adcb79,012e72416ea7,ed4a90b00da8,012e72416ea7-018,18,0,1,12,61,68,0.24
20261001T111152Z-8adcb79,012e72416ea7,ed4a90b00da8,012e72416ea7-019,19,0,1,21,67,67,0.26
20261001T111152Z-8adcb79,012e72416ea7,ed4a90b00da8,012e72416ea7-020,20,0,1,20,53,66,0.22
20261001T111152Z-8adcb79,012e72416ea7,ed4a90b00da8,012e72416ea7-021,21,0,1,31,23,65,0.26
20261001T111152Z-8adcb79,012e72416ea7,ed4a90b00da8,012e72416ea7-022,22,0,1,11,15,64,0.26
20261001T111152Z-8adcb79,012e72416ea7,ed4a90b00da8,012e72416ea7-023,23,0,1,19,18,63,0.32
20261001T111152Z-8adcb79,012e72416ea7,ed4a90b00da8,012e72416ea7-024,24,0,1,66,14,62,0.29
20261001T111152Z-8adcb79,012e72416ea7,ed4a90b00da8,012e72416ea7-025,25,0,1,10,46,61,0.24
20261001T111152Z-8adcb79,012e72416ea7,ed4a90b00da8,012e72416ea7-026,26,0,1,35,55,60,0.31
20261001T111152Z-8adcb79,012e72416ea7,ed4a90b00da8,012e72416ea7-027,27,0,1,45,41,59,0.31
20261001T111152Z-8adcb79,012e72416ea7,ed4a90b00da8,012e72416ea7-028,28,0,1,18,27,58,0.25
20261001T111152Z-8adcb79,012e72416ea7,ed4a90b00da8,012e72416ea7-029,29,0,1,17,35,57,0.22
20261001T111152Z-8adcb79,012e72416ea7,ed4a90b00da8,012e72416ea7-030,30,0,1,3,47,56,0.24
20261001T111152Z-8adcb79,012e72416ea7,ed4a90b00da8,012e72416ea7-031,31,0,1,30,64,55,0.22
20261001T111152Z-8adcb79,012e72416ea7,ed4a90b00da8,012e72416ea7-032,32,0,1,4,34,54,0.23
20261001T111152Z-8adcb79,012e72416ea7,ed4a90b00da8,012e72416ea7-033,33,0,1,44,51,53,0.32
20261001T111152Z-8adcb79,012e72416ea7,ed4a90b00da8,012e72416ea7-034,34,0,1,65,40,52,0.3
20261001T111152Z-8adcb79,012e72416ea7,ed4a90b00da8,012e72416ea7-035,35,0,0,,43,51,0.26
20261001T111152Z-8adcb79,012e72416ea7,ed4a90b00da8,012e72416ea7-036,36,0,1,43,12,50,0.27
20261001T111152Z-8adcb79,012e72416ea7,ed4a90b00da8,012e72416ea7-037,37,0,1,29,32,49,0.29
20261001T111152Z-8adcb79,012e72416ea7,ed4a90b00da8,012e72416ea7-038,38,0,1,9,21,48,0.22
20261001T111152Z-8adcb79,012e72416ea7,ed4a90b00da8,012e72416ea7-039,39,0,1,42,50,47,0.29
20261001T111152Z-8adcb79,012e72416ea7,ed4a90b00da8,012e72416ea7-040,40,0,1,64,31,46,0.24
20261001T111152Z-8adcb79,012e72416ea7,ed4a90b00da8,012e72416ea7-041,41,0,0,,24,45,0.28
20261001T111152Z-8adcb79,012e72416ea7,ed4a90b00da8,012e72416ea7-042,42,0,1,41,74,44,0.25
20261001T111152Z-8adcb79,012e72416ea7,ed4a90b00da8,012e72416ea7-043,43,0,1,63,79,43,0.26
20261001T111152Z-8adcb79,012e72416ea7,ed4a90b00da8,012e72416ea7-044,44,0,1,62,30,42,0.32
20261001T111152Z-8adcb79,012e72416ea7,ed4a90b00da8,012e72416ea7-045,45,0,1,61,19,41,0.32
20261001T111152Z-8adcb79,012e72416ea7,ed4a90b00da8,012e72416ea7-046,46,0,1,60,5,40,0.27
20261001T111152Z-8adcb79,012e72416ea7,ed4a90b00da8,012e72416ea7-047,47,0,1,34,36,39,0.27
20261001T111152Z-8adcb79,012e72416ea7,ed4a90b00da8,012e72416ea7-048,48,0,1,59,6,38,0.29
20261001T111152Z-8adcb79,012e72416ea7,ed4a90b00da8,012e72416ea7-049,49,0,1,8,58,37,0.31
20261001T111152Z-8adcb79,012e72416ea7,ed4a90b00da8,012e72416ea7-050,50,0,1,40,75,36,0.29
20261001T111152Z-8adcb79,012e72416ea7,ed4a90b00da8,012e72416ea7-051,51,0,1,16,82,35,0.29
20261001T111152Z-8adcb79,012e72416ea7,ed4a90b00da8,012e72416ea7-052,52,0,1,15,13,34,0.26
20261001T111152Z-8adcb79,012e72416ea7,ed4a90b00da8,012e72416ea7-053,53,0,1,58,22,33,0.29
20261001T111152Z-8adcb79,012e72416ea7,ed4a90b00da8,012e72416ea7-054,54,0,1,57,63,32,0.3
20261001T111152Z-8adcb79,012e72416ea7,ed4a90b00da8,012e72416ea7-055,55,0,0,,54,31,0.37
20261001T111152Z-8adcb79,012e72416ea7,ed4a90b00da8,012e72416ea7-056,56,0,0,,4,30,0.28
20261001T111152Z-8adcb79,012e72416ea7,ed4a90b00da8,012e72416ea7-057,57,0,0,,2,29,0.27
20261001T111152Z-8adcb79,012e72416ea7,ed4a90b00da8,012e72416ea7-058,58,0,1,28,62,28,0.22
20261001T111152Z-8adcb79,012e72416ea7,ed4a90b00da8,012e72416ea7-059,59,0,1,7,7,27,0.23
20261001T111152Z-8adcb79,012e72416ea7,ed4a90b00da8,012e72416ea7-060,60,0,1,14,65,26,0.22
20261001T111152Z-8adcb79,012e72416ea7,ed4a90b00da8,012e72416ea7-061,61,0,1,39,3,25,0.29
20261001T111152Z-8adcb79,012e72416ea7,ed4a90b00da8,012e72416ea7-062,62,0,1,38,49,24,0.3
20261001T111152Z-8adcb79,012e72416ea7,ed4a90b00da8,012e72416ea7-063,63,0,1,56,81,23,0.34
20261001T111152Z-8adcb79,012e72416ea7,ed4a90b00da8,012e72416ea7-064,64,0,1,55,60,22,0.32
20261001T111152Z-8adcb79,012e72416ea7,ed4a90b00da8,012e72416ea7-065,65,0,1,54,85,21,0.28
20261001T111152Z-8adcb79,012e72416ea7,ed4a90b00da8,012e72416ea7-066,66,0,1,53,29,20,0.29
20261001T111152Z-8adcb79,012e72416ea7,ed4a90b00da8,012e72416ea7-067,67,0,1,52,68,19,0.29
20261001T111152Z-8adcb79,012e72416ea7,ed4a90b00da8,012e72416ea7-068,68,0,1,5,72,18,0.25
20261001T111152Z-8adcb79,012e72416ea7,ed4a90b00da8,012e72416ea7-069,69,0,1,13,84,17,0.27
20261001T111152Z-8adcb79,012e72416ea7,ed4a90b00da8,012e72416ea7-070,70,0,1,51,42,16,0.28
20261001T111152Z-8adcb79,012e72416ea7,ed4a90b00da8,012e72416ea7-071,71,0,1,2,16,15,0.24
20261001T111152Z-8adcb79,012e72416ea7,ed4a90b00da8,012e72416ea7-072,72,0,1,27,66,14,0.24
20261001T111152Z-8adcb79,012e72416ea7,ed4a90b00da8,012e72416ea7-073,73,0,0,,1,13,0.29
20261001T111152Z-8adcb79,012e72416ea7,ed4a90b00da8,012e72416ea7-074,74,0,1,26,25,12,0.24
20261001T111152Z-8adcb79,012e72416ea7,ed4a90b00da8,012e72416ea7-075,75,0,1,25,59,11,0.26
20261001T111152Z-8adcb79,012e72416ea7,ed4a90b00da8,012e72416ea7-076,76,0,1,50,80,10,0.31
20261001T111152Z-8adcb79,012e72416ea7,ed4a90b00da8,012e72416ea7-077,77,0,1,49,45,9,0.33
20261001T111152Z-8adcb79,012e72416ea7,ed4a90b00da8,012e72416ea7-078,78,0,1,48,69,8,0.28
20261001T111152Z-8adcb79,012e72416ea7,ed4a90b00da8,012e72416ea7-079,79,0,1,47,20,7,0.3
20261001T111152Z-8adcb79,012e72416ea7,ed4a90b00da8,012e72416ea7-080,80,0,1,46,71,6,0.29
20261001T111152Z-8adcb79,012e72416ea7,ed4a90b00da8,012e72416ea7-081,81,0,1,1,26,5,0.23
20261001T111152Z-8adcb79,012e72416ea7,ed4a90b00da8,012e72416ea7-082,82,0,1,37,83,4,0.28
20261001T111152Z-8adcb79,012e72416ea7,ed4a90b00da8,012e72416ea7-083,83,0,0,,33,3,0.29
20261001T111152Z-8adcb79,012e72416ea7,ed4a90b00da8,012e72416ea7-084,84,0,1,24,10,2,0.25
20261001T111152Z-8adcb79,012e72416ea7,ed4a90b00da8,012e72416ea7-085,85,0,1,6,44,1,0.23
20261001T111152Z-8adcb79,0218846da4b6,4c37252a5d56,0218846da4b6-001,1,1,1,,43,118,0.5
20261001T111152Z-8adcb79,0218846da4b6,4c37252a5d56,0218846da4b6-002,2,0,1,69,68,117,0.47
20261001T111152Z-8adcb79,0218846da4b6,4c37252a5d56,0218846da4b6-003,3,0,1,25,16,116,0.43
20261001T111152Z-8adcb79,0218846da4b6,4c37252a5d56,0218846da4b6-004,4,1,1,68,6,115,0.57
20261001T111152Z-8adcb79,0218846da4b6,4c37252a5d56,0218846da4b6-005,5,0,1,24,15,114,0.48
20261001T111152Z-8adcb79,0218846da4b6,4c37252a5d56,0218846da4b6-006,6,0,1,67,91,113,0.46
20261001T111152Z-8adcb79,0218846da4b6,4c37252a5d56,0218846da4b6-007,7,0,1,,67,112,0.29
20261001T111152Z-8adcb79,0218846da4b6,4c37252a5d56,0218846da4b6-008,8,0,1,23,113,111,0.34
20261001T111152Z-8adcb79,0218846da4b6,4c37252a5d56,0218846da4b6-009,9,0,1,66,96,110,0.33
20261001T111152Z-8adcb79,0218846da4b6,4c37252a5d56,0218846da4b6-010,10,0,1,,86,109,0.27
20261001T111152Z-8adcb79,0218846da4b6,4c37252a5d56,0218846da4b6-011,11,0,1,,31,108,0.34
20261001T111152Z-8adcb79,0218846da4b6,4c37252a5d56,0218846da4b6-012,12,0,1,,76,107,0.31
20261001T111152Z-8adcb79,0218846da4b6,4c37252a5d56,0218846da4b6-013,13,0,1,,27,106,0.34
20261001T111152Z-8adcb79,0218846da4b6,4c37252a5d56,0218846da4b6-014,14,0,1,,14,105,0.36
20261001T111152Z-8adcb79,0218846da4b6,4c37252a5d56,0218846da4b6-015,15,0,1,,85,104,0.28
20261001T111152Z-8adcb79,0218846da4b6,4c37252a5d56,0218846da4b6-016,16,0,1,,48,103,0.32
20261001T111152Z-8adcb79,0218846da4b6,4c37252a5d56,0218846da4b6-017,17,0,1,,82,102,0.26
20261001T111152Z-8adcb79,0218846da4b6,4c37252a5d56,0218846da4b6-018,18,0,1,,114,101,0.45
20261001T111152Z-8adcb79,0218846da4b6,4c37252a5d56,0218846da4b6-019,19,0,1,65,54,100,0.38
20261001T111152Z-8adcb79,0218846da4b6,4c37252a5d56,0218846da4b6-020,20,0,1,,115,99,0.32
20261001T111152Z-8adcb79,0218846da4b6,4c37252a5d56,0218846da4b6-021,21,0,1,22,32,98,0.48
20261001T111152Z-8adcb79,0218846da4b6,4c37252a5d56,0218846da4b6-022,22,0,1,64,36,97,0.44
20261001T111152Z-8adcb79,0218846da4b6,4c37252a5d56,0218846da4b6-023,23,0,1,21,94,96,0.36
20261001T111152Z-8adcb79,0218846da4b6,4c37252a5d56,0218846da4b6-024,24,1,1,20,2,95,0.63
20261001T111152Z-8adcb79,0218846da4b6,4c37252a5d56,0218846da4b6-025,25,0,1,63,7,94,0.42
20261001T111152Z-8adcb79,0218846da4b6,4c37252a5d56,0218846da4b6-026,26,0,1,62,89,93,0.38
20261001T111152Z-8adcb79,0218846da4b6,4c37252a5d56,0218846da4b6-027,27,0,1,61,61,92,0.31
20261001T111152Z-8adcb79,0218846da4b6,4c37252a5d56,0218846da4b6-028,28,0,1,,30,91,0.34
20261001T111152Z-8adcb79,0218846da4b6,4c37252a5d56,0218846da4b6-029,29,0,1,,49,90,0.31
20261001T111152Z-8adcb79,0218846da4b6,4c37252a5d56,0218846da4b6-030,30,0,1,19,44,89,0.37
20261001T111152Z-8adcb79,0218846da4b6,4c37252a5d56,0218846da4b6-031,31,0,0,,40,88,0.32
20261001T111152Z-8adcb79,0218846da4b6,4c37252a5d56,0218846da4b6-032,32,0,0,,35,87,0.37
20261001T111152Z-8adcb79,0218846da4b6,4c37252a5d56,0218846da4b6-033,33,0,0,,58,86,0.39
20261001T111152Z-8adcb79,0218846da4b6,4c37252a5d56,0218846da4b6-034,34,0,1,60,60,85,0.38
20261001T111152Z-8adcb79,0218846da4b6,4c37252a5d56,0218846da4b6-035,35,0,1,,12,84,0.32
20261001T111152Z-8adcb79,0218846da4b6,4c37252a5d56,0218846da4b6-036,36,0,0,,102,83,0.27
20261001T111152Z-8adcb79,0218846da4b6,4c37252a5d56,0218846da4b6-037,37,0,0,,5,82,0.42
20261001T111152Z-8adcb79,0218846da4b6,4c37252a5d56,0218846da4b6-038,38,0,1,,11,81,0.35
20261001T111152Z-8adcb79,0218846da4b6,4c37252a5d56,0218846da4b6-039,39,0,1,59,62,80,0.33
20261001T111152Z-8adcb79,0218846da4b6,4c37252a5d56,0218846da4b6-040,40,0,1,,59,79,0.3
20261001T111152Z-8adcb79,0218846da4b6,4c37252a5d56,0218846da4b6-041,41,0,1,,20,78,0.31
20261001T111152Z-8adcb79,0218846da4b6,4c37252a5d56,0218846da4b6-042,42,0,1,,21,77,0.35
20261001T111152Z-8adcb79,0218846da4b6,4c37252a5d56,0218846da4b6-043,43,0,1,,39,76,0.34
20261001T111152Z-8adcb79,0218846da4b6,4c37252a5d56,0218846da4b6-044,44,0,1,,37,75,0.28
20261001T111152Z-8adcb79,0218846da4b6,4c37252a5d56,0218846da4b6-045,45,0,1,,22,74,0.29
20261001T111152Z-8adcb79,0218846da4b6,4c37252a5d56,0218846da4b6-046,46,0,1,,24,73,0.26
20261001T111152Z-8adcb79,0218846da4b6,4c37252a5d56,0218846da4b6-047,47,0,1,18,109,72,0.37
20261001T111152Z-8adcb79,0218846da4b6,4c37252a5d56,0218846da4b6-048,48,0,1,17,116,71,0.28
20261001T111152Z-8adcb79,0218846da4b6,4c37252a5d56,0218846da4b6-049,49,0,1,58,111,70,0.27
20261001T111152Z-8adcb79,0218846da4b6,4c37252a5d56,0218846da4b6-050,50,0,1,,47,69,0.41
20261001T111152Z-8adcb79,0218846da4b6,4c37252a5d56,0218846da4b6-051,51,0,0,,69,68,0.24
20261001T111152Z-8adcb79,0218846da4b6,4c37252a5d56,0218846da4b6-052,52,0,0,,110,67,0.3
20261001T111152Z-8adcb79,0218846da4b6,4c37252a5d56,0218846da4b6-053,53,0,0,,83,66,0.32
20261001T111152Z-8adcb79,0218846da4b6,4c37252a5d56,0218846da4b6-054,54,0,1,57,46,65,0.35
20261001T111152Z-8adcb79,0218846da4b6,4c37252a5d56,0218846da4b6-055,55,1,1,56,1,64,0.55
20261001T111152Z-8adcb79,0218846da4b6,4c37252a5d56,0218846da4b6-056,56,0,1,16,41,63,0.37
20261001T111152Z-8adcb79,0218846da4b6,4c37252a5d56,0218846da4b6-057,57,0,1,55,79,62,0.27
20261001T111152Z-8adcb79,0218846da4b6,4c37252a5d56,0218846da4b6-058,58,0,1,54,13,61,0.41
20261001T111152Z-8adcb79,0218846da4b6,4c37252a5d56,0218846da4b6-059,59,0,1,15,34,60,0.39
20261001T111152Z-8adcb79,0218846da4b6,4c37252a5d56,0218846da4b6-060,60,0,1,14,64,59,0.31
20261001T111152Z-8adcb79,0218846da4b6,4c37252a5d56,0218846da4b6-061,61,0,1,53,77,58,0.31
20261001T111152Z-8adcb79,0218846da4b6,4c37252a5d56,0218846da4b6-062,62,0,1,52,33,57,0.37
20261001T111152Z-8adcb79,0218846da4b6,4c37252a5d56,0218846da4b6-063,63,0,1,13,29,56,0.42
20261001T111152Z-8adcb79,0218846da4b6,4c37252a5d56,0218846da4b6-064,64,0,1,8,80,55,0.33
20261001T111152Z-8adcb79,0218846da4b6,4c37252a5d56,0218846da4b6-065,65,0,1,51,100,54,0.36
20261001T111152Z-8adcb79,0218846da4b6,4c37252a5d56,0218846da4b6-066,66,0,1,12,107,53,0.27
20261001T111152Z-8adcb79,0218846da4b6,4c37252a5d56,0218846da4b6-067,67,0,0,,72,52,0.33
20261001T111152Z-8adcb79,0218846da4b6,4c37252a5d56,0218846da4b6-068,68,0,1,,25,51,0.32
20261001T111152Z-8adcb79,0218846da4b6,4c37252a5d56,0218846da4b6-069,69,0,1,50,26,50,0.45
20261001T111152Z-8adcb79,0218846da4b6,4c37252a5d56,0218846da4b6-070,70,0,1,49,57,49,0.34
20261001T111152Z-8adcb79,0218846da4b6,4c37252a5d56,0218846da4b6-071,71,0,1,48,55,48,0.27
20261001T111152Z-8adcb79,0218846da4b6,4c37252a5d56,0218846da4b6-072,72,0,1,11,17,47,0.35
20261001T111152Z-8adcb79,0218846da4b6,4c37252a5d56,0218846da4b6-073,73,0,1,,28,46,0.34
20261001T111152Z-8adcb79,0218846da4b6,4c37252a5d56,0218846da4b6-074,74,0,0,,65,45,0.43
20261001T111152Z-8adcb79,0218846da4b6,4c37252a5d56,0218846da4b6-075,75,0,1,47,51,44,0.34
20261001T111152Z-8adcb79,0218846da4b6,4c37252a5d56,0218846da4b6-076,76,0,1,,81,43,0.23
20261001T111152Z-8adcb79,0218846da4b6,4c37252a5d56,0218846da4b6-077,77,0,1,,74,42,0.35
20261001T111152Z-8adcb79,0218846da4b6,4c37252a5d56,0218846da4b6-078,78,0,1,46,112,41,0.33
20261001T111152Z-8adcb79,0218846da4b6,4c37252a5d56,0218846da4b6-079,79,0,1,45,73,40,0.4
20261001T111152Z-8adcb79,0218846da4b6,4c37252a5d56,0218846da4b6-080,80,0,0,,101,39,0.25
20261001T111152Z-8adcb79,0218846da4b6,4c37252a5d56,0218846da4b6-081,81,0,0,,56,38,0.28
20261001T111152Z-8adcb79,0218846da4b6,4c37252a5d56,0218846da4b6-082,82,0,1,44,75,37,0.34
20261001T111152Z-8adcb79,0218846da4b6,4c37252a5d56,0218846da4b6-083,83,0,1,,10,36,0.34
20261001T111152Z-8adcb79,0218846da4b6,4c37252a5d56,0218846da4b6-084,84,0,1,10,42,35,0.37
20261001T111152Z-8adcb79,0218846da4b6,4c37252a5d56,0218846da4b6-085,85,0,1,,71,34,0.28
20261001T111152Z-8adcb79,0218846da4b6,4c37252a5d56,0218846da4b6-086,86,0,1,43,118,33,0.37
20261001T111152Z-8adcb79,0218846da4b6,4c37252a5d56,0218846da4b6-087,87,0,1,42,38,32,0.31
20261001T111152Z-8adcb79,0218846da4b6,4c37252a5d56,0218846da4b6-088,88,0,1,41,18,31,0.46
20261001T111152Z-8adcb79,0218846da4b6,4c37252a5d56,0218846da4b6-089,89,0,1,40,105,30,0.27
20261001T111152Z-8adcb79,0218846da4b6,4c37252a5d56,0218846da4b6-090,90,0,1,39,93,29,0.34
20261001T111152Z-8adcb79,0218846da4b6,4c37252a5d56,0218846da4b6-091,91,0,1,38,98,28,0.33
20261001T111152Z-8adcb79,0218846da4b6,4c37252a5d56,0218846da4b6-092,92,0,1,37,104,27,0.31
20261001T111152Z-8adcb79,0218846da4b6,4c37252a5d56,0218846da4b6-093,93,0,1,,66,26,0.34
20261001T111152Z-8adcb79,0218846da4b6,4c37252a5d56,0218846da4b6-094,94,0,0,,97,25,0.4
20261001T111152Z-8adcb79,0218846da4b6,4c37252a5d56,0218846da4b6-095,95,0,1,36,87,24,0.36
20261001T111152Z-8adcb79,0218846da4b6,4c37252a5d56,0218846da4b6-096,96,0,1,,84,23,0.27
20261001T111152Z-8adcb79,0218846da4b6,4c37252a5d56,0218846da4b6-097,97,0,1,,106,22,0.27
20261001T111152Z-8adcb79,0218846da4b6,4c37252a5d56,0218846da4b6-098,98,0,1,35,103,21,0.39
20261001T111152Z-8adcb79,0218846da4b6,4c37252a5d56,0218846da4b6-099,99,0,1,34,52,20,0.38
20261001T111152Z-8adcb79,0218846da4b6,4c37252a5d56,0218846da4b6-100,100,1,1,33,50,19,0.51
20261001T111152Z-8adcb79,0218846da4b6,4c37252a5d56,0218846da4b6-101,101,0,1,3,92,18,0.45
20261001T111152Z-8adcb79,0218846da4b6,4c37252a5d56,0218846da4b6-102,102,1,1,7,3,17,0.68
20261001T111152Z-8adcb79,0218846da4b6,4c37252a5d56,0218846da4b6-103,103,0,1,,9,16,0.41
20261001T111152Z-8adcb79,0218846da4b6,4c37252a5d56,0218846da4b6-104,104,0,1,,117,15,0.29
20261001T111152Z-8adcb79,0218846da4b6,4c37252a5d56,0218846da4b6-105,105,0,1,32,70,14,0.44
20261001T111152Z-8adcb79,0218846da4b6,4c37252a5d56,0218846da4b6-106,106,0,1,,95,13,0.37
20261001T111152Z-8adcb79,0218846da4b6,4c37252a5d56,0218846da4b6-107,107,0,1,31,45,12,0.35
20261001T111152Z-8adcb79,0218846da4b6,4c37252a5d56,0218846da4b6-108,108,0,1,6,108,11,0.35
20261001T111152Z-8adcb79,0218846da4b6,4c37252a5d56,0218846da4b6-109,109,0,1,9,90,10,0.39
20261001T111152Z-8adcb79,0218846da4b6,4c37252a5d56,0218846da4b6-110,110,0,1,30,88,9,0.43
20261001T111152Z-8adcb79,0218846da4b6,4c37252a5d56,0218846da4b6-111,111,1,1,29,8,8,0.66
20261001T111152Z-8adcb79,0218846da4b6,4c37252a5d56,0218846da4b6-112,112,0,1,28,4,7,0.39
20261001T111152Z-8adcb79,0218846da4b6,4c37252a5d56,0218846da4b6-113,113,0,1,5,19,6,0.36
20261001T111152Z-8adcb79,0218846da4b6,4c37252a5d56,0218846da4b6-114,114,0,1,27,23,5,0.47
20261001T111152Z-8adcb79,0218846da4b6,4c37252a5d56,0218846da4b6-115,115,0,1,2,78,4,0.46
20261001T111152Z-8adcb79,0218846da4b6,4c37252a5d56,0218846da4b6-116,116,0,1,26,63,3,0.39
20261001T111152Z-8adcb79,0218846da4b6,4c37252a5d56,0218846da4b6-117,117,0,1,1,99,2,0.45
20261001T111152Z-8adcb79,0218846da4b6,4c37252a5d56,0218846da4b6-118,118,0,1,4,53,1,0.42
20261001T111152Z-8adcb79,0ae77e6c575a,15f7597c78de,0ae77e6c575a-001,1,0,0,,95,110,0.21
20261001T111152Z-8adcb79,0ae77e6c575a,15f7597c78de,0ae77e6c575a-002,2,0,0,,15,109,0.26
20261001T111152Z-8adcb79,0ae77e6c575a,15f7597c78de,0ae77e6c575a-003,3,0,0,,,108,0.29
20261001T111152Z-8adcb79,0ae77e6c575a,15f7597c78de,0ae77e6c575a-004,4,0,0,,37,107,0.34
20261001T111152Z-8adcb79,0ae77e6c575a,15f7597c78de,0ae77e6c575a-005,5,0,0,,70,106,0.34
20261001T111152Z-8adcb79,0ae77e6c575a,15f7597c78de,0ae77e6c575a-006,6,0,1,82,73,105,0.26
20261001T111152Z-8adcb79,0ae77e6c575a,15f7597c78de,0ae77e6c575a-007,7,0,1,81,93,104,0.29
20261001T111152Z-8adcb79,0ae77e6c575a,15f7597c78de,0ae77e6c575a-008,8,0,1,80,96,103,0.31
20261001T111152Z-8adcb79,0ae77e6c575a,15f7597c78de,0ae77e6c575a-009,9,0,1,,78,102,0.35
20261001T111152Z-8adcb79,0ae77e6c575a,15f7597c78de,0ae77e6c575a-010,10,0,1,,54,101,0.32
20261001T111152Z-8adcb79,0ae77e6c575a,15f7597c78de,0ae77e6c575a-011,11,0,0,,42,100,0.23
20261001T111152Z-8adcb79,0ae77e6c575a,15f7597c78de,0ae77e6c575a-012,12,0,0,,39,99,0.3
20261001T111152Z-8adcb79,0ae77e6c575a,15f7597c78de,0ae77e6c575a-013,13,0,1,,74,98,0.35
20261001T111152Z-8adcb79,0ae77e6c575a,15f7597c78de,0ae77e6c575a-014,14,1,1,43,31,97,0.53
20261001T111152Z-8adcb79,0ae77e6c575a,15f7597c78de,0ae77e6c575a-015,15,0,1,,72,96,0.21
20261001T111152Z-8adcb79,0ae77e6c575a,15f7597c78de,0ae77e6c575a-016,16,1,1,30,48,95,0.67
20261001T111152Z-8adcb79,0ae77e6c575a,15f7597c78de,0ae77e6c575a-017,17,1,1,42,58,94,0.66
20261001T111152Z-8adcb79,0ae77e6c575a,15f7597c78de,0ae77e6c575a-018,18,1,1,23,52,93,0.5
20261001T111152Z-8adcb79,0ae77e6c575a,15f7597c78de,0ae77e6c575a-019,19,0,1,,,92,0.17
20261001T111152Z-8adcb79,0ae77e6c575a,15f7597c78de,0ae77e6c575a-020,20,0,1,79,82,91,0.24
20261001T111152Z-8adcb79,0ae77e6c575a,15f7597c78de,0ae77e6c575a-021,21,0,1,,,90,0.17
20261001T111152Z-8adcb79,0ae77e6c575a,15f7597c78de,0ae77e6c575a-022,22,0,1,78,94,89,0.25
20261001T111152Z-8adcb79,0ae77e6c575a,15f7597c78de,0ae77e6c575a-023,23,0,1,,,88,0.17
20261001T111152Z-8adcb79,0ae77e6c575a,15f7597c78de,0ae77e6c575a-024,24,0,1,41,41,87,0.31
20261001T111152Z-8adcb79,0ae77e6c575a,15f7597c78de,0ae77e6c575a-025,25,1,1,22,89,86,0.56
20261001T111152Z-8adcb79,0ae77e6c575a,15f7597c78de,0ae77e6c575a-026,26,1,1,40,57,85,0.54
20261001T111152Z-8adcb79,0ae77e6c575a,15f7597c78de,0ae77e6c575a-027,27,0,1,,84,84,0.26
20261001T111152Z-8adcb79,0ae77e6c575a,15f7597c78de,0ae77e6c575a-028,28,0,1,39,50,83,0.37
20261001T111152Z-8adcb79,0ae77e6c575a,15f7597c78de,0ae77e6c575a-029,29,0,0,,71,82,0.37
20261001T111152Z-8adcb79,0ae77e6c575a,15f7597c78de,0ae77e6c575a-030,30,0,0,,92,81,0.16
20261001T111152Z-8adcb79,0ae77e6c575a,15f7597c78de,0ae77e6c575a-031,31,0,1,29,83,80,0.39
20261001T111152Z-8adcb79,0ae77e6c575a,15f7597c78de,0ae77e6c575a-032,32,0,1,9,43,79,0.29
20261001T111152Z-8adcb79,0ae77e6c575a,15f7597c78de,0ae77e6c575a-033,33,0,1,,77,78,0.27
20261001T111152Z-8adcb79,0ae77e6c575a,15f7597c78de,0ae77e6c575a-034,34,0,1,77,38,77,0.25
20261001T111152Z-8adcb79,0ae77e6c575a,15f7597c78de,0ae77e6c575a-035,35,1,1,28,17,76,0.53
20261001T111152Z-8adcb79,0ae77e6c575a,15f7597c78de,0ae77e6c575a-036,36,0,0,,97,75,0.22
20261001T111152Z-8adcb79,0ae77e6c575a,15f7597c78de,0ae77e6c575a-037,37,0,0,,68,74,0.2
20261001T111152Z-8adcb79,0ae77e6c575a,15f7597c78de,0ae77e6c575a-038,38,0,0,,,73,0.25
20261001T111152Z-8adcb79,0ae77e6c575a,15f7597c78de,0ae77e6c575a-039,39,0,0,,44,72,0.18
20261001T111152Z-8adcb79,0ae77e6c575a,15f7597c78de,0ae77e6c575a-040,40,0,1,13,14,71,0.49
20261001T111152Z-8adcb79,0ae77e6c575a,15f7597c78de,0ae77e6c575a-041,41,0,1,38,13,70,0.36
20261001T111152Z-8adcb79,0ae77e6c575a,15f7597c78de,0ae77e6c575a-042,42,0,0,,,69,0.27
20261001T111152Z-8adcb79,0ae77e6c575a,15f7597c78de,0ae77e6c575a-043,43,0,0,,,68,0.37
20261001T111152Z-8adcb79,0ae77e6c575a,15f7597c78de,0ae77e6c575a-044,44,0,1,27,85,67,0.43
20261001T111152Z-8adcb79,0ae77e6c575a,15f7597c78de,0ae77e6c575a-045,45,0,1,37,76,66,0.36
20261001T111152Z-8adcb79,0ae77e6c575a,15f7597c78de,0ae77e6c575a-046,46,0,0,,,65,0.42
20261001T111152Z-8adcb79,0ae77e6c575a,15f7597c78de,0ae77e6c575a-047,47,1,0,,,64,0.5
20261001T111152Z-8adcb79,0ae77e6c575a,15f7597c78de,0ae77e6c575a-048,48,0,1,8,29,63,0.38
20261001T111152Z-8adcb79,0ae77e6c575a,15f7597c78de,0ae77e6c575a-049,49,0,1,12,35,62,0.25
20261001T111152Z-8adcb79,0ae77e6c575a,15f7597c78de,0ae77e6c575a-050,50,0,1,11,79,61,0.39
20261001T111152Z-8adcb79,0ae77e6c575a,15f7597c78de,0ae77e6c575a-051,51,1,1,76,26,60,0.66
20261001T111152Z-8adcb79,0ae77e6c575a,15f7597c78de,0ae77e6c575a-052,52,1,1,26,8,59,0.66
20261001T111152Z-8adcb79,0ae77e6c575a,15f7597c78de,0ae77e6c575a-053,53,0,1,75,40,58,0.36
20261001T111152Z-8adcb79,0ae77e6c575a,15f7597c78de,0ae77e6c575a-054,54,0,1,21,62,57,0.38
20261001T111152Z-8adcb79,0ae77e6c575a,15f7597c78de,0ae77e6c575a-055,55,0,1,74,64,56,0.32
20261001T111152Z-8adcb79,0ae77e6c575a,15f7597c78de,0ae77e6c575a-056,56,0,1,73,34,55,0.41
20261001T111152Z-8adcb79,0ae77e6c575a,15f7597c78de,0ae77e6c575a-057,57,1,1,72,22,54,0.59
20261001T111152Z-8adcb79,0ae77e6c575a,15f7597c78de,0ae77e6c575a-058,58,1,1,36,32,53,0.52
20261001T111152Z-8adcb79,0ae77e6c575a,15f7597c78de,0ae77e6c575a-059,59,1,1,25,28,52,0.59
20261001T111152Z-8adcb79,0ae77e6c575a,15f7597c78de,0ae77e6c575a-060,60,0,1,35,46,51,0.32
20261001T111152Z-8adcb79,0ae77e6c575a,15f7597c78de,0ae77e6c575a-061,61,0,1,34,81,50,0.29
20261001T111152Z-8adcb79,0ae77e6c575a,15f7597c78de,0ae77e6c575a-062,62,0,1,71,30,49,0.46
20261001T111152Z-8adcb79,0ae77e6c575a,15f7597c78de,0ae77e6c575a-063,63,0,1,17,55,48,0.27
20261001T111152Z-8adcb79,0ae77e6c575a,15f7597c78de,0ae77e6c575a-064,64,1,1,70,9,47,0.5
20261001T111152Z-8adcb79,0ae77e6c575a,15f7597c78de,0ae77e6c575a-065,65,1,1,69,4,46,0.51
20261001T111152Z-8adcb79,0ae77e6c575a,15f7597c78de,0ae77e6c575a-066,66,1,1,68,19,45,0.51
20261001T111152Z-8adcb79,0ae77e6c575a,15f7597c78de,0ae77e6c575a-067,67,1,1,67,7,44,0.5
20261001T111152Z-8adcb79,0ae77e6c575a,15f7597c78de,0ae77e6c575a-068,68,1,1,66,1,43,0.52
20261001T111152Z-8adcb79,0ae77e6c575a,15f7597c78de,0ae77e6c575a-069,69,0,1,65,5,42,0.45
20261001T111152Z-8adcb79,0ae77e6c575a,15f7597c78de,0ae77e6c575a-070,70,0,1,64,12,41,0.46
20261001T111152Z-8adcb79,0ae77e6c575a,15f7597c78de,0ae77e6c575a-071,71,0,1,63,16,40,0.42
20261001T111152Z-8adcb79,0ae77e6c575a,15f7597c78de,0ae77e6c575a-072,72,0,1,62,24,39,0.39
20261001T111152Z-8adcb79,0ae77e6c575a,15f7597c78de,0ae77e6c575a-073,73,0,1,61,25,38,0.41
20261001T111152Z-8adcb79,0ae77e6c575a,15f7597c78de,0ae77e6c575a-074,74,0,1,60,2,37,0.49
20261001T111152Z-8adcb79,0ae77e6c575a,15f7597c78de,0ae77e6c575a-075,75,1,1,59,47,36,0.53
20261001T111152Z-8adcb79,0ae77e6c575a,15f7597c78de,0ae77e6c575a-076,76,0,1,58,49,35,0.42
20261001T111152Z-8adcb79,0ae77e6c575a,15f7597c78de,0ae77e6c575a-077,77,1,1,57,10,34,0.53
20261001T111152Z-8adcb79,0ae77e6c575a,15f7597c78de,0ae77e6c575a-078,78,0,1,56,27,33,0.42
20261001T111152Z-8adcb79,0ae77e6c575a,15f7597c78de,0ae77e6c575a-079,79,0,1,55,21,32,0.38
20261001T111152Z-8adcb79,0ae77e6c575a,15f7597c78de,0ae77e6c575a-080,80,0,1,54,65,31,0.37
20261001T111152Z-8adcb79,0ae77e6c575a,15f7597c78de,0ae77e6c575a-081,81,0,1,53,33,30,0.44
20261001T111152Z-8adcb79,0ae77e6c575a,15f7597c78de,0ae77e6c575a-082,82,0,1,52,75,29,0.33
20261001T111152Z-8adcb79,0ae77e6c575a,15f7597c78de,0ae77e6c575a-083,83,0,1,51,20,28,0.34
20261001T111152Z-8adcb79,0ae77e6c575a,15f7597c78de,0ae77e6c575a-084,84,0,1,50,45,27,0.46
20261001T111152Z-8adcb79,0ae77e6c575a,15f7597c78de,0ae77e6c575a-085,85,0,1,49,61,26,0.34
20261001T111152Z-8adcb79,0ae77e6c575a,15f7597c78de,0ae77e6c575a-086,86,0,1,48,67,25,0.29
20261001T111152Z-8adcb79,0ae77e6c575a,15f7597c78de,0ae77e6c575a-087,87,0,1,47,59,24,0.34
20261001T111152Z-8adcb79,0ae77e6c575a,15f7597c78de,0ae77e6c575a-088,88,1,1,46,3,23,0.53
20261001T111152Z-8adcb79,0ae77e6c575a,15f7597c78de,0ae77e6c575a-089,89,0,1,45,51,22,0.45
20261001T111152Z-8adcb79,0ae77e6c575a,15f7597c78de,0ae77e6c575a-090,90,0,1,44,86,21,0.46
20261001T111152Z-8adcb79,0ae77e6c575a,15f7597c78de,0ae77e6c575a-091,91,0,1,16,90,20,0.36
20261001T111152Z-8adcb79,0ae77e6c575a,15f7597c78de,0ae77e6c575a-092,92,0,1,10,66,19,0.42
20261001T111152Z-8adcb79,0ae77e6c575a,15f7597c78de,0ae77e6c575a-093,93,1,1,6,6,18,0.52
20261001T111152Z-8adcb79,0ae77e6c575a,15f7597c78de,0ae77e6c575a-094,94,0,1,20,80,17,0.37
20261001T111152Z-8adcb79,0ae77e6c575a,15f7597c78de,0ae77e6c575a-095,95,0,1,19,91,16,0.37
20261001T111152Z-8adcb79,0ae77e6c575a,15f7597c78de,0ae77e6c575a-096,96,0,1,33,87,15,0.29
20261001T111152Z-8adcb79,0ae77e6c575a,15f7597c78de,0ae77e6c575a-097,97,0,1,3,,14,0.35
20261001T111152Z-8adcb79,0ae77e6c575a,15f7597c78de,0ae77e6c575a-098,98,0,1,1,,13,0.32
20261001T111152Z-8adcb79,0ae77e6c575a,15f7597c78de,0ae77e6c575a-099,99,0,1,18,36,12,0.46
20261001T111152Z-8adcb79,0ae77e6c575a,15f7597c78de,0ae77e6c575a-100,100,0,1,5,60,11,0.3
20261001T111152Z-8adcb79,0ae77e6c575a,15f7597c78de,0ae77e6c575a-101,101,0,1,24,63,10,0.31
20261001T111152Z-8adcb79,0ae77e6c575a,15f7597c78de,0ae77e6c575a-102,102,0,1,4,69,9,0.36
20261001T111152Z-8adcb79,0ae77e6c575a,15f7597c78de,0ae77e6c575a-103,103,0,0,,,8,0.41
20261001T111152Z-8adcb79,0ae77e6c575a,15f7597c78de,0ae77e6c575a-104,104,0,0,,,7,0.41
20261001T111152Z-8adcb79,0ae77e6c575a,15f7597c78de,0ae77e6c575a-105,105,0,1,32,88,6,0.34
20261001T111152Z-8adcb79,0ae77e6c575a,15f7597c78de,0ae77e6c575a-106,106,1,1,31,56,5,0.63
20261001T111152Z-8adcb79,0ae77e6c575a,15f7597c78de,0ae77e6c575a-107,107,0,1,15,53,4,0.47
20261001T111152Z-8adcb79,0ae77e6c575a,15f7597c78de,0ae77e6c575a-108,108,0,1,2,11,3,0.37
20261001T111152Z-8adcb79,0ae77e6c575a,15f7597c78de,0ae77e6c575a-109,109,0,1,14,18,2,0.38
20261001T111152Z-8adcb79,0ae77e6c575a,15f7597c78de,0ae77e6c575a-110,110,0,1,7,23,1,0.34
20261001T111152Z-8adcb79,118cee11c9c9,3891295cfcc1,118cee11c9c9-001,1,0,1,12,66,72,0.34
20261001T111152Z-8adcb79,118cee11c9c9,3891295cfcc1,118cee11c9c9-002,2,0,1,44,70,71,0.25
20261001T111152Z-8adcb79,118cee11c9c9,3891295cfcc1,118cee11c9c9-003,3,0,1,27,61,70,0.26
20261001T111152Z-8adcb79,118cee11c9c9,3891295cfcc1,118cee11c9c9-004,4,0,1,57,68,69,0.38
20261001T111152Z-8adcb79,118cee11c9c9,3891295cfcc1,118cee11c9c9-005,5,0,0,,15,68,0.21
20261001T111152Z-8adcb79,118cee11c9c9,3891295cfcc1,118cee11c9c9-006,6,0,0,,17,67,0.23
20261001T111152Z-8adcb79,118cee11c9c9,3891295cfcc1,118cee11c9c9-007,7,0,0,,13,66,0.2
20261001T111152Z-8adcb79,118cee11c9c9,3891295cfcc1,118cee11c9c9-008,8,0,0,,8,65,0.21
20261001T111152Z-8adcb79,118cee11c9c9,3891295cfcc1,118cee11c9c9-009,9,0,0,,30,64,0.28
20261001T111152Z-8adcb79,118cee11c9c9,3891295cfcc1,118cee11c9c9-010,10,0,0,,62,63,0.18
20261001T111152Z-8adcb79,118cee11c9c9,3891295cfcc1,118cee11c9c9-011,11,0,0,,14,62,0.22
20261001T111152Z-8adcb79,118cee11c9c9,3891295cfcc1,118cee11c9c9-012,12,0,0,,57,61,0.18
20261001T111152Z-8adcb79,118cee11c9c9,3891295cfcc1,118cee11c9c9-013,13,0,0,,65,60,0.18
20261001T111152Z-8adcb79,118cee11c9c9,3891295cfcc1,118cee11c9c9-014,14,0,0,,32,59,0.23
20261001T111152Z-8adcb79,118cee11c9c9,3891295cfcc1,118cee11c9c9-015,15,0,0,,58,58,0.24
20261001T111152Z-8adcb79,118cee11c9c9,3891295cfcc1,118cee11c9c9-016,16,0,1,43,60,57,0.21
20261001T111152Z-8adcb79,118cee11c9c9,3891295cfcc1,118cee11c9c9-017,17,0,1,42,31,56,0.26
20261001T111152Z-8adcb79,118cee11c9c9,3891295cfcc1,118cee11c9c9-018,18,0,1,7,2,55,0.26
20261001T111152Z-8adcb79,118cee11c9c9,3891295cfcc1,118cee11c9c9-019,19,0,1,2,22,54,0.2
20261001T111152Z-8adcb79,118cee11c9c9,3891295cfcc1,118cee11c9c9-020,20,0,1,10,35,53,0.2
20261001T111152Z-8adcb79,118cee11c9c9,3891295cfcc1,118cee11c9c9-021,21,0,1,56,49,52,0.2
20261001T111152Z-8adcb79,118cee11c9c9,3891295cfcc1,118cee11c9c9-022,22,0,0,,72,51,0.24
20261001T111152Z-8adcb79,118cee11c9c9,3891295cfcc1,118cee11c9c9-023,23,0,1,6,33,50,0.26
20261001T111152Z-8adcb79,118cee11c9c9,3891295cfcc1,118cee11c9c9-024,24,0,1,22,42,49,0.24
20261001T111152Z-8adcb79,118cee11c9c9,3891295cfcc1,118cee11c9c9-025,25,0,1,55,64,48,0.28
20261001T111152Z-8adcb79,118cee11c9c9,3891295cfcc1,118cee11c9c9-026,26,0,1,54,53,47,0.22
20261001T111152Z-8adcb79,118cee11c9c9,3891295cfcc1,118cee11c9c9-027,27,0,1,26,39,46,0.29
20261001T111152Z-8adcb79,118cee11c9c9,3891295cfcc1,118cee11c9c9-028,28,0,1,34,24,45,0.28
20261001T111152Z-8adcb79,118cee11c9c9,3891295cfcc1,118cee11c9c9-029,29,0,0,,54,44,0.29
20261001T111152Z-8adcb79,118cee11c9c9,3891295cfcc1,118cee11c9c9-030,30,0,0,,52,43,0.19
20261001T111152Z-8adcb79,118cee11c9c9,3891295cfcc1,118cee11c9c9-031,31,0,1,33,38,42,0.23
20261001T111152Z-8adcb79,118cee11c9c9,3891295cfcc1,118cee11c9c9-032,32,0,1,53,23,41,0.25
20261001T111152Z-8adcb79,118cee11c9c9,3891295cfcc1,118cee11c9c9-033,33,0,1,21,11,40,0.24
20261001T111152Z-8adcb79,118cee11c9c9,3891295cfcc1,118cee11c9c9-034,34,0,1,20,10,39,0.24
20261001T111152Z-8adcb79,118cee11c9c9,3891295cfcc1,118cee11c9c9-035,35,0,1,52,25,38,0.32
20261001T111152Z-8adcb79,118cee11c9c9,3891295cfcc1,118cee11c9c9-036,36,0,1,19,26,37,0.25
20261001T111152Z-8adcb79,118cee11c9c9,3891295cfcc1,118cee11c9c9-037,37,0,1,9,46,36,0.22
20261001T111152Z-8adcb79,118cee11c9c9,3891295cfcc1,118cee11c9c9-038,38,0,1,15,69,35,0.26
20261001T111152Z-8adcb79,118cee11c9c9,3891295cfcc1,118cee11c9c9-039,39,0,1,8,12,34,0.24
20261001T111152Z-8adcb79,118cee11c9c9,3891295cfcc1,118cee11c9c9-040,40,0,1,18,47,33,0.22
20261001T111152Z-8adcb79,118cee11c9c9,3891295cfcc1,118cee11c9c9-041,41,0,1,41,20,32,0.22
20261001T111152Z-8adcb79,118cee11c9c9,3891295cfcc1,118cee11c9c9-042,42,0,1,14,40,31,0.23
20261001T111152Z-8adcb79,118cee11c9c9,3891295cfcc1,118cee11c9c9-043,43,0,1,17,37,30,0.27
20261001T111152Z-8adcb79,118cee11c9c9,3891295cfcc1,118cee11c9c9-044,44,0,1,16,19,29,0.39
20261001T111152Z-8adcb79,118cee11c9c9,3891295cfcc1,118cee11c9c9-045,45,0,1,4,6,28,0.28
20261001T111152Z-8adcb79,118cee11c9c9,3891295cfcc1,118cee11c9c9-046,46,0,1,51,67,27,0.19
20261001T111152Z-8adcb79,118cee11c9c9,3891295cfcc1,118cee11c9c9-047,47,0,1,40,29,26,0.22
20261001T111152Z-8adcb79,118cee11c9c9,3891295cfcc1,118cee11c9c9-048,48,0,1,32,50,25,0.33
20261001T111152Z-8adcb79,118cee11c9c9,3891295cfcc1,118cee11c9c9-049,49,0,1,31,56,24,0.21
20261001T111152Z-8adcb79,118cee11c9c9,3891295cfcc1,118cee11c9c9-050,50,0,1,25,18,23,0.27
20261001T111152Z-8adcb79,118cee11c9c9,3891295cfcc1,118cee11c9c9-051,51,0,1,50,59,22,0.22
20261001T111152Z-8adcb79,118cee11c9c9,3891295cfcc1,118cee11c9c9-052,52,0,1,13,63,21,0.24
20261001T111152Z-8adcb79,118cee11c9c9,3891295cfcc1,118cee11c9c9-053,53,0,1,30,48,20,0.3
20261001T111152Z-8adcb79,118cee11c9c9,3891295cfcc1,118cee11c9c9-054,54,0,1,11,9,19,0.22
20261001T111152Z-8adcb79,118cee11c9c9,3891295cfcc1,118cee11c9c9-055,55,0,1,39,41,18,0.22
20261001T111152Z-8adcb79,118cee11c9c9,3891295cfcc1,118cee11c9c9-056,56,0,1,38,21,17,0.32
20261001T111152Z-8adcb79,118cee11c9c9,3891295cfcc1,118cee11c9c9-057,57,0,1,37,5,16,0.31
20261001T111152Z-8adcb79,118cee11c9c9,3891295cfcc1,118cee11c9c9-058,58,0,1,29,45,15,0.31
20261001T111152Z-8adcb79,118cee11c9c9,3891295cfcc1,118cee11c9c9-059,59,0,1,49,55,14,0.31
20261001T111152Z-8adcb79,118cee11c9c9,3891295cfcc1,118cee11c9c9-060,60,0,1,48,16,13,0.29
20261001T111152Z-8adcb79,118cee11c9c9,3891295cfcc1,118cee11c9c9-061,61,0,1,36,44,12,0.31
20261001T111152Z-8adcb79,118cee11c9c9,3891295cfcc1,118cee11c9c9-062,62,0,1,24,43,11,0.23
20261001T111152Z-8adcb79,118cee11c9c9,3891295cfcc1,118cee11c9c9-063,63,0,1,28,7,10,0.3
20261001T111152Z-8adcb79,118cee11c9c9,3891295cfcc1,118cee11c9c9-064,64,0,1,23,27,9,0.34
20261001T111152Z-8adcb79,118cee11c9c9,3891295cfcc1,118cee11c9c9-065,65,0,1,47,71,8,0.24
20261001T111152Z-8adcb79,118cee11c9c9,3891295cfcc1,118cee11c9c9-066,66,0,1,1,1,7,0.25
20261001T111152Z-8adcb79,118cee11c9c9,3891295cfcc1,118cee11c9c9-067,67,0,1,46,36,6,0.36
20261001T111152Z-8adcb79,118cee11c9c9,3891295cfcc1,118cee11c9c9-068,68,0,1,45,28,5,0.29
20261001T111152Z-8adcb79,118cee11c9c9,3891295cfcc1,118cee11c9c9-069,69,0,1,5,3,4,0.25
20261001T111152Z-8adcb79,118cee11c9c9,3891295cfcc1,118cee11c9c9-070,70,0,1,3,4,3,0.27
20261001T111152Z-8adcb79,118cee11c9c9,3891295cfcc1,118cee11c9c9-071,71,0,1,35,34,2,0.34
20261001T111152Z-8adcb79,118cee11c9c9,3891295cfcc1,118cee11c9c9-072,72,1,0,,51,1,0.63
20261001T111152Z-8adcb79,180267dd5fcd,d1a4b481f07f,180267dd5fcd-001,1,0,1,119,42,150,0.21
20261001T111152Z-8adcb79,180267dd5fcd,d1a4b481f07f,180267dd5fcd-002,2,0,1,,79,149,0.17
20261001T111152Z-8adcb79,180267dd5fcd,d1a4b481f07f,180267dd5fcd-003,3,0,1,118,113,148,0.2
20261001T111152Z-8adcb79,180267dd5fcd,d1a4b481f07f,180267dd5fcd-004,4,0,1,133,44,147,0.13
20261001T111152Z-8adcb79,180267dd5fcd,d1a4b481f07f,180267dd5fcd-005,5,0,1,117,67,146,0.19
20261001T111152Z-8adcb79,180267dd5fcd,d1a4b481f07f,180267dd5fcd-006,6,0,1,96,121,145,0.24
20261001T111152Z-8adcb79,180267dd5fcd,d1a4b481f07f,180267dd5fcd-007,7,0,1,95,93,144,0.16
20261001T111152Z-8adcb79,180267dd5fcd,d1a4b481f07f,180267dd5fcd-008,8,0,1,132,63,143,0.15
20261001T111152Z-8adcb79,180267dd5fcd,d1a4b481f07f,180267dd5fcd-009,9,0,1,131,34,142,0.11
20261001T111152Z-8adcb79,180267dd5fcd,d1a4b481f07f,180267dd5fcd-010,10,0,1,62,128,141,0.16
20261001T111152Z-8adcb79,180267dd5fcd,d1a4b481f07f,180267dd5fcd-011,11,0,1,,105,140,0.17
20261001T111152Z-8adcb79,180267dd5fcd,d1a4b481f07f,180267dd5fcd-012,12,0,1,,90,139,0.12
20261001T111152Z-8adcb79,180267dd5fcd,d1a4b481f07f,180267dd5fcd-013,13,0,1,79,59,138,0.18
20261001T111152Z-8adcb79,180267dd5fcd,d1a4b481f07f,180267dd5fcd-014,14,0,1,130,138,137,0.09
20261001T111152Z-8adcb79,180267dd5fcd,d1a4b481f07f,180267dd5fcd-015,15,0,1,,43,136,0.1
20261001T111152Z-8adcb79,180267dd5fcd,d1a4b481f07f,180267dd5fcd-016,16,0,1,,136,135,0.11
20261001T111152Z-8adcb79,180267dd5fcd,d1a4b481f07f,180267dd5fcd-017,17,0,1,116,101,134,0.09
20261001T111152Z-8adcb79,180267dd5fcd,d1a4b481f07f,180267dd5fcd-018,18,0,1,,141,133,0.13
20261001T111152Z-8adcb79,180267dd5fcd,d1a4b481f07f,180267dd5fcd-019,19,0,1,115,84,132,0.1
20261001T111152Z-8adcb79,180267dd5fcd,d1a4b481f07f,180267dd5fcd-020,20,0,1,,140,131,0.1
20261001T111152Z-8adcb79,180267dd5fcd,d1a4b481f07f,180267dd5fcd-021,21,0,1,,149,130,0.11
20261001T111152Z-8adcb79,180267dd5fcd,d1a4b481f07f,180267dd5fcd-022,22,0,1,129,132,129,0.13
20261001T111152Z-8adcb79,180267dd5fcd,d1a4b481f07f,180267dd5fcd-023,23,0,1,94,70,128,0.39
20261001T111152Z-8adcb79,180267dd5fcd,d1a4b481f07f,180267dd5fcd-024,24,0,1,93,49,127,0.11
20261001T111152Z-8adcb79,180267dd5fcd,d1a4b481f07f,180267dd5fcd-025,25,0,1,,96,126,0.17
20261001T111152Z-8adcb79,180267dd5fcd,d1a4b481f07f,180267dd5fcd-026,26,0,0,,23,125,0.45
20261001T111152Z-8adcb79,180267dd5fcd,d1a4b481f07f,180267dd5fcd-027,27,0,1,114,9,124,0.38
20261001T111152Z-8adcb79,180267dd5fcd,d1a4b481f07f,180267dd5fcd-028,28,0,0,,12,123,0.33
20261001T111152Z-8adcb79,180267dd5fcd,d1a4b481f07f,180267dd5fcd-029,29,1,1,113,130,122,0.54
20261001T111152Z-8adcb79,180267dd5fcd,d1a4b481f07f,180267dd5fcd-030,30,0,1,112,30,121,0.32
20261001T111152Z-8adcb79,180267dd5fcd,d1a4b481f07f,180267dd5fcd-031,31,0,1,,150,120,0.28
20261001T111152Z-8adcb79,180267dd5fcd,d1a4b481f07f,180267dd5fcd-032,32,0,1,,10,119,0.12
20261001T111152Z-8adcb79,180267dd5fcd,d1a4b481f07f,180267dd5fcd-033,33,0,1,111,100,118,0.19
20261001T111152Z-8adcb79,180267dd5fcd,d1a4b481f07f,180267dd5fcd-034,34,0,1,30,78,117,0.16
20261001T111152Z-8adcb79,180267dd5fcd,d1a4b481f07f,180267dd5fcd-035,35,0,1,110,83,116,0.15
20261001T111152Z-8adcb79,180267dd5fcd,d1a4b481f07f,180267dd5fcd-036,36,0,1,78,55,115,0.19
20261001T111152Z-8adcb79,180267dd5fcd,d1a4b481f07f,180267dd5fcd-037,37,0,1,,120,114,0.11
20261001T111152Z-8adcb79,180267dd5fcd,d1a4b481f07f,180267dd5fcd-038,38,0,1,77,108,113,0.21
20261001T111152Z-8adcb79,180267dd5fcd,d1a4b481f07f,180267dd5fcd-039,39,0,1,29,117,112,0.16
20261001T111152Z-8adcb79,180267dd5fcd,d1a4b481f07f,180267dd5fcd-040,40,0,1,53,94,111,0.23
20261001T111152Z-8adcb79,180267dd5fcd,d1a4b481f07f,180267dd5fcd-041,41,0,1,128,89,110,0.22
20261001T111152Z-8adcb79,180267dd5fcd,d1a4b481f07f,180267dd5fcd-042,42,0,1,92,147,109,0.18
20261001T111152Z-8adcb79,180267dd5fcd,d1a4b481f07f,180267dd5fcd-043,43,0,1,127,145,108,0.15
20261001T111152Z-8adcb79,180267dd5fcd,d1a4b481f07f,180267dd5fcd-044,44,0,1,126,114,107,0.21
20261001T111152Z-8adcb79,180267dd5fcd,d1a4b481f07f,180267dd5fcd-045,45,0,1,36,36,106,0.2
20261001T111152Z-8adcb79,180267dd5fcd,d1a4b481f07f,180267dd5fcd-046,46,0,1,91,110,105,0.22
20261001T111152Z-8adcb79,180267dd5fcd,d1a4b481f07f,180267dd5fcd-047,47,0,1,109,58,104,0.13
20261001T111152Z-8adcb79,180267dd5fcd,d1a4b481f07f,180267dd5fcd-048,48,0,1,61,2,103,0.2
20261001T111152Z-8adcb79,180267dd5fcd,d1a4b481f07f,180267dd5fcd-049,49,0,1,,75,102,0.13
20261001T111152Z-8adcb79,180267dd5fcd,d1a4b481f07f,180267dd5fcd-050,50,0,1,76,126,101,0.21
20261001T111152Z-8adcb79,180267dd5fcd,d1a4b481f07f,180267dd5fcd-051,51,0,1,48,118,100,0.18
20261001T111152Z-8adcb79,180267dd5fcd,d1a4b481f07f,180267dd5fcd-052,52,0,1,47,133,99,0.17
20261001T111152Z-8adcb79,180267dd5fcd,d1a4b481f07f,180267dd5fcd-053,53,0,1,28,53,98,0.27
20261001T111152Z-8adcb79,180267dd5fcd,d1a4b481f07f,180267dd5fcd-054,54,0,1,125,69,97,0.27
20261001T111152Z-8adcb79,180267dd5fcd,d1a4b481f07f,180267dd5fcd-055,55,0,1,90,64,96,0.16
20261001T111152Z-8adcb79,180267dd5fcd,d1a4b481f07f,180267dd5fcd-056,56,0,1,75,124,95,0.14
20261001T111152Z-8adcb79,180267dd5fcd,d1a4b481f07f,180267dd5fcd-057,57,0,1,74,45,94,0.21
20261001T111152Z-8adcb79,180267dd5fcd,d1a4b481f07f,180267dd5fcd-058,58,0,1,,13,93,0.15
20261001T111152Z-8adcb79,180267dd5fcd,d1a4b481f07f,180267dd5fcd-059,59,0,1,89,85,92,0.18
20261001T111152Z-8adcb79,180267dd5fcd,d1a4b481f07f,180267dd5fcd-060,60,0,1,124,46,91,0.17
20261001T111152Z-8adcb79,180267dd5fcd,d1a4b481f07f,180267dd5fcd-061,61,0,1,88,11,90,0.28
20261001T111152Z-8adcb79,180267dd5fcd,d1a4b481f07f,180267dd5fcd-062,62,0,1,87,139,89,0.24
20261001T111152Z-8adcb79,180267dd5fcd,d1a4b481f07f,180267dd5fcd-063,63,0,1,108,99,88,0.21
20261001T111152Z-8adcb79,180267dd5fcd,d1a4b481f07f,180267dd5fcd-064,64,0,1,107,80,87,0.21
20261001T111152Z-8adcb79,180267dd5fcd,d1a4b481f07f,180267dd5fcd-065,65,0,1,60,143,86,0.23
20261001T111152Z-8adcb79,180267dd5fcd,d1a4b481f07f,180267dd5fcd-066,66,0,1,73,87,85,0.25
20261001T111152Z-8adcb79,180267dd5fcd,d1a4b481f07f,180267dd5fcd-067,67,0,1,,31,84,0.13
20261001T111152Z-8adcb79,180267dd5fcd,d1a4b481f07f,180267dd5fcd-068,68,0,1,56,25,83,0.23
20261001T111152Z-8adcb79,180267dd5fcd,d1a4b481f07f,180267dd5fcd-069,69,0,1,86,74,82,0.25
20261001T111152Z-8adcb79,180267dd5fcd,d1a4b481f07f,180267dd5fcd-070,70,0,1,33,134,81,0.19
20261001T111152Z-8adcb79,180267dd5fcd,d1a4b481f07f,180267dd5fcd-071,71,0,1,15,54,80,0.19
20261001T111152Z-8adcb79,180267dd5fcd,d1a4b481f07f,180267dd5fcd-072,72,0,1,85,137,79,0.24
20261001T111152Z-8adcb79,180267dd5fcd,d1a4b481f07f,180267dd5fcd-073,73,0,1,32,119,78,0.13
20261001T111152Z-8adcb79,180267dd5fcd,d1a4b481f07f,180267dd5fcd-074,74,0,1,46,32,77,0.15
20261001T111152Z-8adcb79,180267dd5fcd,d1a4b481f07f,180267dd5fcd-075,75,0,1,72,24,76,0.15
20261001T111152Z-8adcb79,180267dd5fcd,d1a4b481f07f,180267dd5fcd-076,76,0,1,84,6,75,0.23
20261001T111152Z-8adcb79,180267dd5fcd,d1a4b481f07f,180267dd5fcd-077,77,0,1,45,39,74,0.2
20261001T111152Z-8adcb79,180267dd5fcd,d1a4b481f07f,180267dd5fcd-078,78,0,1,44,127,73,0.32
20261001T111152Z-8adcb79,180267dd5fcd,d1a4b481f07f,180267dd5fcd-079,79,0,1,38,129,72,0.23
20261001T111152Z-8adcb79,180267dd5fcd,d1a4b481f07f,180267dd5fcd-080,80,0,1,31,71,71,0.18
20261001T111152Z-8adcb79,180267dd5fcd,d1a4b481f07f,180267dd5fcd-081,81,0,1,14,111,70,0.15
20261001T111152Z-8adcb79,180267dd5fcd,d1a4b481f07f,180267dd5fcd-082,82,0,1,17,103,69,0.18
20261001T111152Z-8adcb79,180267dd5fcd,d1a4b481f07f,180267dd5fcd-083,83,0,1,106,72,68,0.19
20261001T111152Z-8adcb79,180267dd5fcd,d1a4b481f07f,180267dd5fcd-084,84,1,1,123,51,67,0.52
20261001T111152Z-8adcb79,180267dd5fcd,d1a4b481f07f,180267dd5fcd-085,85,0,1,22,95,66,0.19
20261001T111152Z-8adcb79,180267dd5fcd,d1a4b481f07f,180267dd5fcd-086,86,0,1,71,21,65,0.21
20261001T111152Z-8adcb79,180267dd5fcd,d1a4b481f07f,180267dd5fcd-087,87,0,1,43,29,64,0.23
20261001T111152Z-8adcb79,180267dd5fcd,d1a4b481f07f,180267dd5fcd-088,88,0,1,105,41,63,0.2
20261001T111152Z-8adcb79,180267dd5fcd,d1a4b481f07f,180267dd5fcd-089,89,0,1,104,62,62,0.29
20261001T111152Z-8adcb79,180267dd5fcd,d1a4b481f07f,180267dd5fcd-090,90,0,1,103,20,61,0.27
20261001T111152Z-8adcb79,180267dd5fcd,d1a4b481f07f,180267dd5fcd-091,91,0,1,122,112,60,0.25
20261001T111152Z-8adcb79,180267dd5fcd,d1a4b481f07f,180267dd5fcd-092,92,0,1,102,86,59,0.14
20261001T111152Z-8adcb79,180267dd5fcd,d1a4b481f07f,180267dd5fcd-093,93,0,1,83,40,58,0.16
20261001T111152Z-8adcb79,180267dd5fcd,d1a4b481f07f,180267dd5fcd-094,94,0,1,59,98,57,0.16
20261001T111152Z-8adcb79,180267dd5fcd,d1a4b481f07f,180267dd5fcd-095,95,0,1,101,107,56,0.14
20261001T111152Z-8adcb79,180267dd5fcd,d1a4b481f07f,180267dd5fcd-096,96,0,1,41,73,55,0.2
20261001T111152Z-8adcb79,180267dd5fcd,d1a4b481f07f,180267dd5fcd-097,97,0,1,52,104,54,0.29
20261001T111152Z-8adcb79,180267dd5fcd,d1a4b481f07f,180267dd5fcd-098,98,0,1,51,77,53,0.3
20261001T111152Z-8adcb79,180267dd5fcd,d1a4b481f07f,180267dd5fcd-099,99,0,1,9,142,52,0.23
20261001T111152Z-8adcb79,180267dd5fcd,d1a4b481f07f,180267dd5fcd-100,100,0,1,13,3,51,0.17
20261001T111152Z-8adcb79,180267dd5fcd,d1a4b481f07f,180267dd5fcd-101,101,0,1,21,66,50,0.19
20261001T111152Z-8adcb79,180267dd5fcd,d1a4b481f07f,180267dd5fcd-102,102,0,1,10,65,49,0.12
20261001T111152Z-8adcb79,180267dd5fcd,d1a4b481f07f,180267dd5fcd-103,103,0,1,2,7,48,0.16
20261001T111152Z-8adcb79,180267dd5fcd,d1a4b481f07f,180267dd5fcd-104,104,0,1,23,102,47,0.24
20261001T111152Z-8adcb79,180267dd5fcd,d1a4b481f07f,180267dd5fcd-105,105,0,1,1,135,46,0.21
20261001T111152Z-8adcb79,180267dd5fcd,d1a4b481f07f,180267dd5fcd-106,106,0,1,55,81,45,0.38
20261001T111152Z-8adcb79,180267dd5fcd,d1a4b481f07f,180267dd5fcd-107,107,0,1,121,131,44,0.2
20261001T111152Z-8adcb79,180267dd5fcd,d1a4b481f07f,180267dd5fcd-108,108,0,1,7,28,43,0.26
20261001T111152Z-8adcb79,180267dd5fcd,d1a4b481f07f,180267dd5fcd-109,109,0,1,70,125,42,0.28
20261001T111152Z-8adcb79,180267dd5fcd,d1a4b481f07f,180267dd5fcd-110,110,0,1,24,52,41,0.21
20261001T111152Z-8adcb79,180267dd5fcd,d1a4b481f07f,180267dd5fcd-111,111,0,1,26,68,40,0.17
20261001T111152Z-8adcb79,180267dd5fcd,d1a4b481f07f,180267dd5fcd-112,112,0,1,35,109,39,0.19
20261001T111152Z-8adcb79,180267dd5fcd,d1a4b481f07f,180267dd5fcd-113,113,0,1,4,56,38,0.19
20261001T111152Z-8adcb79,180267dd5fcd,d1a4b481f07f,180267dd5fcd-114,114,0,1,58,92,37,0.2
20261001T111152Z-8adcb79,180267dd5fcd,d1a4b481f07f,180267dd5fcd-115,115,0,1,69,61,36,0.25
20261001T111152Z-8adcb79,180267dd5fcd,d1a4b481f07f,180267dd5fcd-116,116,0,1,25,88,35,0.21
20261001T111152Z-8adcb79,180267dd5fcd,d1a4b481f07f,180267dd5fcd-117,117,0,1,37,144,34,0.2
20261001T111152Z-8adcb79,180267dd5fcd,d1a4b481f07f,180267dd5fcd-118,118,0,1,50,57,33,0.33
20261001T111152Z-8adcb79,180267dd5fcd,d1a4b481f07f,180267dd5fcd-119,119,0,1,34,148,32,0.16
20261001T111152Z-8adcb79,180267dd5fcd,d1a4b481f07f,180267dd5fcd-120,120,0,1,3,4,31,0.25
20261001T111152Z-8adcb79,180267dd5fcd,d1a4b481f07f,180267dd5fcd-121,121,0,1,6,82,30,0.2
20261001T111152Z-8adcb79,180267dd5fcd,d1a4b481f07f,180267dd5fcd-122,122,0,1,49,122,29,0.42
20261001T111152Z-8adcb79,180267dd5fcd,d1a4b481f07f,180267dd5fcd-123,123,0,1,42,37,28,0.21
20261001T111152Z-8adcb79,180267dd5fcd,d1a4b481f07f,180267dd5fcd-124,124,0,1,120,60,27,0.42
20261001T111152Z-8adcb79,180267dd5fcd,d1a4b481f07f,180267dd5fcd-125,125,0,1,54,116,26,0.26
20261001T111152Z-8adcb79,180267dd5fcd,d1a4b481f07f,180267dd5fcd-126,126,1,1,82,15,25,0.67
20261001T111152Z-8adcb79,180267dd5fcd,d1a4b481f07f,180267dd5fcd-127,127,1,1,68,97,24,0.53
20261001T111152Z-8adcb79,180267dd5fcd,d1a4b481f07f,180267dd5fcd-128,128,1,1,100,1,23,0.72
20261001T111152Z-8adcb79,180267dd5fcd,d1a4b481f07f,180267dd5fcd-129,129,1,1,99,8,22,0.57
20261001T111152Z-8adcb79,180267dd5fcd,d1a4b481f07f,180267dd5fcd-130,130,1,1,67,26,21,0.59
20261001T111152Z-8adcb79,180267dd5fcd,d1a4b481f07f,180267dd5fcd-131,131,0,1,40,47,20,0.4
20261001T111152Z-8adcb79,180267dd5fcd,d1a4b481f07f,180267dd5fcd-132,132,0,1,98,19,19,0.48
20261001T111152Z-8adcb79,180267dd5fcd,d1a4b481f07f,180267dd5fcd-133,133,0,1,27,17,18,0.17
20261001T111152Z-8adcb79,180267dd5fcd,d1a4b481f07f,180267dd5fcd-134,134,0,1,16,5,17,0.21
20261001T111152Z-8adcb79,180267dd5fcd,d1a4b481f07f,180267dd5fcd-135,135,0,1,20,48,16,0.16
20261001T111152Z-8adcb79,180267dd5fcd,d1a4b481f07f,180267dd5fcd-136,136,0,1,66,91,15,0.26
20261001T111152Z-8adcb79,180267dd5fcd,d1a4b481f07f,180267dd5fcd-137,137,0,1,19,76,14,0.23
20261001T111152Z-8adcb79,180267dd5fcd,d1a4b481f07f,180267dd5fcd-138,138,0,1,97,18,13,0.3
20261001T111152Z-8adcb79,180267dd5fcd,d1a4b481f07f,180267dd5fcd-139,139,0,1,8,27,12,0.17
20261001T111152Z-8adcb79,180267dd5fcd,d1a4b481f07f,180267dd5fcd-140,140,0,1,5,123,11,0.11
20261001T111152Z-8adcb79,180267dd5fcd,d1a4b481f07f,180267dd5fcd-141,141,1,1,81,16,10,0.54
20261001T111152Z-8adcb79,180267dd5fcd,d1a4b481f07f,180267dd5fcd-142,142,0,1,57,35,9,0.32
20261001T111152Z-8adcb79,180267dd5fcd,d1a4b481f07f,180267dd5fcd-143,143,0,1,65,115,8,0.33
20261001T111152Z-8adcb79,180267dd5fcd,d1a4b481f07f,180267dd5fcd-144,144,0,1,18,38,7,0.32
20261001T111152Z-8adcb79,180267dd5fcd,d1a4b481f07f,180267dd5fcd-145,145,0,1,12,146,6,0.18
20261001T111152Z-8adcb79,180267dd5fcd,d1a4b481f07f,180267dd5fcd-146,146,1,1,80,106,5,0.65
20261001T111152Z-8adcb79,180267dd5fcd,d1a4b481f07f,180267dd5fcd-147,147,0,1,11,33,4,0.23
20261001T111152Z-8adcb79,180267dd5fcd,d1a4b481f07f,180267dd5fcd-148,148,0,1,64,50,3,0.33
20261001T111152Z-8adcb79,180267dd5fcd,d1a4b481f07f,180267dd5fcd-149,149,1,1,39,14,2,0.5
20261001T111152Z-8adcb79,180267dd5fcd,d1a4b481f07f,180267dd5fcd-150,150,0,1,63,22,1,0.26
20261001T111152Z-8adcb79,18502d437c88,0afd8613df00,18502d437c88-001,1,0,1,,40,150,0.23
20261001T111152Z-8adcb79,18502d437c88,0afd8613df00,18502d437c88-002,2,0,1,,56,149,0.31
20261001T111152Z-8adcb79,18502d437c88,0afd8613df00,18502d437c88-003,3,0,1,,12,148,0.28
20261001T111152Z-8adcb79,18502d437c88,0afd8613df00,18502d437c88-004,4,0,1,,91,147,0.27
20261001T111152Z-8adcb79,18502d437c88,0afd8613df00,18502d437c88-005,5,0,1,,38,146,0.27
20261001T111152Z-8adcb79,18502d437c88,0afd8613df00,18502d437c88-006,6,0,1,,86,145,0.29
20261001T111152Z-8adcb79,18502d437c88,0afd8613df00,18502d437c88-007,7,0,1,,36,144,0.31
20261001T111152Z-8adcb79,18502d437c88,0afd8613df00,18502d437c88-008,8,0,1,,88,143,0.28
20261001T111152Z-8adcb79,18502d437c88,0afd8613df00,18502d437c88-009,9,0,1,,83,142,0.31
20261001T111152Z-8adcb79,18502d437c88,0afd8613df00,18502d437c88-010,10,0,1,,13,141,0.31
20261001T111152Z-8adcb79,18502d437c88,0afd8613df00,18502d437c88-011,11,0,1,,18,140,0.26
20261001T111152Z-8adcb79,18502d437c88,0afd8613df00,18502d437c88-012,12,0,1,,8,139,0.34
20261001T111152Z-8adcb79,18502d437c88,0afd8613df00,18502d437c88-013,13,0,1,93,21,138,0.3
20261001T111152Z-8adcb79,18502d437c88,0afd8613df00,18502d437c88-014,14,0,1,,29,137,0.23
20261001T111152Z-8adcb79,18502d437c88,0afd8613df00,18502d437c88-015,15,0,1,,,136,0.3
20261001T111152Z-8adcb79,18502d437c88,0afd8613df00,18502d437c88-016,16,0,1,34,111,135,0.29
20261001T111152Z-8adcb79,18502d437c88,0afd8613df00,18502d437c88-017,17,0,1,,,134,0.26
20261001T111152Z-8adcb79,18502d437c88,0afd8613df00,18502d437c88-018,18,0,1,92,82,133,0.31
20261001T111152Z-8adcb79,18502d437c88,0afd8613df00,18502d437c88-019,19,0,1,,,132,0.23
20261001T111152Z-8adcb79,18502d437c88,0afd8613df00,18502d437c88-020,20,0,1,,107,131,0.29
20261001T111152Z-8adcb79,18502d437c88,0afd8613df00,18502d437c88-021,21,0,1,,,130,0.3
20261001T111152Z-8adcb79,18502d437c88,0afd8613df00,18502d437c88-022,22,0,1,33,94,129,0.26
20261001T111152Z-8adcb79,18502d437c88,0afd8613df00,18502d437c88-023,23,0,1,91,97,128,0.26
20261001T111152Z-8adcb79,18502d437c88,0afd8613df00,18502d437c88-024,24,0,1,90,106,127,0.27
20261001T111152Z-8adcb79,18502d437c88,0afd8613df00,18502d437c88-025,25,0,1,,22,126,0.27
20261001T111152Z-8adcb79,18502d437c88,0afd8613df00,18502d437c88-026,26,0,1,,102,125,0.28
20261001T111152Z-8adcb79,18502d437c88,0afd8613df00,18502d437c88-027,27,0,1,,78,124,0.24
20261001T111152Z-8adcb79,18502d437c88,0afd8613df00,18502d437c88-028,28,0,1,,35,123,0.35
20261001T111152Z-8adcb79,18502d437c88,0afd8613df00,18502d437c88-029,29,0,1,89,53,122,0.31
20261001T111152Z-8adcb79,18502d437c88,0afd8613df00,18502d437c88-030,30,0,1,88,11,121,0.29
20261001T111152Z-8adcb79,18502d437c88,0afd8613df00,18502d437c88-031,31,0,1,87,,120,0.25
20261001T111152Z-8adcb79,18502d437c88,0afd8613df00,18502d437c88-032,32,0,1,14,50,119,0.23
20261001T111152Z-8adcb79,18502d437c88,0afd8613df00,18502d437c88-033,33,0,1,86,,118,0.29
20261001T111152Z-8adcb79,18502d437c88,0afd8613df00,18502d437c88-034,34,0,1,,16,117,0.29
20261001T111152Z-8adcb79,18502d437c88,0afd8613df00,18502d437c88-035,35,0,1,85,92,116,0.24
20261001T111152Z-8adcb79,18502d437c88,0afd8613df00,18502d437c88-036,36,0,1,84,,115,0.35
20261001T111152Z-8adcb79,18502d437c88,0afd8613df00,18502d437c88-037,37,0,1,83,70,114,0.24
20261001T111152Z-8adcb79,18502d437c88,0afd8613df00,18502d437c88-038,38,0,1,82,33,113,0.3
20261001T111152Z-8adcb79,18502d437c88,0afd8613df00,18502d437c88-039,39,0,0,,37,112,0.3
20261001T111152Z-8adcb79,18502d437c88,0afd8613df00,18502d437c88-040,40,0,0,,55,111,0.28
20261001T111152Z-8adcb79,18502d437c88,0afd8613df00,18502d437c88-041,41,0,0,,59,110,0.27
20261001T111152Z-8adcb79,18502d437c88,0afd8613df00,18502d437c88-042,42,0,0,,58,109,0.24
20261001T111152Z-8adcb79,18502d437c88,0afd8613df00,18502d437c88-043,43,0,0,,60,108,0.28
20261001T111152Z-8adcb79,18502d437c88,0afd8613df00,18502d437c88-044,44,0,0,,62,107,0.2
20261001T111152Z-8adcb79,18502d437c88,0afd8613df00,18502d437c88-045,45,0,1,81,52,106,0.3
20261001T111152Z-8adcb79,18502d437c88,0afd8613df00,18502d437c88-046,46,0,1,,15,105,0.32
20261001T111152Z-8adcb79,18502d437c88,0afd8613df00,18502d437c88-047,47,0,1,80,104,104,0.27
20261001T111152Z-8adcb79,18502d437c88,0afd8613df00,18502d437c88-048,48,0,1,79,41,103,0.28
20261001T111152Z-8adcb79,18502d437c88,0afd8613df00,18502d437c88-049,49,0,1,32,,102,0.29
20261001T111152Z-8adcb79,18502d437c88,0afd8613df00,18502d437c88-050,50,0,1,,76,101,0.29
20261001T111152Z-8adcb79,18502d437c88,0afd8613df00,18502d437c88-051,51,0,1,31,5,100,0.32
20261001T111152Z-8adcb79,18502d437c88,0afd8613df00,18502d437c88-052,52,0,1,78,1,99,0.31
20261001T111152Z-8adcb79,18502d437c88,0afd8613df00,18502d437c88-053,53,0,1,,,98,0.29
20261001T111152Z-8adcb79,18502d437c88,0afd8613df00,18502d437c88-054,54,0,1,,31,97,0.28
20261001T111152Z-8adcb79,18502d437c88,0afd8613df00,18502d437c88-055,55,0,1,77,,96,0.3
20261001T111152Z-8adcb79,18502d437c88,0afd8613df00,18502d437c88-056,56,0,1,76,,95,0.33
20261001T111152Z-8adcb79,18502d437c88,0afd8613df00,18502d437c88-057,57,0,1,,6,94,0.31
20261001T111152Z-8adcb79,18502d437c88,0afd8613df00,18502d437c88-058,58,0,1,75,96,93,0.37
20261001T111152Z-8adcb79,18502d437c88,0afd8613df00,18502d437c88-059,59,0,1,74,,92,0.31
20261001T111152Z-8adcb79,18502d437c88,0afd8613df00,18502d437c88-060,60,0,1,73,,91,0.31
20261001T111152Z-8adcb79,18502d437c88,0afd8613df00,18502d437c88-061,61,0,0,,108,90,0.28
20261001T111152Z-8adcb79,18502d437c88,0afd8613df00,18502d437c88-062,62,0,1,72,90,89,0.27
20261001T111152Z-8adcb79,18502d437c88,0afd8613df00,18502d437c88-063,63,0,1,71,26,88,0.26
20261001T111152Z-8adcb79,18502d437c88,0afd8613df00,18502d437c88-064,64,0,1,30,9,87,0.31
20261001T111152Z-8adcb79,18502d437c88,0afd8613df00,18502d437c88-065,65,0,1,29,89,86,0.3
20261001T111152Z-8adcb79,18502d437c88,0afd8613df00,18502d437c88-066,66,0,1,28,7,85,0.38
20261001T111152Z-8adcb79,18502d437c88,0afd8613df00,18502d437c88-067,67,0,1,13,28,84,0.29
20261001T111152Z-8adcb79,18502d437c88,0afd8613df00,18502d437c88-068,68,0,1,8,,83,0.28
20261001T111152Z-8adcb79,18502d437c88,0afd8613df00,18502d437c88-069,69,0,0,,51,82,0.29
20261001T111152Z-8adcb79,18502d437c88,0afd8613df00,18502d437c88-070,70,0,0,,74,81,0.29
20261001T111152Z-8adcb79,18502d437c88,0afd8613df00,18502d437c88-071,71,0,1,70,103,80,0.26
20261001T111152Z-8adcb79,18502d437c88,0afd8613df00,18502d437c88-072,72,0,1,27,10,79,0.37
20261001T111152Z-8adcb79,18502d437c88,0afd8613df00,18502d437c88-073,73,0,1,7,67,78,0.35
20261001T111152Z-8adcb79,18502d437c88,0afd8613df00,18502d437c88-074,74,0,1,26,,77,0.25
20261001T111152Z-8adcb79,18502d437c88,0afd8613df00,18502d437c88-075,75,0,1,4,39,76,0.29
20261001T111152Z-8adcb79,18502d437c88,0afd8613df00,18502d437c88-076,76,0,1,12,71,75,0.28
20261001T111152Z-8adcb79,18502d437c88,0afd8613df00,18502d437c88-077,77,0,1,25,19,74,0.3
20261001T111152Z-8adcb79,18502d437c88,0afd8613df00,18502d437c88-078,78,0,1,69,95,73,0.24
20261001T111152Z-8adcb79,18502d437c88,0afd8613df00,18502d437c88-079,79,0,1,24,93,72,0.23
20261001T111152Z-8adcb79,18502d437c88,0afd8613df00,18502d437c88-080,80,0,1,68,,71,0.3
20261001T111152Z-8adcb79,18502d437c88,0afd8613df00,18502d437c88-081,81,0,1,67,24,70,0.23
20261001T111152Z-8adcb79,18502d437c88,0afd8613df00,18502d437c88-082,82,0,0,,100,69,0.4
20261001T111152Z-8adcb79,18502d437c88,0afd8613df00,18502d437c88-083,83,0,1,66,25,68,0.21
20261001T111152Z-8adcb79,18502d437c88,0afd8613df00,18502d437c88-084,84,0,1,65,,67,0.3
20261001T111152Z-8adcb79,18502d437c88,0afd8613df00,18502d437c88-085,85,0,1,,30,66,0.17
20261001T111152Z-8adcb79,18502d437c88,0afd8613df00,18502d437c88-086,86,0,1,64,,65,0.23
20261001T111152Z-8adcb79,18502d437c88,0afd8613df00,18502d437c88-087,87,0,0,,,64,0.19
20261001T111152Z-8adcb79,18502d437c88,0afd8613df00,18502d437c88-088,88,0,0,,,63,0.21
20261001T111152Z-8adcb79,18502d437c88,0afd8613df00,18502d437c88-089,89,0,1,,,62,0.25
20261001T111152Z-8adcb79,18502d437c88,0afd8613df00,18502d437c88-090,90,0,1,,14,61,0.21
20261001T111152Z-8adcb79,18502d437c88,0afd8613df00,18502d437c88-091,91,0,1,23,87,60,0.29
20261001T111152Z-8adcb79,18502d437c88,0afd8613df00,18502d437c88-092,92,0,1,,,59,0.17
20261001T111152Z-8adcb79,18502d437c88,0afd8613df00,18502d437c88-093,93,0,1,63,,58,0.38
20261001T111152Z-8adcb79,18502d437c88,0afd8613df00,18502d437c88-094,94,0,1,,81,57,0.22
20261001T111152Z-8adcb79,18502d437c88,0afd8613df00,18502d437c88-095,95,0,1,,,56,0.19
20261001T111152Z-8adcb79,18502d437c88,0afd8613df00,18502d437c88-096,96,0,1,,79,55,0.33
20261001T111152Z-8adcb79,18502d437c88,0afd8613df00,18502d437c88-097,97,0,1,62,45,54,0.32
20261001T111152Z-8adcb79,18502d437c88,0afd8613df00,18502d437c88-098,98,0,1,22,61,53,0.26
20261001T111152Z-8adcb79,18502d437c88,0afd8613df00,18502d437c88-099,99,0,1,61,,52,0.24
20261001T111152Z-8adcb79,18502d437c88,0afd8613df00,18502d437c88-100,100,0,1,,,51,0.22
20261001T111152Z-8adcb79,18502d437c88,0afd8613df00,18502d437c88-101,101,0,1,,,50,0.17
20261001T111152Z-8adcb79,18502d437c88,0afd8613df00,18502d437c88-102,102,0,1,21,99,49,0.32
20261001T111152Z-8adcb79,18502d437c88,0afd8613df00,18502d437c88-103,103,0,1,,,48,0.19
20261001T111152Z-8adcb79,18502d437c88,0afd8613df00,18502d437c88-104,104,0,1,60,49,47,0.28
20261001T111152Z-8adcb79,18502d437c88,0afd8613df00,18502d437c88-105,105,0,1,59,,46,0.26
20261001T111152Z-8adcb79,18502d437c88,0afd8613df00,18502d437c88-106,106,0,1,,,45,0.3
20261001T111152Z-8adcb79,18502d437c88,0afd8613df00,18502d437c88-107,107,0,1,58,98,44,0.32
20261001T111152Z-8adcb79,18502d437c88,0afd8613df00,18502d437c88-108,108,0,1,57,,43,0.28
20261001T111152Z-8adcb79,18502d437c88,0afd8613df00,18502d437c88-109,109,0,1,20,110,42,0.27
20261001T111152Z-8adcb79,18502d437c88,0afd8613df00,18502d437c88-110,110,0,1,19,109,41,0.27
20261001T111152Z-8adcb79,18502d437c88,0afd8613df00,18502d437c88-111,111,0,1,,,40,0.27
20261001T111152Z-8adcb79,18502d437c88,0afd8613df00,18502d437c88-112,112,0,1,56,54,39,0.24
20261001T111152Z-8adcb79,18502d437c88,0afd8613df00,18502d437c88-113,113,0,1,55,42,38,0.24
20261001T111152Z-8adcb79,18502d437c88,0afd8613df00,18502d437c88-114,114,0,1,18,105,37,0.34
20261001T111152Z-8adcb79,18502d437c88,0afd8613df00,18502d437c88-115,115,0,1,54,,36,0.25
20261001T111152Z-8adcb79,18502d437c88,0afd8613df00,18502d437c88-116,116,0,1,11,101,35,0.36
20261001T111152Z-8adcb79,18502d437c88,0afd8613df00,18502d437c88-117,117,0,0,,,34,0.34
20261001T111152Z-8adcb79,18502d437c88,0afd8613df00,18502d437c88-118,118,0,1,10,47,33,0.45
20261001T111152Z-8adcb79,18502d437c88,0afd8613df00,18502d437c88-119,119,0,1,17,66,32,0.38
20261001T111152Z-8adcb79,18502d437c88,0afd8613df00,18502d437c88-120,120,0,1,6,20,31,0.31
20261001T111152Z-8adcb79,18502d437c88,0afd8613df00,18502d437c88-121,121,0,1,1,17,30,0.33
20261001T111152Z-8adcb79,18502d437c88,0afd8613df00,18502d437c88-122,122,0,1,16,63,29,0.2
20261001T111152Z-8adcb79,18502d437c88,0afd8613df00,18502d437c88-123,123,0,1,53,32,28,0.3
20261001T111152Z-8adcb79,18502d437c88,0afd8613df00,18502d437c88-124,124,0,1,2,,27,0.26
20261001T111152Z-8adcb79,18502d437c88,0afd8613df00,18502d437c88-125,125,0,1,52,,26,0.24
20261001T111152Z-8adcb79,18502d437c88,0afd8613df00,18502d437c88-126,126,0,1,51,43,25,0.21
20261001T111152Z-8adcb79,18502d437c88,0afd8613df00,18502d437c88-127,127,0,1,50,75,24,0.25
20261001T111152Z-8adcb79,18502d437c88,0afd8613df00,18502d437c88-128,128,0,1,49,44,23,0.29
20261001T111152Z-8adcb79,18502d437c88,0afd8613df00,18502d437c88-129,129,0,1,48,57,22,0.28
20261001T111152Z-8adcb79,18502d437c88,0afd8613df00,18502d437c88-130,130,0,1,47,85,21,0.25
20261001T111152Z-8adcb79,18502d437c88,0afd8613df00,18502d437c88-131,131,0,1,46,2,20,0.28
20261001T111152Z-8adcb79,18502d437c88,0afd8613df00,18502d437c88-132,132,0,1,45,73,19,0.27
20261001T111152Z-8adcb79,18502d437c88,0afd8613df00,18502d437c88-133,133,0,1,15,46,18,0.3
20261001T111152Z-8adcb79,18502d437c88,0afd8613df00,18502d437c88-134,134,0,1,44,34,17,0.24
20261001T111152Z-8adcb79,18502d437c88,0afd8613df00,18502d437c88-135,135,0,1,43,77,16,0.28
20261001T111152Z-8adcb79,18502d437c88,0afd8613df00,18502d437c88-136,136,0,1,42,4,15,0.26
20261001T111152Z-8adcb79,18502d437c88,0afd8613df00,18502d437c88-137,137,0,1,41,3,14,0.26
20261001T111152Z-8adcb79,18502d437c88,0afd8613df00,18502d437c88-138,138,0,1,40,68,13,0.28
20261001T111152Z-8adcb79,18502d437c88,0afd8613df00,18502d437c88-139,139,0,1,39,48,12,0.23
20261001T111152Z-8adcb79,18502d437c88,0afd8613df00,18502d437c88-140,140,0,1,38,80,11,0.24
20261001T111152Z-8adcb79,18502d437c88,0afd8613df00,18502d437c88-141,141,0,1,3,,10,0.23
20261001T111152Z-8adcb79,18502d437c88,0afd8613df00,18502d437c88-142,142,0,1,5,,9,0.23
20261001T111152Z-8adcb79,18502d437c88,0afd8613df00,18502d437c88-143,143,0,1,37,72,8,0.28
20261001T111152Z-8adcb79,18502d437c88,0afd8613df00,18502d437c88-144,144,0,1,36,,7,0.28
20261001T111152Z-8adcb79,18502d437c88,0afd8613df00,18502d437c88-145,145,0,1,35,27,6,0.29
20261001T111152Z-8adcb79,18502d437c88,0afd8613df00,18502d437c88-146,146,0,1,9,84,5,0.28
20261001T111152Z-8adcb79,18502d437c88,0afd8613df00,18502d437c88-147,147,0,0,,65,4,0.36
20261001T111152Z-8adcb79,18502d437c88,0afd8613df00,18502d437c88-148,148,0,0,,64,3,0.36
20261001T111152Z-8adcb79,18502d437c88,0afd8613df00,18502d437c88-149,149,0,0,,23,2,0.34
20261001T111152Z-8adcb79,18502d437c88,0afd8613df00,18502d437c88-150,150,0,0,,69,1,0.35
20261001T111152Z-8adcb79,1886e3c4f54d,4c37252a5d56,1886e3c4f54d-001,1,0,1,49,8,78,0.45
20261001T111152Z-8adcb79,1886e3c4f54d,4c37252a5d56,1886e3c4f54d-002,2,0,1,30,44,77,0.43
20261001T111152Z-8adcb79,1886e3c4f54d,4c37252a5d56,1886e3c4f54d-003,3,0,1,24,23,76,0.27
20261001T111152Z-8adcb79,1886e3c4f54d,4c37252a5d56,1886e3c4f54d-004,4,0,1,63,21,75,0.33
20261001T111152Z-8adcb79,1886e3c4f54d,4c37252a5d56,1886e3c4f54d-005,5,0,1,29,24,74,0.27
20261001T111152Z-8adcb79,1886e3c4f54d,4c37252a5d56,1886e3c4f54d-006,6,0,1,62,26,73,0.33
20261001T111152Z-8adcb79,1886e3c4f54d,4c37252a5d56,1886e3c4f54d-007,7,1,1,61,4,72,0.51
20261001T111152Z-8adcb79,1886e3c4f54d,4c37252a5d56,1886e3c4f54d-008,8,0,1,23,,71,0.36
20261001T111152Z-8adcb79,1886e3c4f54d,4c37252a5d56,1886e3c4f54d-009,9,0,1,48,37,70,0.24
20261001T111152Z-8adcb79,1886e3c4f54d,4c37252a5d56,1886e3c4f54d-010,10,0,1,,34,69,0.24
20261001T111152Z-8adcb79,1886e3c4f54d,4c37252a5d56,1886e3c4f54d-011,11,0,1,47,11,68,0.39
20261001T111152Z-8adcb79,1886e3c4f54d,4c37252a5d56,1886e3c4f54d-012,12,0,1,60,58,67,0.27
20261001T111152Z-8adcb79,1886e3c4f54d,4c37252a5d56,1886e3c4f54d-013,13,0,1,,6,66,0.32
20261001T111152Z-8adcb79,1886e3c4f54d,4c37252a5d56,1886e3c4f54d-014,14,0,1,59,1,65,0.33
20261001T111152Z-8adcb79,1886e3c4f54d,4c37252a5d56,1886e3c4f54d-015,15,0,1,,45,64,0.18
20261001T111152Z-8adcb79,1886e3c4f54d,4c37252a5d56,1886e3c4f54d-016,16,0,1,58,52,63,0.32
20261001T111152Z-8adcb79,1886e3c4f54d,4c37252a5d56,1886e3c4f54d-017,17,0,1,,38,62,0.22
20261001T111152Z-8adcb79,1886e3c4f54d,4c37252a5d56,1886e3c4f54d-018,18,0,1,,56,61,0.29
20261001T111152Z-8adcb79,1886e3c4f54d,4c37252a5d56,1886e3c4f54d-019,19,0,1,46,41,60,0.34
20261001T111152Z-8adcb79,1886e3c4f54d,4c37252a5d56,1886e3c4f54d-020,20,0,1,57,,59,0.29
20261001T111152Z-8adcb79,1886e3c4f54d,4c37252a5d56,1886e3c4f54d-021,21,0,1,45,30,58,0.26
20261001T111152Z-8adcb79,1886e3c4f54d,4c37252a5d56,1886e3c4f54d-022,22,0,1,44,29,57,0.27
20261001T111152Z-8adcb79,1886e3c4f54d,4c37252a5d56,1886e3c4f54d-023,23,0,1,17,27,56,0.28
20261001T111152Z-8adcb79,1886e3c4f54d,4c37252a5d56,1886e3c4f54d-024,24,0,1,43,25,55,0.31
20261001T111152Z-8adcb79,1886e3c4f54d,4c37252a5d56,1886e3c4f54d-025,25,0,1,56,3,54,0.3
20261001T111152Z-8adcb79,1886e3c4f54d,4c37252a5d56,1886e3c4f54d-026,26,0,1,55,59,53,0.45
20261001T111152Z-8adcb79,1886e3c4f54d,4c37252a5d56,1886e3c4f54d-027,27,0,1,54,,52,0.36
20261001T111152Z-8adcb79,1886e3c4f54d,4c37252a5d56,1886e3c4f54d-028,28,0,1,53,55,51,0.38
20261001T111152Z-8adcb79,1886e3c4f54d,4c37252a5d56,1886e3c4f54d-029,29,0,1,52,57,50,0.38
20261001T111152Z-8adcb79,1886e3c4f54d,4c37252a5d56,1886e3c4f54d-030,30,0,1,14,13,49,0.35
20261001T111152Z-8adcb79,1886e3c4f54d,4c37252a5d56,1886e3c4f54d-031,31,0,0,,9,48,0.32
20261001T111152Z-8adcb79,1886e3c4f54d,4c37252a5d56,1886e3c4f54d-032,32,0,0,,7,47,0.31
20261001T111152Z-8adcb79,1886e3c4f54d,4c37252a5d56,1886e3c4f54d-033,33,0,0,,18,46,0.3
20261001T111152Z-8adcb79,1886e3c4f54d,4c37252a5d56,1886e3c4f54d-034,34,0,1,22,17,45,0.42
20261001T111152Z-8adcb79,1886e3c4f54d,4c37252a5d56,1886e3c4f54d-035,35,0,1,42,15,44,0.42
20261001T111152Z-8adcb79,1886e3c4f54d,4c37252a5d56,1886e3c4f54d-036,36,0,0,,,43,0.27
20261001T111152Z-8adcb79,1886e3c4f54d,4c37252a5d56,1886e3c4f54d-037,37,0,0,,22,42,0.3
20261001T111152Z-8adcb79,1886e3c4f54d,4c37252a5d56,1886e3c4f54d-038,38,0,1,41,20,41,0.37
20261001T111152Z-8adcb79,1886e3c4f54d,4c37252a5d56,1886e3c4f54d-039,39,0,1,21,12,40,0.44
20261001T111152Z-8adcb79,1886e3c4f54d,4c37252a5d56,1886e3c4f54d-040,40,0,1,40,,39,0.43
20261001T111152Z-8adcb79,1886e3c4f54d,4c37252a5d56,1886e3c4f54d-041,41,0,1,28,,38,0.42
20261001T111152Z-8adcb79,1886e3c4f54d,4c37252a5d56,1886e3c4f54d-042,42,0,1,20,43,37,0.43
20261001T111152Z-8adcb79,1886e3c4f54d,4c37252a5d56,1886e3c4f54d-043,43,0,1,39,53,36,0.4
20261001T111152Z-8adcb79,1886e3c4f54d,4c37252a5d56,1886e3c4f54d-044,44,0,1,13,,35,0.33
20261001T111152Z-8adcb79,1886e3c4f54d,4c37252a5d56,1886e3c4f54d-045,45,0,1,12,42,34,0.28
20261001T111152Z-8adcb79,1886e3c4f54d,4c37252a5d56,1886e3c4f54d-046,46,0,1,8,,33,0.29
20261001T111152Z-8adcb79,1886e3c4f54d,4c37252a5d56,1886e3c4f54d-047,47,1,1,27,,32,0.54
20261001T111152Z-8adcb79,1886e3c4f54d,4c37252a5d56,1886e3c4f54d-048,48,0,1,11,,31,0.38
20261001T111152Z-8adcb79,1886e3c4f54d,4c37252a5d56,1886e3c4f54d-049,49,0,1,26,49,30,0.35
20261001T111152Z-8adcb79,1886e3c4f54d,4c37252a5d56,1886e3c4f54d-050,50,0,1,38,51,29,0.46
20261001T111152Z-8adcb79,1886e3c4f54d,4c37252a5d56,1886e3c4f54d-051,51,0,0,,14,28,0.41
20261001T111152Z-8adcb79,1886e3c4f54d,4c37252a5d56,1886e3c4f54d-052,52,0,0,,35,27,0.36
20261001T111152Z-8adcb79,1886e3c4f54d,4c37252a5d56,1886e3c4f54d-053,53,0,0,,36,26,0.36
20261001T111152Z-8adcb79,1886e3c4f54d,4c37252a5d56,1886e3c4f54d-054,54,0,1,16,,25,0.3
20261001T111152Z-8adcb79,1886e3c4f54d,4c37252a5d56,1886e3c4f54d-055,55,0,1,37,10,24,0.3
20261001T111152Z-8adcb79,1886e3c4f54d,4c37252a5d56,1886e3c4f54d-056,56,0,1,10,,23,0.23
20261001T111152Z-8adcb79,1886e3c4f54d,4c37252a5d56,1886e3c4f54d-057,57,0,1,6,46,22,0.26
20261001T111152Z-8adcb79,1886e3c4f54d,4c37252a5d56,1886e3c4f54d-058,58,0,1,36,5,21,0.29
20261001T111152Z-8adcb79,1886e3c4f54d,4c37252a5d56,1886e3c4f54d-059,59,0,1,5,48,20,0.28
20261001T111152Z-8adcb79,1886e3c4f54d,4c37252a5d56,1886e3c4f54d-060,60,0,1,4,19,19,0.29
20261001T111152Z-8adcb79,1886e3c4f54d,4c37252a5d56,1886e3c4f54d-061,61,0,1,7,47,18,0.28
20261001T111152Z-8adcb79,1886e3c4f54d,4c37252a5d56,1886e3c4f54d-062,62,0,1,35,,17,0.35
20261001T111152Z-8adcb79,1886e3c4f54d,4c37252a5d56,1886e3c4f54d-063,63,0,1,9,31,16,0.29
20261001T111152Z-8adcb79,1886e3c4f54d,4c37252a5d56,1886e3c4f54d-064,64,0,1,3,28,15,0.28
20261001T111152Z-8adcb79,1886e3c4f54d,4c37252a5d56,1886e3c4f54d-065,65,0,1,34,,14,0.42
20261001T111152Z-8adcb79,1886e3c4f54d,4c37252a5d56,1886e3c4f54d-066,66,0,1,1,,13,0.27
20261001T111152Z-8adcb79,1886e3c4f54d,4c37252a5d56,1886e3c4f54d-067,67,0,0,,32,12,0.38
20261001T111152Z-8adcb79,1886e3c4f54d,4c37252a5d56,1886e3c4f54d-068,68,0,1,19,33,11,0.35
20261001T111152Z-8adcb79,1886e3c4f54d,4c37252a5d56,1886e3c4f54d-069,69,0,1,33,39,10,0.49
20261001T111152Z-8adcb79,1886e3c4f54d,4c37252a5d56,1886e3c4f54d-070,70,0,1,18,60,9,0.35
20261001T111152Z-8adcb79,1886e3c4f54d,4c37252a5d56,1886e3c4f54d-071,71,0,1,32,,8,0.3
20261001T111152Z-8adcb79,1886e3c4f54d,4c37252a5d56,1886e3c4f54d-072,72,1,1,2,2,7,0.51
20261001T111152Z-8adcb79,1886e3c4f54d,4c37252a5d56,1886e3c4f54d-073,73,0,1,25,40,6,0.36
20261001T111152Z-8adcb79,1886e3c4f54d,4c37252a5d56,1886e3c4f54d-074,74,0,0,,54,5,0.41
20261001T111152Z-8adcb79,1886e3c4f54d,4c37252a5d56,1886e3c4f54d-075,75,0,1,15,,4,0.4
20261001T111152Z-8adcb79,1886e3c4f54d,4c37252a5d56,1886e3c4f54d-076,76,0,1,51,,3,0.28
20261001T111152Z-8adcb79,1886e3c4f54d,4c37252a5d56,1886e3c4f54d-077,77,0,1,50,16,2,0.48
20261001T111152Z-8adcb79,1886e3c4f54d,4c37252a5d56,1886e3c4f54d-078,78,0,1,31,50,1,0.42
20261001T111152Z-8adcb79,1a8f124f0681,15f7597c78de,1a8f124f0681-001,1,0,0,,80,110,0.25
20261001T111152Z-8adcb79,1a8f124f0681,15f7597c78de,1a8f124f0681-002,2,0,0,,17,109,0.37
20261001T111152Z-8adcb79,1a8f124f0681,15f7597c78de,1a8f124f0681-003,3,0,0,,99,108,0.32
20261001T111152Z-8adcb79,1a8f124f0681,15f7597c78de,1a8f124f0681-004,4,0,0,,31,107,0.4
20261001T111152Z-8adcb79,1a8f124f0681,15f7597c78de,1a8f124f0681-005,5,0,0,,77,106,0.3
20261001T111152Z-8adcb79,1a8f124f0681,15f7597c78de,1a8f124f0681-006,6,0,1,66,91,105,0.31
20261001T111152Z-8adcb79,1a8f124f0681,15f7597c78de,1a8f124f0681-007,7,0,1,65,66,104,0.29
20261001T111152Z-8adcb79,1a8f124f0681,15f7597c78de,1a8f124f0681-008,8,0,1,64,87,103,0.36
20261001T111152Z-8adcb79,1a8f124f0681,15f7597c78de,1a8f124f0681-009,9,0,1,,79,102,0.35
20261001T111152Z-8adcb79,1a8f124f0681,15f7597c78de,1a8f124f0681-010,10,0,1,,48,101,0.31
20261001T111152Z-8adcb79,1a8f124f0681,15f7597c78de,1a8f124f0681-011,11,0,0,,47,100,0.21
20261001T111152Z-8adcb79,1a8f124f0681,15f7597c78de,1a8f124f0681-012,12,0,0,,40,99,0.24
20261001T111152Z-8adcb79,1a8f124f0681,15f7597c78de,1a8f124f0681-013,13,0,1,,85,98,0.3
20261001T111152Z-8adcb79,1a8f124f0681,15f7597c78de,1a8f124f0681-014,14,0,1,29,43,97,0.49
20261001T111152Z-8adcb79,1a8f124f0681,15f7597c78de,1a8f124f0681-015,15,0,1,,89,96,0.2
20261001T111152Z-8adcb79,1a8f124f0681,15f7597c78de,1a8f124f0681-016,16,1,1,,52,95,0.52
20261001T111152Z-8adcb79,1a8f124f0681,15f7597c78de,1a8f124f0681-017,17,1,1,28,50,94,0.55
20261001T111152Z-8adcb79,1a8f124f0681,15f7597c78de,1a8f124f0681-018,18,0,1,17,46,93,0.45
20261001T111152Z-8adcb79,1a8f124f0681,15f7597c78de,1a8f124f0681-019,19,0,1,,,92,0.16
20261001T111152Z-8adcb79,1a8f124f0681,15f7597c78de,1a8f124f0681-020,20,0,1,63,76,91,0.21
20261001T111152Z-8adcb79,1a8f124f0681,15f7597c78de,1a8f124f0681-021,21,0,1,,,90,0.15
20261001T111152Z-8adcb79,1a8f124f0681,15f7597c78de,1a8f124f0681-022,22,0,1,62,74,89,0.21
20261001T111152Z-8adcb79,1a8f124f0681,15f7597c78de,1a8f124f0681-023,23,0,1,,,88,0.15
20261001T111152Z-8adcb79,1a8f124f0681,15f7597c78de,1a8f124f0681-024,24,0,1,61,20,87,0.41
20261001T111152Z-8adcb79,1a8f124f0681,15f7597c78de,1a8f124f0681-025,25,1,1,60,53,86,0.64
20261001T111152Z-8adcb79,1a8f124f0681,15f7597c78de,1a8f124f0681-026,26,0,1,59,81,85,0.47
20261001T111152Z-8adcb79,1a8f124f0681,15f7597c78de,1a8f124f0681-027,27,0,1,,65,84,0.25
20261001T111152Z-8adcb79,1a8f124f0681,15f7597c78de,1a8f124f0681-028,28,0,1,,57,83,0.38
20261001T111152Z-8adcb79,1a8f124f0681,15f7597c78de,1a8f124f0681-029,29,0,0,,58,82,0.35
20261001T111152Z-8adcb79,1a8f124f0681,15f7597c78de,1a8f124f0681-030,30,0,0,,94,81,0.23
20261001T111152Z-8adcb79,1a8f124f0681,15f7597c78de,1a8f124f0681-031,31,0,1,16,101,80,0.36
20261001T111152Z-8adcb79,1a8f124f0681,15f7597c78de,1a8f124f0681-032,32,0,1,3,24,79,0.31
20261001T111152Z-8adcb79,1a8f124f0681,15f7597c78de,1a8f124f0681-033,33,0,1,,27,78,0.41
20261001T111152Z-8adcb79,1a8f124f0681,15f7597c78de,1a8f124f0681-034,34,0,1,58,51,77,0.23
20261001T111152Z-8adcb79,1a8f124f0681,15f7597c78de,1a8f124f0681-035,35,0,1,,16,76,0.41
20261001T111152Z-8adcb79,1a8f124f0681,15f7597c78de,1a8f124f0681-036,36,0,0,,86,75,0.22
20261001T111152Z-8adcb79,1a8f124f0681,15f7597c78de,1a8f124f0681-037,37,0,0,,37,74,0.19
20261001T111152Z-8adcb79,1a8f124f0681,15f7597c78de,1a8f124f0681-038,38,0,0,,98,73,0.3
20261001T111152Z-8adcb79,1a8f124f0681,15f7597c78de,1a8f124f0681-039,39,0,0,,28,72,0.17
20261001T111152Z-8adcb79,1a8f124f0681,15f7597c78de,1a8f124f0681-040,40,0,1,11,8,71,0.39
20261001T111152Z-8adcb79,1a8f124f0681,15f7597c78de,1a8f124f0681-041,41,0,1,15,5,70,0.3
20261001T111152Z-8adcb79,1a8f124f0681,15f7597c78de,1a8f124f0681-042,42,0,0,,,69,0.24
20261001T111152Z-8adcb79,1a8f124f0681,15f7597c78de,1a8f124f0681-043,43,0,0,,,68,0.34
20261001T111152Z-8adcb79,1a8f124f0681,15f7597c78de,1a8f124f0681-044,44,0,1,14,68,67,0.36
20261001T111152Z-8adcb79,1a8f124f0681,15f7597c78de,1a8f124f0681-045,45,0,1,27,78,66,0.36
20261001T111152Z-8adcb79,1a8f124f0681,15f7597c78de,1a8f124f0681-046,46,0,0,,,65,0.38
20261001T111152Z-8adcb79,1a8f124f0681,15f7597c78de,1a8f124f0681-047,47,0,0,,,64,0.36
20261001T111152Z-8adcb79,1a8f124f0681,15f7597c78de,1a8f124f0681-048,48,0,1,26,45,63,0.28
20261001T111152Z-8adcb79,1a8f124f0681,15f7597c78de,1a8f124f0681-049,49,0,1,8,11,62,0.29
20261001T111152Z-8adcb79,1a8f124f0681,15f7597c78de,1a8f124f0681-050,50,0,1,13,59,61,0.36
20261001T111152Z-8adcb79,1a8f124f0681,15f7597c78de,1a8f124f0681-051,51,0,1,57,25,60,0.45
20261001T111152Z-8adcb79,1a8f124f0681,15f7597c78de,1a8f124f0681-052,52,1,1,56,14,59,0.55
20261001T111152Z-8adcb79,1a8f124f0681,15f7597c78de,1a8f124f0681-053,53,0,1,,44,58,0.4
20261001T111152Z-8adcb79,1a8f124f0681,15f7597c78de,1a8f124f0681-054,54,0,1,,34,57,0.36
20261001T111152Z-8adcb79,1a8f124f0681,15f7597c78de,1a8f124f0681-055,55,0,1,55,39,56,0.37
20261001T111152Z-8adcb79,1a8f124f0681,15f7597c78de,1a8f124f0681-056,56,0,1,,2,55,0.41
20261001T111152Z-8adcb79,1a8f124f0681,15f7597c78de,1a8f124f0681-057,57,1,1,54,32,54,0.5
20261001T111152Z-8adcb79,1a8f124f0681,15f7597c78de,1a8f124f0681-058,58,0,1,53,61,53,0.44
20261001T111152Z-8adcb79,1a8f124f0681,15f7597c78de,1a8f124f0681-059,59,1,1,25,35,52,0.55
20261001T111152Z-8adcb79,1a8f124f0681,15f7597c78de,1a8f124f0681-060,60,0,1,24,33,51,0.38
20261001T111152Z-8adcb79,1a8f124f0681,15f7597c78de,1a8f124f0681-061,61,0,1,52,70,50,0.36
20261001T111152Z-8adcb79,1a8f124f0681,15f7597c78de,1a8f124f0681-062,62,0,1,51,13,49,0.46
20261001T111152Z-8adcb79,1a8f124f0681,15f7597c78de,1a8f124f0681-063,63,0,1,12,1,48,0.39
20261001T111152Z-8adcb79,1a8f124f0681,15f7597c78de,1a8f124f0681-064,64,0,1,50,15,47,0.38
20261001T111152Z-8adcb79,1a8f124f0681,15f7597c78de,1a8f124f0681-065,65,0,1,49,4,46,0.36
20261001T111152Z-8adcb79,1a8f124f0681,15f7597c78de,1a8f124f0681-066,66,0,1,48,97,45,0.32
20261001T111152Z-8adcb79,1a8f124f0681,15f7597c78de,1a8f124f0681-067,67,0,1,47,10,44,0.43
20261001T111152Z-8adcb79,1a8f124f0681,15f7597c78de,1a8f124f0681-068,68,0,1,46,3,43,0.41
20261001T111152Z-8adcb79,1a8f124f0681,15f7597c78de,1a8f124f0681-069,69,0,1,45,36,42,0.36
20261001T111152Z-8adcb79,1a8f124f0681,15f7597c78de,1a8f124f0681-070,70,0,1,44,30,41,0.35
20261001T111152Z-8adcb79,1a8f124f0681,15f7597c78de,1a8f124f0681-071,71,0,1,43,22,40,0.37
20261001T111152Z-8adcb79,1a8f124f0681,15f7597c78de,1a8f124f0681-072,72,0,1,42,21,39,0.37
20261001T111152Z-8adcb79,1a8f124f0681,15f7597c78de,1a8f124f0681-073,73,0,1,41,49,38,0.32
20261001T111152Z-8adcb79,1a8f124f0681,15f7597c78de,1a8f124f0681-074,74,0,1,40,7,37,0.38
20261001T111152Z-8adcb79,1a8f124f0681,15f7597c78de,1a8f124f0681-075,75,0,1,39,64,36,0.45
20261001T111152Z-8adcb79,1a8f124f0681,15f7597c78de,1a8f124f0681-076,76,0,1,38,92,35,0.36
20261001T111152Z-8adcb79,1a8f124f0681,15f7597c78de,1a8f124f0681-077,77,0,1,37,41,34,0.38
20261001T111152Z-8adcb79,1a8f124f0681,15f7597c78de,1a8f124f0681-078,78,0,1,,12,33,0.42
20261001T111152Z-8adcb79,1a8f124f0681,15f7597c78de,1a8f124f0681-079,79,0,1,,71,32,0.35
20261001T111152Z-8adcb79,1a8f124f0681,15f7597c78de,1a8f124f0681-080,80,0,1,,26,31,0.39
20261001T111152Z-8adcb79,1a8f124f0681,15f7597c78de,1a8f124f0681-081,81,0,1,,56,30,0.42
20261001T111152Z-8adcb79,1a8f124f0681,15f7597c78de,1a8f124f0681-082,82,0,1,,60,29,0.33
20261001T111152Z-8adcb79,1a8f124f0681,15f7597c78de,1a8f124f0681-083,83,0,1,,18,28,0.37
20261001T111152Z-8adcb79,1a8f124f0681,15f7597c78de,1a8f124f0681-084,84,0,1,,88,27,0.41
20261001T111152Z-8adcb79,1a8f124f0681,15f7597c78de,1a8f124f0681-085,85,0,1,36,63,26,0.29
20261001T111152Z-8adcb79,1a8f124f0681,15f7597c78de,1a8f124f0681-086,86,0,1,35,55,25,0.29
20261001T111152Z-8adcb79,1a8f124f0681,15f7597c78de,1a8f124f0681-087,87,0,1,34,82,24,0.33
20261001T111152Z-8adcb79,1a8f124f0681,15f7597c78de,1a8f124f0681-088,88,0,1,,38,23,0.42
20261001T111152Z-8adcb79,1a8f124f0681,15f7597c78de,1a8f124f0681-089,89,0,1,,23,22,0.42
20261001T111152Z-8adcb79,1a8f124f0681,15f7597c78de,1a8f124f0681-090,90,0,1,,19,21,0.45
20261001T111152Z-8adcb79,1a8f124f0681,15f7597c78de,1a8f124f0681-091,91,0,1,33,73,20,0.3
20261001T111152Z-8adcb79,1a8f124f0681,15f7597c78de,1a8f124f0681-092,92,0,1,23,29,19,0.35
20261001T111152Z-8adcb79,1a8f124f0681,15f7597c78de,1a8f124f0681-093,93,0,1,22,9,18,0.48
20261001T111152Z-8adcb79,1a8f124f0681,15f7597c78de,1a8f124f0681-094,94,0,1,21,93,17,0.35
20261001T111152Z-8adcb79,1a8f124f0681,15f7597c78de,1a8f124f0681-095,95,0,1,20,96,16,0.35
20261001T111152Z-8adcb79,1a8f124f0681,15f7597c78de,1a8f124f0681-096,96,0,1,32,90,15,0.3
20261001T111152Z-8adcb79,1a8f124f0681,15f7597c78de,1a8f124f0681-097,97,0,1,7,83,14,0.28
20261001T111152Z-8adcb79,1a8f124f0681,15f7597c78de,1a8f124f0681-098,98,0,1,6,84,13,0.28
20261001T111152Z-8adcb79,1a8f124f0681,15f7597c78de,1a8f124f0681-099,99,0,1,31,69,12,0.45
20261001T111152Z-8adcb79,1a8f124f0681,15f7597c78de,1a8f124f0681-100,100,0,1,5,67,11,0.27
20261001T111152Z-8adcb79,1a8f124f0681,15f7597c78de,1a8f124f0681-101,101,0,1,30,72,10,0.32
20261001T111152Z-8adcb79,1a8f124f0681,15f7597c78de,1a8f124f0681-102,102,0,1,4,75,9,0.37
20261001T111152Z-8adcb79,1a8f124f0681,15f7597c78de,1a8f124f0681-103,103,0,0,,,8,0.3
20261001T111152Z-8adcb79,1a8f124f0681,15f7597c78de,1a8f124f0681-104,104,0,0,,,7,0.4
20261001T111152Z-8adcb79,1a8f124f0681,15f7597c78de,1a8f124f0681-105,105,0,1,19,100,6,0.3
20261001T111152Z-8adcb79,1a8f124f0681,15f7597c78de,1a8f124f0681-106,106,1,1,18,95,5,0.51
20261001T111152Z-8adcb79,1a8f124f0681,15f7597c78de,1a8f124f0681-107,107,0,1,10,54,4,0.41
20261001T111152Z-8adcb79,1a8f124f0681,15f7597c78de,1a8f124f0681-108,108,0,1,1,6,3,0.34
20261001T111152Z-8adcb79,1a8f124f0681,15f7597c78de,1a8f124f0681-109,109,0,1,9,42,2,0.3
20261001T111152Z-8adcb79,1a8f124f0681,15f7597c78de,1a8f124f0681-110,110,0,1,2,62,1,0.22
20261001T111152Z-8adcb79,1e822304a075,d1a4b481f07f,1e822304a075-001,1,0,1,75,,150,0.24
20261001T111152Z-8adcb79,1e822304a075,d1a4b481f07f,1e822304a075-002,2,0,1,,,149,0.22
20261001T111152Z-8adcb79,1e822304a075,d1a4b481f07f,1e822304a075-003,3,0,1,,77,148,0.32
20261001T111152Z-8adcb79,1e822304a075,d1a4b481f07f,1e822304a075-004,4,0,1,74,105,147,0.27
20261001T111152Z-8adcb79,1e822304a075,d1a4b481f07f,1e822304a075-005,5,0,1,,114,146,0.2
20261001T111152Z-8adcb79,1e822304a075,d1a4b481f07f,1e822304a075-006,6,0,1,,4,145,0.26
20261001T111152Z-8adcb79,1e822304a075,d1a4b481f07f,1e822304a075-007,7,0,1,,117,144,0.18
20261001T111152Z-8adcb79,1e822304a075,d1a4b481f07f,1e822304a075-008,8,0,1,,92,143,0.19
20261001T111152Z-8adcb79,1e822304a075,d1a4b481f07f,1e822304a075-009,9,0,1,,7,142,0.24
20261001T111152Z-8adcb79,1e822304a075,d1a4b481f07f,1e822304a075-010,10,0,1,,120,141,0.21
20261001T111152Z-8adcb79,1e822304a075,d1a4b481f07f,1e822304a075-011,11,0,1,,,140,0.26
20261001T111152Z-8adcb79,1e822304a075,d1a4b481f07f,1e822304a075-012,12,0,1,,65,139,0.25
20261001T111152Z-8adcb79,1e822304a075,d1a4b481f07f,1e822304a075-013,13,0,1,,18,138,0.24
20261001T111152Z-8adcb79,1e822304a075,d1a4b481f07f,1e822304a075-014,14,0,1,,79,137,0.24
20261001T111152Z-8adcb79,1e822304a075,d1a4b481f07f,1e822304a075-015,15,0,1,,75,136,0.23
20261001T111152Z-8adcb79,1e822304a075,d1a4b481f07f,1e822304a075-016,16,0,1,,5,135,0.26
20261001T111152Z-8adcb79,1e822304a075,d1a4b481f07f,1e822304a075-017,17,0,1,,8,134,0.26
20261001T111152Z-8adcb79,1e822304a075,d1a4b481f07f,1e822304a075-018,18,0,1,,,133,0.27
20261001T111152Z-8adcb79,1e822304a075,d1a4b481f07f,1e822304a075-019,19,0,1,,81,132,0.18
20261001T111152Z-8adcb79,1e822304a075,d1a4b481f07f,1e822304a075-020,20,0,1,,,131,0.22
20261001T111152Z-8adcb79,1e822304a075,d1a4b481f07f,1e822304a075-021,21,0,1,,76,130,0.21
20261001T111152Z-8adcb79,1e822304a075,d1a4b481f07f,1e822304a075-022,22,0,1,,69,129,0.21
20261001T111152Z-8adcb79,1e822304a075,d1a4b481f07f,1e822304a075-023,23,0,1,73,,128,0.17
20261001T111152Z-8adcb79,1e822304a075,d1a4b481f07f,1e822304a075-024,24,0,1,,78,127,0.19
20261001T111152Z-8adcb79,1e822304a075,d1a4b481f07f,1e822304a075-025,25,0,1,,63,126,0.18
20261001T111152Z-8adcb79,1e822304a075,d1a4b481f07f,1e822304a075-026,26,0,1,,98,125,0.18
20261001T111152Z-8adcb79,1e822304a075,d1a4b481f07f,1e822304a075-027,27,0,1,,24,124,0.16
20261001T111152Z-8adcb79,1e822304a075,d1a4b481f07f,1e822304a075-028,28,0,1,,,123,0.18
20261001T111152Z-8adcb79,1e822304a075,d1a4b481f07f,1e822304a075-029,29,0,1,,28,122,0.15
20261001T111152Z-8adcb79,1e822304a075,d1a4b481f07f,1e822304a075-030,30,0,1,,95,121,0.2
20261001T111152Z-8adcb79,1e822304a075,d1a4b481f07f,1e822304a075-031,31,0,1,,33,120,0.22
20261001T111152Z-8adcb79,1e822304a075,d1a4b481f07f,1e822304a075-032,32,0,1,72,19,119,0.17
20261001T111152Z-8adcb79,1e822304a075,d1a4b481f07f,1e822304a075-033,33,0,1,53,,118,0.19
20261001T111152Z-8adcb79,1e822304a075,d1a4b481f07f,1e822304a075-034,34,0,1,71,,117,0.2
20261001T111152Z-8adcb79,1e822304a075,d1a4b481f07f,1e822304a075-035,35,0,1,,82,116,0.28
20261001T111152Z-8adcb79,1e822304a075,d1a4b481f07f,1e822304a075-036,36,0,1,,89,115,0.28
20261001T111152Z-8adcb79,1e822304a075,d1a4b481f07f,1e822304a075-037,37,0,1,43,38,114,0.2
20261001T111152Z-8adcb79,1e822304a075,d1a4b481f07f,1e822304a075-038,38,0,1,,,113,0.28
20261001T111152Z-8adcb79,1e822304a075,d1a4b481f07f,1e822304a075-039,39,0,1,70,123,112,0.23
20261001T111152Z-8adcb79,1e822304a075,d1a4b481f07f,1e822304a075-040,40,0,1,,99,111,0.19
20261001T111152Z-8adcb79,1e822304a075,d1a4b481f07f,1e822304a075-041,41,0,1,,60,110,0.19
20261001T111152Z-8adcb79,1e822304a075,d1a4b481f07f,1e822304a075-042,42,0,1,69,,109,0.18
20261001T111152Z-8adcb79,1e822304a075,d1a4b481f07f,1e822304a075-043,43,0,1,68,,108,0.21
20261001T111152Z-8adcb79,1e822304a075,d1a4b481f07f,1e822304a075-044,44,0,1,67,122,107,0.26
20261001T111152Z-8adcb79,1e822304a075,d1a4b481f07f,1e822304a075-045,45,0,1,,96,106,0.2
20261001T111152Z-8adcb79,1e822304a075,d1a4b481f07f,1e822304a075-046,46,0,1,66,10,105,0.19
20261001T111152Z-8adcb79,1e822304a075,d1a4b481f07f,1e822304a075-047,47,0,1,42,14,104,0.21
20261001T111152Z-8adcb79,1e822304a075,d1a4b481f07f,1e822304a075-048,48,0,1,65,,103,0.19
20261001T111152Z-8adcb79,1e822304a075,d1a4b481f07f,1e822304a075-049,49,0,1,,6,102,0.25
20261001T111152Z-8adcb79,1e822304a075,d1a4b481f07f,1e822304a075-050,50,0,1,64,116,101,0.16
20261001T111152Z-8adcb79,1e822304a075,d1a4b481f07f,1e822304a075-051,51,0,1,,59,100,0.18
20261001T111152Z-8adcb79,1e822304a075,d1a4b481f07f,1e822304a075-052,52,0,1,,94,99,0.19
20261001T111152Z-8adcb79,1e822304a075,d1a4b481f07f,1e822304a075-053,53,0,1,,34,98,0.16
20261001T111152Z-8adcb79,1e822304a075,d1a4b481f07f,1e822304a075-054,54,0,1,,67,97,0.18
20261001T111152Z-8adcb79,1e822304a075,d1a4b481f07f,1e822304a075-055,55,0,1,,93,96,0.19
20261001T111152Z-8adcb79,1e822304a075,d1a4b481f07f,1e822304a075-056,56,0,1,,,95,0.18
20261001T111152Z-8adcb79,1e822304a075,d1a4b481f07f,1e822304a075-057,57,0,1,,128,94,0.2
20261001T111152Z-8adcb79,1e822304a075,d1a4b481f07f,1e822304a075-058,58,0,1,,,93,0.35
20261001T111152Z-8adcb79,1e822304a075,d1a4b481f07f,1e822304a075-059,59,0,1,,26,92,0.28
20261001T111152Z-8adcb79,1e822304a075,d1a4b481f07f,1e822304a075-060,60,0,1,,,91,0.27
20261001T111152Z-8adcb79,1e822304a075,d1a4b481f07f,1e822304a075-061,61,0,1,,125,90,0.41
20261001T111152Z-8adcb79,1e822304a075,d1a4b481f07f,1e822304a075-062,62,0,1,,64,89,0.23
20261001T111152Z-8adcb79,1e822304a075,d1a4b481f07f,1e822304a075-063,63,0,1,31,46,88,0.2
20261001T111152Z-8adcb79,1e822304a075,d1a4b481f07f,1e822304a075-064,64,0,1,,127,87,0.26
20261001T111152Z-8adcb79,1e822304a075,d1a4b481f07f,1e822304a075-065,65,0,1,52,,86,0.22
20261001T111152Z-8adcb79,1e822304a075,d1a4b481f07f,1e822304a075-066,66,0,1,51,84,85,0.23
20261001T111152Z-8adcb79,1e822304a075,d1a4b481f07f,1e822304a075-067,67,0,1,,66,84,0.26
20261001T111152Z-8adcb79,1e822304a075,d1a4b481f07f,1e822304a075-068,68,0,1,,16,83,0.19
20261001T111152Z-8adcb79,1e822304a075,d1a4b481f07f,1e822304a075-069,69,0,1,,88,82,0.26
20261001T111152Z-8adcb79,1e822304a075,d1a4b481f07f,1e822304a075-070,70,0,1,63,42,81,0.25
20261001T111152Z-8adcb79,1e822304a075,d1a4b481f07f,1e822304a075-071,71,0,1,50,106,80,0.18
20261001T111152Z-8adcb79,1e822304a075,d1a4b481f07f,1e822304a075-072,72,0,1,41,87,79,0.18
20261001T111152Z-8adcb79,1e822304a075,d1a4b481f07f,1e822304a075-073,73,0,1,,40,78,0.16
20261001T111152Z-8adcb79,1e822304a075,d1a4b481f07f,1e822304a075-074,74,0,1,62,113,77,0.2
20261001T111152Z-8adcb79,1e822304a075,d1a4b481f07f,1e822304a075-075,75,0,1,19,,76,0.17
20261001T111152Z-8adcb79,1e822304a075,d1a4b481f07f,1e822304a075-076,76,0,1,40,55,75,0.21
20261001T111152Z-8adcb79,1e822304a075,d1a4b481f07f,1e822304a075-077,77,0,1,21,15,74,0.24
20261001T111152Z-8adcb79,1e822304a075,d1a4b481f07f,1e822304a075-078,78,0,1,,44,73,0.21
20261001T111152Z-8adcb79,1e822304a075,d1a4b481f07f,1e822304a075-079,79,0,1,61,48,72,0.25
20261001T111152Z-8adcb79,1e822304a075,d1a4b481f07f,1e822304a075-080,80,0,1,30,41,71,0.22
20261001T111152Z-8adcb79,1e822304a075,d1a4b481f07f,1e822304a075-081,81,0,1,29,,70,0.18
20261001T111152Z-8adcb79,1e822304a075,d1a4b481f07f,1e822304a075-082,82,0,1,,,69,0.18
20261001T111152Z-8adcb79,1e822304a075,d1a4b481f07f,1e822304a075-083,83,0,1,28,104,68,0.2
20261001T111152Z-8adcb79,1e822304a075,d1a4b481f07f,1e822304a075-084,84,0,1,,36,67,0.18
20261001T111152Z-8adcb79,1e822304a075,d1a4b481f07f,1e822304a075-085,85,0,1,,119,66,0.18
20261001T111152Z-8adcb79,1e822304a075,d1a4b481f07f,1e822304a075-086,86,0,1,39,109,65,0.24
20261001T111152Z-8adcb79,1e822304a075,d1a4b481f07f,1e822304a075-087,87,0,1,49,110,64,0.3
20261001T111152Z-8adcb79,1e822304a075,d1a4b481f07f,1e822304a075-088,88,0,1,,39,63,0.22
20261001T111152Z-8adcb79,1e822304a075,d1a4b481f07f,1e822304a075-089,89,0,0,,107,62,0.45
20261001T111152Z-8adcb79,1e822304a075,d1a4b481f07f,1e822304a075-090,90,0,1,48,52,61,0.34
20261001T111152Z-8adcb79,1e822304a075,d1a4b481f07f,1e822304a075-091,91,0,1,,101,60,0.3
20261001T111152Z-8adcb79,1e822304a075,d1a4b481f07f,1e822304a075-092,92,0,1,38,112,59,0.24
20261001T111152Z-8adcb79,1e822304a075,d1a4b481f07f,1e822304a075-093,93,0,1,,118,58,0.16
20261001T111152Z-8adcb79,1e822304a075,d1a4b481f07f,1e822304a075-094,94,0,1,47,126,57,0.31
20261001T111152Z-8adcb79,1e822304a075,d1a4b481f07f,1e822304a075-095,95,0,1,46,70,56,0.34
20261001T111152Z-8adcb79,1e822304a075,d1a4b481f07f,1e822304a075-096,96,0,1,,54,55,0.19
20261001T111152Z-8adcb79,1e822304a075,d1a4b481f07f,1e822304a075-097,97,0,1,,23,54,0.2
20261001T111152Z-8adcb79,1e822304a075,d1a4b481f07f,1e822304a075-098,98,0,1,,90,53,0.17
20261001T111152Z-8adcb79,1e822304a075,d1a4b481f07f,1e822304a075-099,99,0,1,27,103,52,0.21
20261001T111152Z-8adcb79,1e822304a075,d1a4b481f07f,1e822304a075-100,100,0,1,,121,51,0.21
20261001T111152Z-8adcb79,1e822304a075,d1a4b481f07f,1e822304a075-101,101,0,1,,,50,0.22
20261001T111152Z-8adcb79,1e822304a075,d1a4b481f07f,1e822304a075-102,102,0,1,37,31,49,0.23
20261001T111152Z-8adcb79,1e822304a075,d1a4b481f07f,1e822304a075-103,103,0,1,,83,48,0.13
20261001T111152Z-8adcb79,1e822304a075,d1a4b481f07f,1e822304a075-104,104,0,1,,80,47,0.25
20261001T111152Z-8adcb79,1e822304a075,d1a4b481f07f,1e822304a075-105,105,0,1,,73,46,0.27
20261001T111152Z-8adcb79,1e822304a075,d1a4b481f07f,1e822304a075-106,106,0,1,45,11,45,0.18
20261001T111152Z-8adcb79,1e822304a075,d1a4b481f07f,1e822304a075-107,107,0,1,,97,44,0.21
20261001T111152Z-8adcb79,1e822304a075,d1a4b481f07f,1e822304a075-108,108,0,1,60,3,43,0.2
20261001T111152Z-8adcb79,1e822304a075,d1a4b481f07f,1e822304a075-109,109,0,1,,115,42,0.18
20261001T111152Z-8adcb79,1e822304a075,d1a4b481f07f,1e822304a075-110,110,0,1,,124,41,0.17
20261001T111152Z-8adcb79,1e822304a075,d1a4b481f07f,1e822304a075-111,111,0,1,,35,40,0.18
20261001T111152Z-8adcb79,1e822304a075,d1a4b481f07f,1e822304a075-112,112,0,1,59,,39,0.17
20261001T111152Z-8adcb79,1e822304a075,d1a4b481f07f,1e822304a075-113,113,0,1,36,32,38,0.22
20261001T111152Z-8adcb79,1e822304a075,d1a4b481f07f,1e822304a075-114,114,0,1,,21,37,0.22
20261001T111152Z-8adcb79,1e822304a075,d1a4b481f07f,1e822304a075-115,115,0,0,,71,36,0.34
20261001T111152Z-8adcb79,1e822304a075,d1a4b481f07f,1e822304a075-116,116,0,1,58,62,35,0.35
20261001T111152Z-8adcb79,1e822304a075,d1a4b481f07f,1e822304a075-117,117,0,0,,108,34,0.32
20261001T111152Z-8adcb79,1e822304a075,d1a4b481f07f,1e822304a075-118,118,1,1,35,91,33,0.5
20261001T111152Z-8adcb79,1e822304a075,d1a4b481f07f,1e822304a075-119,119,0,1,16,30,32,0.35
20261001T111152Z-8adcb79,1e822304a075,d1a4b481f07f,1e822304a075-120,120,0,1,34,102,31,0.28
20261001T111152Z-8adcb79,1e822304a075,d1a4b481f07f,1e822304a075-121,121,0,1,57,72,30,0.22
20261001T111152Z-8adcb79,1e822304a075,d1a4b481f07f,1e822304a075-122,122,0,1,26,20,29,0.28
20261001T111152Z-8adcb79,1e822304a075,d1a4b481f07f,1e822304a075-123,123,0,1,4,45,28,0.26
20261001T111152Z-8adcb79,1e822304a075,d1a4b481f07f,1e822304a075-124,124,0,1,18,53,27,0.24
20261001T111152Z-8adcb79,1e822304a075,d1a4b481f07f,1e822304a075-125,125,0,1,15,68,26,0.29
20261001T111152Z-8adcb79,1e822304a075,d1a4b481f07f,1e822304a075-126,126,0,1,56,50,25,0.21
20261001T111152Z-8adcb79,1e822304a075,d1a4b481f07f,1e822304a075-127,127,0,1,5,57,24,0.2
20261001T111152Z-8adcb79,1e822304a075,d1a4b481f07f,1e822304a075-128,128,0,1,3,74,23,0.19
20261001T111152Z-8adcb79,1e822304a075,d1a4b481f07f,1e822304a075-129,129,0,1,2,13,22,0.31
20261001T111152Z-8adcb79,1e822304a075,d1a4b481f07f,1e822304a075-130,130,0,1,44,17,21,0.27
20261001T111152Z-8adcb79,1e822304a075,d1a4b481f07f,1e822304a075-131,131,0,1,13,9,20,0.25
20261001T111152Z-8adcb79,1e822304a075,d1a4b481f07f,1e822304a075-132,132,0,1,17,29,19,0.27
20261001T111152Z-8adcb79,1e822304a075,d1a4b481f07f,1e822304a075-133,133,0,1,24,22,18,0.25
20261001T111152Z-8adcb79,1e822304a075,d1a4b481f07f,1e822304a075-134,134,0,1,1,43,17,0.24
20261001T111152Z-8adcb79,1e822304a075,d1a4b481f07f,1e822304a075-135,135,0,1,23,111,16,0.27
20261001T111152Z-8adcb79,1e822304a075,d1a4b481f07f,1e822304a075-136,136,0,1,33,51,15,0.19
20261001T111152Z-8adcb79,1e822304a075,d1a4b481f07f,1e822304a075-137,137,0,1,22,47,14,0.29
20261001T111152Z-8adcb79,1e822304a075,d1a4b481f07f,1e822304a075-138,138,0,1,55,61,13,0.21
20261001T111152Z-8adcb79,1e822304a075,d1a4b481f07f,1e822304a075-139,139,0,1,20,25,12,0.39
20261001T111152Z-8adcb79,1e822304a075,d1a4b481f07f,1e822304a075-140,140,0,1,6,37,11,0.2
20261001T111152Z-8adcb79,1e822304a075,d1a4b481f07f,1e822304a075-141,141,0,1,7,86,10,0.24
20261001T111152Z-8adcb79,1e822304a075,d1a4b481f07f,1e822304a075-142,142,0,1,10,27,9,0.31
20261001T111152Z-8adcb79,1e822304a075,d1a4b481f07f,1e822304a075-143,143,0,1,12,100,8,0.24
20261001T111152Z-8adcb79,1e822304a075,d1a4b481f07f,1e822304a075-144,144,0,1,8,58,7,0.22
20261001T111152Z-8adcb79,1e822304a075,d1a4b481f07f,1e822304a075-145,145,0,1,9,85,6,0.2
20261001T111152Z-8adcb79,1e822304a075,d1a4b481f07f,1e822304a075-146,146,0,1,14,49,5,0.3
20261001T111152Z-8adcb79,1e822304a075,d1a4b481f07f,1e822304a075-147,147,0,1,54,2,4,0.24
20261001T111152Z-8adcb79,1e822304a075,d1a4b481f07f,1e822304a075-148,148,0,1,11,56,3,0.19
20261001T111152Z-8adcb79,1e822304a075,d1a4b481f07f,1e822304a075-149,149,0,1,32,12,2,0.24
20261001T111152Z-8adcb79,1e822304a075,d1a4b481f07f,1e822304a075-150,150,0,1,25,1,1,0.45
20261001T111152Z-8adcb79,346306c4a996,ed4a90b00da8,346306c4a996-001,1,0,1,22,68,83,0.26
20261001T111152Z-8adcb79,346306c4a996,ed4a90b00da8,346306c4a996-002,2,0,1,75,25,82,0.38
20261001T111152Z-8adcb79,346306c4a996,ed4a90b00da8,346306c4a996-003,3,0,1,74,1,81,0.36
20261001T111152Z-8adcb79,346306c4a996,ed4a90b00da8,346306c4a996-004,4,0,1,31,26,80,0.34
20261001T111152Z-8adcb79,346306c4a996,ed4a90b00da8,346306c4a996-005,5,0,1,73,80,79,0.29
20261001T111152Z-8adcb79,346306c4a996,ed4a90b00da8,346306c4a996-006,6,0,1,72,6,78,0.31
20261001T111152Z-8adcb79,346306c4a996,ed4a90b00da8,346306c4a996-007,7,0,1,71,9,77,0.31
20261001T111152Z-8adcb79,346306c4a996,ed4a90b00da8,346306c4a996-008,8,0,1,70,3,76,0.3
20261001T111152Z-8adcb79,346306c4a996,ed4a90b00da8,346306c4a996-009,9,0,1,69,61,75,0.3
20261001T111152Z-8adcb79,346306c4a996,ed4a90b00da8,346306c4a996-010,10,0,1,68,81,74,0.3
20261001T111152Z-8adcb79,346306c4a996,ed4a90b00da8,346306c4a996-011,11,0,1,67,2,73,0.28
20261001T111152Z-8adcb79,346306c4a996,ed4a90b00da8,346306c4a996-012,12,0,1,66,7,72,0.28
20261001T111152Z-8adcb79,346306c4a996,ed4a90b00da8,346306c4a996-013,13,0,1,65,8,71,0.27
20261001T111152Z-8adcb79,346306c4a996,ed4a90b00da8,346306c4a996-014,14,0,1,21,66,70,0.21
20261001T111152Z-8adcb79,346306c4a996,ed4a90b00da8,346306c4a996-015,15,0,1,34,34,69,0.21
20261001T111152Z-8adcb79,346306c4a996,ed4a90b00da8,346306c4a996-016,16,0,0,,79,68,0.25
20261001T111152Z-8adcb79,346306c4a996,ed4a90b00da8,346306c4a996-017,17,0,1,30,75,67,0.25
20261001T111152Z-8adcb79,346306c4a996,ed4a90b00da8,346306c4a996-018,18,0,1,11,63,66,0.21
20261001T111152Z-8adcb79,346306c4a996,ed4a90b00da8,346306c4a996-019,19,0,1,20,40,65,0.24
20261001T111152Z-8adcb79,346306c4a996,ed4a90b00da8,346306c4a996-020,20,0,1,19,71,64,0.22
20261001T111152Z-8adcb79,346306c4a996,ed4a90b00da8,346306c4a996-021,21,0,1,29,44,63,0.22
20261001T111152Z-8adcb79,346306c4a996,ed4a90b00da8,346306c4a996-022,22,0,1,10,41,62,0.24
20261001T111152Z-8adcb79,346306c4a996,ed4a90b00da8,346306c4a996-023,23,0,1,18,60,61,0.27
20261001T111152Z-8adcb79,346306c4a996,ed4a90b00da8,346306c4a996-024,24,0,1,64,50,60,0.26
20261001T111152Z-8adcb79,346306c4a996,ed4a90b00da8,346306c4a996-025,25,0,1,9,69,59,0.23
20261001T111152Z-8adcb79,346306c4a996,ed4a90b00da8,346306c4a996-026,26,0,1,33,56,58,0.27
20261001T111152Z-8adcb79,346306c4a996,ed4a90b00da8,346306c4a996-027,27,0,1,43,54,57,0.26
20261001T111152Z-8adcb79,346306c4a996,ed4a90b00da8,346306c4a996-028,28,0,1,17,57,56,0.22
20261001T111152Z-8adcb79,346306c4a996,ed4a90b00da8,346306c4a996-029,29,0,1,16,47,55,0.19
20261001T111152Z-8adcb79,346306c4a996,ed4a90b00da8,346306c4a996-030,30,0,1,3,37,54,0.23
20261001T111152Z-8adcb79,346306c4a996,ed4a90b00da8,346306c4a996-031,31,0,1,28,52,53,0.21
20261001T111152Z-8adcb79,346306c4a996,ed4a90b00da8,346306c4a996-032,32,0,1,4,42,52,0.21
20261001T111152Z-8adcb79,346306c4a996,ed4a90b00da8,346306c4a996-033,33,0,1,42,64,51,0.25
20261001T111152Z-8adcb79,346306c4a996,ed4a90b00da8,346306c4a996-034,34,0,1,63,16,50,0.26
20261001T111152Z-8adcb79,346306c4a996,ed4a90b00da8,346306c4a996-035,35,0,0,,15,49,0.26
20261001T111152Z-8adcb79,346306c4a996,ed4a90b00da8,346306c4a996-036,36,0,1,41,49,48,0.28
20261001T111152Z-8adcb79,346306c4a996,ed4a90b00da8,346306c4a996-037,37,0,1,27,32,47,0.24
20261001T111152Z-8adcb79,346306c4a996,ed4a90b00da8,346306c4a996-038,38,0,1,8,43,46,0.23
20261001T111152Z-8adcb79,346306c4a996,ed4a90b00da8,346306c4a996-039,39,0,1,40,48,45,0.22
20261001T111152Z-8adcb79,346306c4a996,ed4a90b00da8,346306c4a996-040,40,0,1,62,33,44,0.25
20261001T111152Z-8adcb79,346306c4a996,ed4a90b00da8,346306c4a996-041,41,0,0,,53,43,0.29
20261001T111152Z-8adcb79,346306c4a996,ed4a90b00da8,346306c4a996-042,42,0,1,39,78,42,0.26
20261001T111152Z-8adcb79,346306c4a996,ed4a90b00da8,346306c4a996-043,43,0,1,61,21,41,0.24
20261001T111152Z-8adcb79,346306c4a996,ed4a90b00da8,346306c4a996-044,44,0,1,60,24,40,0.24
20261001T111152Z-8adcb79,346306c4a996,ed4a90b00da8,346306c4a996-045,45,0,1,59,29,39,0.28
20261001T111152Z-8adcb79,346306c4a996,ed4a90b00da8,346306c4a996-046,46,0,1,58,62,38,0.21
20261001T111152Z-8adcb79,346306c4a996,ed4a90b00da8,346306c4a996-047,47,0,1,32,70,37,0.22
20261001T111152Z-8adcb79,346306c4a996,ed4a90b00da8,346306c4a996-048,48,0,1,57,31,36,0.3
20261001T111152Z-8adcb79,346306c4a996,ed4a90b00da8,346306c4a996-049,49,0,1,7,38,35,0.23
20261001T111152Z-8adcb79,346306c4a996,ed4a90b00da8,346306c4a996-050,50,0,1,38,55,34,0.25
20261001T111152Z-8adcb79,346306c4a996,ed4a90b00da8,346306c4a996-051,51,0,1,15,82,33,0.22
20261001T111152Z-8adcb79,346306c4a996,ed4a90b00da8,346306c4a996-052,52,0,1,14,35,32,0.21
20261001T111152Z-8adcb79,346306c4a996,ed4a90b00da8,346306c4a996-053,53,0,1,56,13,31,0.23
20261001T111152Z-8adcb79,346306c4a996,ed4a90b00da8,346306c4a996-054,54,0,1,55,20,30,0.23
20261001T111152Z-8adcb79,346306c4a996,ed4a90b00da8,346306c4a996-055,55,0,0,,83,29,0.21
20261001T111152Z-8adcb79,346306c4a996,ed4a90b00da8,346306c4a996-056,56,0,0,,67,28,0.29
20261001T111152Z-8adcb79,346306c4a996,ed4a90b00da8,346306c4a996-057,57,0,0,,39,27,0.23
20261001T111152Z-8adcb79,346306c4a996,ed4a90b00da8,346306c4a996-058,58,0,1,26,72,26,0.18
20261001T111152Z-8adcb79,346306c4a996,ed4a90b00da8,346306c4a996-059,59,0,1,6,45,25,0.18
20261001T111152Z-8adcb79,346306c4a996,ed4a90b00da8,346306c4a996-060,60,0,1,13,77,24,0.21
20261001T111152Z-8adcb79,346306c4a996,ed4a90b00da8,346306c4a996-061,61,0,1,37,51,23,0.23
20261001T111152Z-8adcb79,346306c4a996,ed4a90b00da8,346306c4a996-062,62,0,1,36,65,22,0.25
20261001T111152Z-8adcb79,346306c4a996,ed4a90b00da8,346306c4a996-063,63,0,1,54,4,21,0.27
20261001T111152Z-8adcb79,346306c4a996,ed4a90b00da8,346306c4a996-064,64,0,1,53,18,20,0.25
20261001T111152Z-8adcb79,346306c4a996,ed4a90b00da8,346306c4a996-065,65,0,1,52,12,19,0.22
20261001T111152Z-8adcb79,346306c4a996,ed4a90b00da8,346306c4a996-066,66,0,1,51,27,18,0.23
20261001T111152Z-8adcb79,346306c4a996,ed4a90b00da8,346306c4a996-067,67,0,1,50,22,17,0.22
20261001T111152Z-8adcb79,346306c4a996,ed4a90b00da8,346306c4a996-068,68,0,1,5,28,16,0.2
20261001T111152Z-8adcb79,346306c4a996,ed4a90b00da8,346306c4a996-069,69,0,1,12,76,15,0.21
20261001T111152Z-8adcb79,346306c4a996,ed4a90b00da8,346306c4a996-070,70,0,1,49,11,14,0.2
20261001T111152Z-8adcb79,346306c4a996,ed4a90b00da8,346306c4a996-071,71,0,1,2,17,13,0.19
20261001T111152Z-8adcb79,346306c4a996,ed4a90b00da8,346306c4a996-072,72,0,1,25,58,12,0.19
20261001T111152Z-8adcb79,346306c4a996,ed4a90b00da8,346306c4a996-073,73,0,0,,59,11,0.28
20261001T111152Z-8adcb79,346306c4a996,ed4a90b00da8,346306c4a996-074,74,0,1,24,73,10,0.22
20261001T111152Z-8adcb79,346306c4a996,ed4a90b00da8,346306c4a996-075,75,0,1,23,46,9,0.25
20261001T111152Z-8adcb79,346306c4a996,ed4a90b00da8,346306c4a996-076,76,0,1,48,23,8,0.24
20261001T111152Z-8adcb79,346306c4a996,ed4a90b00da8,346306c4a996-077,77,0,1,47,10,7,0.26
20261001T111152Z-8adcb79,346306c4a996,ed4a90b00da8,346306c4a996-078,78,0,1,46,14,6,0.22
20261001T111152Z-8adcb79,346306c4a996,ed4a90b00da8,346306c4a996-079,79,0,1,45,30,5,0.24
20261001T111152Z-8adcb79,346306c4a996,ed4a90b00da8,346306c4a996-080,80,0,1,44,19,4,0.22
20261001T111152Z-8adcb79,346306c4a996,ed4a90b00da8,346306c4a996-081,81,0,1,1,36,3,0.18
20261001T111152Z-8adcb79,346306c4a996,ed4a90b00da8,346306c4a996-082,82,0,1,35,74,2,0.31
20261001T111152Z-8adcb79,346306c4a996,ed4a90b00da8,346306c4a996-083,83,0,0,,5,1,0.28
20261001T111152Z-8adcb79,458b7607c31a,0afd8613df00,458b7607c31a-001,1,0,1,,,150,0.27
20261001T111152Z-8adcb79,458b7607c31a,0afd8613df00,458b7607c31a-002,2,0,1,,,149,0.18
20261001T111152Z-8adcb79,458b7607c31a,0afd8613df00,458b7607c31a-003,3,0,1,85,,148,0.18
20261001T111152Z-8adcb79,458b7607c31a,0afd8613df00,458b7607c31a-004,4,0,1,84,,147,0.25
20261001T111152Z-8adcb79,458b7607c31a,0afd8613df00,458b7607c31a-005,5,0,1,,,146,0.26
20261001T111152Z-8adcb79,458b7607c31a,0afd8613df00,458b7607c31a-006,6,0,1,,,145,0.2
20261001T111152Z-8adcb79,458b7607c31a,0afd8613df00,458b7607c31a-007,7,0,1,,,144,0.27
20261001T111152Z-8adcb79,458b7607c31a,0afd8613df00,458b7607c31a-008,8,0,1,,,143,0.11
20261001T111152Z-8adcb79,458b7607c31a,0afd8613df00,458b7607c31a-009,9,0,1,,,142,0.21
20261001T111152Z-8adcb79,458b7607c31a,0afd8613df00,458b7607c31a-010,10,0,1,,,141,0.2
20261001T111152Z-8adcb79,458b7607c31a,0afd8613df00,458b7607c31a-011,11,0,0,,,140,0.12
20261001T111152Z-8adcb79,458b7607c31a,0afd8613df00,458b7607c31a-012,12,0,0,,,139,0.16
20261001T111152Z-8adcb79,458b7607c31a,0afd8613df00,458b7607c31a-013,13,0,1,,,138,0.15
20261001T111152Z-8adcb79,458b7607c31a,0afd8613df00,458b7607c31a-014,14,0,1,83,,137,0.18
20261001T111152Z-8adcb79,458b7607c31a,0afd8613df00,458b7607c31a-015,15,0,1,,,136,0.29
20261001T111152Z-8adcb79,458b7607c31a,0afd8613df00,458b7607c31a-016,16,0,1,,,135,0.22
20261001T111152Z-8adcb79,458b7607c31a,0afd8613df00,458b7607c31a-017,17,0,1,,,134,0.19
20261001T111152Z-8adcb79,458b7607c31a,0afd8613df00,458b7607c31a-018,18,0,1,,,133,0.22
20261001T111152Z-8adcb79,458b7607c31a,0afd8613df00,458b7607c31a-019,19,0,1,,,132,0.26
20261001T111152Z-8adcb79,458b7607c31a,0afd8613df00,458b7607c31a-020,20,0,1,,,131,0.33
20261001T111152Z-8adcb79,458b7607c31a,0afd8613df00,458b7607c31a-021,21,0,1,,,130,0.3
20261001T111152Z-8adcb79,458b7607c31a,0afd8613df00,458b7607c31a-022,22,0,1,,,129,0.31
20261001T111152Z-8adcb79,458b7607c31a,0afd8613df00,458b7607c31a-023,23,0,1,,,128,0.27
20261001T111152Z-8adcb79,458b7607c31a,0afd8613df00,458b7607c31a-024,24,0,1,82,,127,0.25
20261001T111152Z-8adcb79,458b7607c31a,0afd8613df00,458b7607c31a-025,25,0,1,,,126,0.2
20261001T111152Z-8adcb79,458b7607c31a,0afd8613df00,458b7607c31a-026,26,0,1,,,125,0.32
20261001T111152Z-8adcb79,458b7607c31a,0afd8613df00,458b7607c31a-027,27,0,1,,,124,0.28
20261001T111152Z-8adcb79,458b7607c31a,0afd8613df00,458b7607c31a-028,28,0,1,,,123,0.24
20261001T111152Z-8adcb79,458b7607c31a,0afd8613df00,458b7607c31a-029,29,0,1,,,122,0.24
20261001T111152Z-8adcb79,458b7607c31a,0afd8613df00,458b7607c31a-030,30,0,1,81,,121,0.31
20261001T111152Z-8adcb79,458b7607c31a,0afd8613df00,458b7607c31a-031,31,0,1,80,,120,0.33
20261001T111152Z-8adcb79,458b7607c31a,0afd8613df00,458b7607c31a-032,32,0,1,79,5,119,0.3
20261001T111152Z-8adcb79,458b7607c31a,0afd8613df00,458b7607c31a-033,33,0,1,78,,118,0.29
20261001T111152Z-8adcb79,458b7607c31a,0afd8613df00,458b7607c31a-034,34,0,1,77,18,117,0.29
20261001T111152Z-8adcb79,458b7607c31a,0afd8613df00,458b7607c31a-035,35,0,1,76,,116,0.38
20261001T111152Z-8adcb79,458b7607c31a,0afd8613df00,458b7607c31a-036,36,0,1,75,11,115,0.4
20261001T111152Z-8adcb79,458b7607c31a,0afd8613df00,458b7607c31a-037,37,0,1,74,,114,0.29
20261001T111152Z-8adcb79,458b7607c31a,0afd8613df00,458b7607c31a-038,38,0,0,,,113,0.23
20261001T111152Z-8adcb79,458b7607c31a,0afd8613df00,458b7607c31a-039,39,0,1,,,112,0.27
20261001T111152Z-8adcb79,458b7607c31a,0afd8613df00,458b7607c31a-040,40,0,1,,,111,0.37
20261001T111152Z-8adcb79,458b7607c31a,0afd8613df00,458b7607c31a-041,41,0,0,,,110,0.42
20261001T111152Z-8adcb79,458b7607c31a,0afd8613df00,458b7607c31a-042,42,0,1,73,,109,0.24
20261001T111152Z-8adcb79,458b7607c31a,0afd8613df00,458b7607c31a-043,43,0,0,,,108,0.34
20261001T111152Z-8adcb79,458b7607c31a,0afd8613df00,458b7607c31a-044,44,0,0,,,107,0.3
20261001T111152Z-8adcb79,458b7607c31a,0afd8613df00,458b7607c31a-045,45,0,0,,,106,0.27
20261001T111152Z-8adcb79,458b7607c31a,0afd8613df00,458b7607c31a-046,46,0,0,,,105,0.27
20261001T111152Z-8adcb79,458b7607c31a,0afd8613df00,458b7607c31a-047,47,0,0,,,104,0.26
20261001T111152Z-8adcb79,458b7607c31a,0afd8613df00,458b7607c31a-048,48,0,0,,,103,0.35
20261001T111152Z-8adcb79,458b7607c31a,0afd8613df00,458b7607c31a-049,49,0,1,,,102,0.26
20261001T111152Z-8adcb79,458b7607c31a,0afd8613df00,458b7607c31a-050,50,0,0,,,101,0.26
20261001T111152Z-8adcb79,458b7607c31a,0afd8613df00,458b7607c31a-051,51,0,0,,,100,0.32
20261001T111152Z-8adcb79,458b7607c31a,0afd8613df00,458b7607c31a-052,52,0,1,,,99,0.2
20261001T111152Z-8adcb79,458b7607c31a,0afd8613df00,458b7607c31a-053,53,0,1,,,98,0.24
20261001T111152Z-8adcb79,458b7607c31a,0afd8613df00,458b7607c31a-054,54,0,1,72,16,97,0.3
20261001T111152Z-8adcb79,458b7607c31a,0afd8613df00,458b7607c31a-055,55,0,1,71,22,96,0.36
20261001T111152Z-8adcb79,458b7607c31a,0afd8613df00,458b7607c31a-056,56,0,1,70,,95,0.41
20261001T111152Z-8adcb79,458b7607c31a,0afd8613df00,458b7607c31a-057,57,0,1,69,,94,0.3
20261001T111152Z-8adcb79,458b7607c31a,0afd8613df00,458b7607c31a-058,58,0,1,68,17,93,0.29
20261001T111152Z-8adcb79,458b7607c31a,0afd8613df00,458b7607c31a-059,59,0,1,,12,92,0.27
20261001T111152Z-8adcb79,458b7607c31a,0afd8613df00,458b7607c31a-060,60,0,1,67,,91,0.23
20261001T111152Z-8adcb79,458b7607c31a,0afd8613df00,458b7607c31a-061,61,0,1,66,,90,0.23
20261001T111152Z-8adcb79,458b7607c31a,0afd8613df00,458b7607c31a-062,62,0,1,,19,89,0.27
20261001T111152Z-8adcb79,458b7607c31a,0afd8613df00,458b7607c31a-063,63,0,1,65,,88,0.24
20261001T111152Z-8adcb79,458b7607c31a,0afd8613df00,458b7607c31a-064,64,0,1,,14,87,0.3
20261001T111152Z-8adcb79,458b7607c31a,0afd8613df00,458b7607c31a-065,65,0,1,64,,86,0.25
20261001T111152Z-8adcb79,458b7607c31a,0afd8613df00,458b7607c31a-066,66,0,1,63,,85,0.28
20261001T111152Z-8adcb79,458b7607c31a,0afd8613df00,458b7607c31a-067,67,0,1,62,,84,0.23
20261001T111152Z-8adcb79,458b7607c31a,0afd8613df00,458b7607c31a-068,68,0,1,61,6,83,0.22
20261001T111152Z-8adcb79,458b7607c31a,0afd8613df00,458b7607c31a-069,69,0,1,60,7,82,0.33
20261001T111152Z-8adcb79,458b7607c31a,0afd8613df00,458b7607c31a-070,70,0,1,59,,81,0.28
20261001T111152Z-8adcb79,458b7607c31a,0afd8613df00,458b7607c31a-071,71,0,1,,21,80,0.28
20261001T111152Z-8adcb79,458b7607c31a,0afd8613df00,458b7607c31a-072,72,0,1,,,79,0.22
20261001T111152Z-8adcb79,458b7607c31a,0afd8613df00,458b7607c31a-073,73,0,1,58,,78,0.3
20261001T111152Z-8adcb79,458b7607c31a,0afd8613df00,458b7607c31a-074,74,0,1,57,1,77,0.36
20261001T111152Z-8adcb79,458b7607c31a,0afd8613df00,458b7607c31a-075,75,0,1,7,,76,0.31
20261001T111152Z-8adcb79,458b7607c31a,0afd8613df00,458b7607c31a-076,76,0,1,56,,75,0.33
20261001T111152Z-8adcb79,458b7607c31a,0afd8613df00,458b7607c31a-077,77,0,1,55,,74,0.3
20261001T111152Z-8adcb79,458b7607c31a,0afd8613df00,458b7607c31a-078,78,0,1,54,,73,0.21
20261001T111152Z-8adcb79,458b7607c31a,0afd8613df00,458b7607c31a-079,79,0,1,6,,72,0.2
20261001T111152Z-8adcb79,458b7607c31a,0afd8613df00,458b7607c31a-080,80,0,1,53,,71,0.23
20261001T111152Z-8adcb79,458b7607c31a,0afd8613df00,458b7607c31a-081,81,0,1,52,,70,0.22
20261001T111152Z-8adcb79,458b7607c31a,0afd8613df00,458b7607c31a-082,82,0,1,51,,69,0.26
20261001T111152Z-8adcb79,458b7607c31a,0afd8613df00,458b7607c31a-083,83,0,1,50,,68,0.24
20261001T111152Z-8adcb79,458b7607c31a,0afd8613df00,458b7607c31a-084,84,0,1,49,,67,0.22
20261001T111152Z-8adcb79,458b7607c31a,0afd8613df00,458b7607c31a-085,85,0,1,48,10,66,0.28
20261001T111152Z-8adcb79,458b7607c31a,0afd8613df00,458b7607c31a-086,86,0,1,47,,65,0.37
20261001T111152Z-8adcb79,458b7607c31a,0afd8613df00,458b7607c31a-087,87,0,1,46,8,64,0.26
20261001T111152Z-8adcb79,458b7607c31a,0afd8613df00,458b7607c31a-088,88,0,1,45,,63,0.29
20261001T111152Z-8adcb79,458b7607c31a,0afd8613df00,458b7607c31a-089,89,0,1,44,,62,0.2
20261001T111152Z-8adcb79,458b7607c31a,0afd8613df00,458b7607c31a-090,90,0,1,43,,61,0.31
20261001T111152Z-8adcb79,458b7607c31a,0afd8613df00,458b7607c31a-091,91,0,1,,,60,0.32
20261001T111152Z-8adcb79,458b7607c31a,0afd8613df00,458b7607c31a-092,92,0,1,42,,59,0.22
20261001T111152Z-8adcb79,458b7607c31a,0afd8613df00,458b7607c31a-093,93,0,1,41,,58,0.24
20261001T111152Z-8adcb79,458b7607c31a,0afd8613df00,458b7607c31a-094,94,0,1,40,,57,0.24
20261001T111152Z-8adcb79,458b7607c31a,0afd8613df00,458b7607c31a-095,95,0,1,5,,56,0.23
20261001T111152Z-8adcb79,458b7607c31a,0afd8613df00,458b7607c31a-096,96,0,0,,,55,0.3
20261001T111152Z-8adcb79,458b7607c31a,0afd8613df00,458b7607c31a-097,97,0,0,,,54,0.24
20261001T111152Z-8adcb79,458b7607c31a,0afd8613df00,458b7607c31a-098,98,0,0,,,53,0.28
20261001T111152Z-8adcb79,458b7607c31a,0afd8613df00,458b7607c31a-099,99,0,0,,,52,0.27
20261001T111152Z-8adcb79,458b7607c31a,0afd8613df00,458b7607c31a-100,100,0,0,,,51,0.27
20261001T111152Z-8adcb79,458b7607c31a,0afd8613df00,458b7607c31a-101,101,0,0,,,50,0.21
20261001T111152Z-8adcb79,458b7607c31a,0afd8613df00,458b7607c31a-102,102,0,1,39,,49,0.31
20261001T111152Z-8adcb79,458b7607c31a,0afd8613df00,458b7607c31a-103,103,0,1,,15,48,0.31
20261001T111152Z-8adcb79,458b7607c31a,0afd8613df00,458b7607c31a-104,104,0,1,38,,47,0.24
20261001T111152Z-8adcb79,458b7607c31a,0afd8613df00,458b7607c31a-105,105,0,1,,3,46,0.31
20261001T111152Z-8adcb79,458b7607c31a,0afd8613df00,458b7607c31a-106,106,0,1,37,,45,0.29
20261001T111152Z-8adcb79,458b7607c31a,0afd8613df00,458b7607c31a-107,107,0,1,,9,44,0.31
20261001T111152Z-8adcb79,458b7607c31a,0afd8613df00,458b7607c31a-108,108,0,1,4,,43,0.33
20261001T111152Z-8adcb79,458b7607c31a,0afd8613df00,458b7607c31a-109,109,0,1,36,13,42,0.3
20261001T111152Z-8adcb79,458b7607c31a,0afd8613df00,458b7607c31a-110,110,0,1,,,41,0.31
20261001T111152Z-8adcb79,458b7607c31a,0afd8613df00,458b7607c31a-111,111,0,1,,,40,0.3
20261001T111152Z-8adcb79,458b7607c31a,0afd8613df00,458b7607c31a-112,112,0,1,35,,39,0.32
20261001T111152Z-8adcb79,458b7607c31a,0afd8613df00,458b7607c31a-113,113,0,1,34,,38,0.26
20261001T111152Z-8adcb79,458b7607c31a,0afd8613df00,458b7607c31a-114,114,0,1,,,37,0.32
20261001T111152Z-8adcb79,458b7607c31a,0afd8613df00,458b7607c31a-115,115,0,1,33,,36,0.28
20261001T111152Z-8adcb79,458b7607c31a,0afd8613df00,458b7607c31a-116,116,0,1,3,,35,0.29
20261001T111152Z-8adcb79,458b7607c31a,0afd8613df00,458b7607c31a-117,117,0,1,32,,34,0.26
20261001T111152Z-8adcb79,458b7607c31a,0afd8613df00,458b7607c31a-118,118,0,0,,,33,0.27
20261001T111152Z-8adcb79,458b7607c31a,0afd8613df00,458b7607c31a-119,119,0,1,31,,32,0.25
20261001T111152Z-8adcb79,458b7607c31a,0afd8613df00,458b7607c31a-120,120,0,1,30,,31,0.28
20261001T111152Z-8adcb79,458b7607c31a,0afd8613df00,458b7607c31a-121,121,0,1,29,,30,0.24
20261001T111152Z-8adcb79,458b7607c31a,0afd8613df00,458b7607c31a-122,122,0,1,28,,29,0.27
20261001T111152Z-8adcb79,458b7607c31a,0afd8613df00,458b7607c31a-123,123,0,1,27,,28,0.31
20261001T111152Z-8adcb79,458b7607c31a,0afd8613df00,458b7607c31a-124,124,0,1,26,2,27,0.26
20261001T111152Z-8adcb79,458b7607c31a,0afd8613df00,458b7607c31a-125,125,0,1,25,,26,0.2
20261001T111152Z-8adcb79,458b7607c31a,0afd8613df00,458b7607c31a-126,126,0,0,,,25,0.28
20261001T111152Z-8adcb79,458b7607c31a,0afd8613df00,458b7607c31a-127,127,0,0,,,24,0.27
20261001T111152Z-8adcb79,458b7607c31a,0afd8613df00,458b7607c31a-128,128,0,1,24,,23,0.25
20261001T111152Z-8adcb79,458b7607c31a,0afd8613df00,458b7607c31a-129,129,0,1,23,,22,0.39
20261001T111152Z-8adcb79,458b7607c31a,0afd8613df00,458b7607c31a-130,130,0,1,22,,21,0.29
20261001T111152Z-8adcb79,458b7607c31a,0afd8613df00,458b7607c31a-131,131,0,1,21,,20,0.19
20261001T111152Z-8adcb79,458b7607c31a,0afd8613df00,458b7607c31a-132,132,0,1,20,20,19,0.27
20261001T111152Z-8adcb79,458b7607c31a,0afd8613df00,458b7607c31a-133,133,0,1,19,4,18,0.25
20261001T111152Z-8adcb79,458b7607c31a,0afd8613df00,458b7607c31a-134,134,0,1,18,,17,0.28
20261001T111152Z-8adcb79,458b7607c31a,0afd8613df00,458b7607c31a-135,135,0,1,17,,16,0.2
20261001T111152Z-8adcb79,458b7607c31a,0afd8613df00,458b7607c31a-136,136,0,1,16,,15,0.23
20261001T111152Z-8adcb79,458b7607c31a,0afd8613df00,458b7607c31a-137,137,0,1,15,,14,0.3
20261001T111152Z-8adcb79,458b7607c31a,0afd8613df00,458b7607c31a-138,138,0,1,14,,13,0.15
20261001T111152Z-8adcb79,458b7607c31a,0afd8613df00,458b7607c31a-139,139,0,0,,,12,0.28
20261001T111152Z-8adcb79,458b7607c31a,0afd8613df00,458b7607c31a-140,140,0,1,13,,11,0.15
20261001T111152Z-8adcb79,458b7607c31a,0afd8613df00,458b7607c31a-141,141,0,1,12,,10,0.24
20261001T111152Z-8adcb79,458b7607c31a,0afd8613df00,458b7607c31a-142,142,0,1,11,,9,0.11
20261001T111152Z-8adcb79,458b7607c31a,0afd8613df00,458b7607c31a-143,143,0,1,,,8,0.21
20261001T111152Z-8adcb79,458b7607c31a,0afd8613df00,458b7607c31a-144,144,0,0,,,7,0.26
20261001T111152Z-8adcb79,458b7607c31a,0afd8613df00,458b7607c31a-145,145,0,0,,,6,0.22
20261001T111152Z-8adcb79,458b7607c31a,0afd8613df00,458b7607c31a-146,146,0,1,10,,5,0.24
20261001T111152Z-8adcb79,458b7607c31a,0afd8613df00,458b7607c31a-147,147,0,1,1,,4,0.2
20261001T111152Z-8adcb79,458b7607c31a,0afd8613df00,458b7607c31a-148,148,0,1,2,,3,0.3
20261001T111152Z-8adcb79,458b7607c31a,0afd8613df00,458b7607c31a-149,149,0,1,9,,2,0.19
20261001T111152Z-8adcb79,458b7607c31a,0afd8613df00,458b7607c31a-150,150,0,1,8,,1,0.27
20261001T111152Z-8adcb79,4bbb994747c2,2cd228cc14ff,4bbb994747c2-001,1,0,1,69,6,89,0.39
20261001T111152Z-8adcb79,4bbb994747c2,2cd228cc14ff,4bbb994747c2-002,2,0,1,68,84,88,0.31
20261001T111152Z-8adcb79,4bbb994747c2,2cd228cc14ff,4bbb994747c2-003,3,0,1,20,46,87,0.3
20261001T111152Z-8adcb79,4bbb994747c2,2cd228cc14ff,4bbb994747c2-004,4,0,1,,1,86,0.22
20261001T111152Z-8adcb79,4bbb994747c2,2cd228cc14ff,4bbb994747c2-005,5,0,1,,11,85,0.26
20261001T111152Z-8adcb79,4bbb994747c2,2cd228cc14ff,4bbb994747c2-006,6,0,1,,83,84,0.23
20261001T111152Z-8adcb79,4bbb994747c2,2cd228cc14ff,4bbb994747c2-007,7,0,1,,13,83,0.28
20261001T111152Z-8adcb79,4bbb994747c2,2cd228cc14ff,4bbb994747c2-008,8,0,1,,5,82,0.27
20261001T111152Z-8adcb79,4bbb994747c2,2cd228cc14ff,4bbb994747c2-009,9,0,1,,17,81,0.26
20261001T111152Z-8adcb79,4bbb994747c2,2cd228cc14ff,4bbb994747c2-010,10,0,1,67,42,80,0.29
20261001T111152Z-8adcb79,4bbb994747c2,2cd228cc14ff,4bbb994747c2-011,11,0,1,66,41,79,0.24
20261001T111152Z-8adcb79,4bbb994747c2,2cd228cc14ff,4bbb994747c2-012,12,0,1,,12,78,0.23
20261001T111152Z-8adcb79,4bbb994747c2,2cd228cc14ff,4bbb994747c2-013,13,0,1,,26,77,0.24
20261001T111152Z-8adcb79,4bbb994747c2,2cd228cc14ff,4bbb994747c2-014,14,0,1,,55,76,0.27
20261001T111152Z-8adcb79,4bbb994747c2,2cd228cc14ff,4bbb994747c2-015,15,0,1,65,9,75,0.26
20261001T111152Z-8adcb79,4bbb994747c2,2cd228cc14ff,4bbb994747c2-016,16,0,1,64,14,74,0.3
20261001T111152Z-8adcb79,4bbb994747c2,2cd228cc14ff,4bbb994747c2-017,17,0,1,,8,73,0.27
20261001T111152Z-8adcb79,4bbb994747c2,2cd228cc14ff,4bbb994747c2-018,18,0,1,,51,72,0.28
20261001T111152Z-8adcb79,4bbb994747c2,2cd228cc14ff,4bbb994747c2-019,19,0,1,,23,71,0.34
20261001T111152Z-8adcb79,4bbb994747c2,2cd228cc14ff,4bbb994747c2-020,20,0,1,,25,70,0.24
20261001T111152Z-8adcb79,4bbb994747c2,2cd228cc14ff,4bbb994747c2-021,21,0,1,,75,69,0.26
20261001T111152Z-8adcb79,4bbb994747c2,2cd228cc14ff,4bbb994747c2-022,22,0,1,,74,68,0.21
20261001T111152Z-8adcb79,4bbb994747c2,2cd228cc14ff,4bbb994747c2-023,23,0,1,63,40,67,0.33
20261001T111152Z-8adcb79,4bbb994747c2,2cd228cc14ff,4bbb994747c2-024,24,0,1,62,62,66,0.29
20261001T111152Z-8adcb79,4bbb994747c2,2cd228cc14ff,4bbb994747c2-025,25,0,1,,35,65,0.28
20261001T111152Z-8adcb79,4bbb994747c2,2cd228cc14ff,4bbb994747c2-026,26,0,1,,66,64,0.21
20261001T111152Z-8adcb79,4bbb994747c2,2cd228cc14ff,4bbb994747c2-027,27,0,1,12,24,63,0.31
20261001T111152Z-8adcb79,4bbb994747c2,2cd228cc14ff,4bbb994747c2-028,28,0,1,43,27,62,0.24
20261001T111152Z-8adcb79,4bbb994747c2,2cd228cc14ff,4bbb994747c2-029,29,0,1,61,31,61,0.27
20261001T111152Z-8adcb79,4bbb994747c2,2cd228cc14ff,4bbb994747c2-030,30,0,1,42,60,60,0.3
20261001T111152Z-8adcb79,4bbb994747c2,2cd228cc14ff,4bbb994747c2-031,31,0,1,,36,59,0.19
20261001T111152Z-8adcb79,4bbb994747c2,2cd228cc14ff,4bbb994747c2-032,32,0,1,60,61,58,0.21
20261001T111152Z-8adcb79,4bbb994747c2,2cd228cc14ff,4bbb994747c2-033,33,0,1,,19,57,0.17
20261001T111152Z-8adcb79,4bbb994747c2,2cd228cc14ff,4bbb994747c2-034,34,0,1,,7,56,0.24
20261001T111152Z-8adcb79,4bbb994747c2,2cd228cc14ff,4bbb994747c2-035,35,0,1,59,56,55,0.22
20261001T111152Z-8adcb79,4bbb994747c2,2cd228cc14ff,4bbb994747c2-036,36,0,1,58,20,54,0.2
20261001T111152Z-8adcb79,4bbb994747c2,2cd228cc14ff,4bbb994747c2-037,37,0,1,6,48,53,0.3
20261001T111152Z-8adcb79,4bbb994747c2,2cd228cc14ff,4bbb994747c2-038,38,0,1,19,33,52,0.27
20261001T111152Z-8adcb79,4bbb994747c2,2cd228cc14ff,4bbb994747c2-039,39,0,1,41,52,51,0.29
20261001T111152Z-8adcb79,4bbb994747c2,2cd228cc14ff,4bbb994747c2-040,40,0,1,40,50,50,0.33
20261001T111152Z-8adcb79,4bbb994747c2,2cd228cc14ff,4bbb994747c2-041,41,0,1,39,38,49,0.31
20261001T111152Z-8adcb79,4bbb994747c2,2cd228cc14ff,4bbb994747c2-042,42,0,1,28,72,48,0.26
20261001T111152Z-8adcb79,4bbb994747c2,2cd228cc14ff,4bbb994747c2-043,43,0,1,38,57,47,0.28
20261001T111152Z-8adcb79,4bbb994747c2,2cd228cc14ff,4bbb994747c2-044,44,0,1,27,58,46,0.27
20261001T111152Z-8adcb79,4bbb994747c2,2cd228cc14ff,4bbb994747c2-045,45,0,1,11,68,45,0.29
20261001T111152Z-8adcb79,4bbb994747c2,2cd228cc14ff,4bbb994747c2-046,46,0,1,5,28,44,0.29
20261001T111152Z-8adcb79,4bbb994747c2,2cd228cc14ff,4bbb994747c2-047,47,0,1,18,82,43,0.29
20261001T111152Z-8adcb79,4bbb994747c2,2cd228cc14ff,4bbb994747c2-048,48,0,1,10,69,42,0.32
20261001T111152Z-8adcb79,4bbb994747c2,2cd228cc14ff,4bbb994747c2-049,49,0,1,4,32,41,0.28
20261001T111152Z-8adcb79,4bbb994747c2,2cd228cc14ff,4bbb994747c2-050,50,0,1,57,3,40,0.34
20261001T111152Z-8adcb79,4bbb994747c2,2cd228cc14ff,4bbb994747c2-051,51,0,1,37,63,39,0.28
20261001T111152Z-8adcb79,4bbb994747c2,2cd228cc14ff,4bbb994747c2-052,52,0,1,36,10,38,0.31
20261001T111152Z-8adcb79,4bbb994747c2,2cd228cc14ff,4bbb994747c2-053,53,0,1,26,44,37,0.32
20261001T111152Z-8adcb79,4bbb994747c2,2cd228cc14ff,4bbb994747c2-054,54,0,1,3,4,36,0.34
20261001T111152Z-8adcb79,4bbb994747c2,2cd228cc14ff,4bbb994747c2-055,55,0,1,17,73,35,0.3
20261001T111152Z-8adcb79,4bbb994747c2,2cd228cc14ff,4bbb994747c2-056,56,0,1,16,39,34,0.24
20261001T111152Z-8adcb79,4bbb994747c2,2cd228cc14ff,4bbb994747c2-057,57,0,1,9,65,33,0.27
20261001T111152Z-8adcb79,4bbb994747c2,2cd228cc14ff,4bbb994747c2-058,58,0,1,56,43,32,0.26
20261001T111152Z-8adcb79,4bbb994747c2,2cd228cc14ff,4bbb994747c2-059,59,0,1,55,21,31,0.25
20261001T111152Z-8adcb79,4bbb994747c2,2cd228cc14ff,4bbb994747c2-060,60,0,1,54,85,30,0.24
20261001T111152Z-8adcb79,4bbb994747c2,2cd228cc14ff,4bbb994747c2-061,61,0,1,53,22,29,0.24
20261001T111152Z-8adcb79,4bbb994747c2,2cd228cc14ff,4bbb994747c2-062,62,0,1,35,18,28,0.24
20261001T111152Z-8adcb79,4bbb994747c2,2cd228cc14ff,4bbb994747c2-063,63,0,1,34,78,27,0.27
20261001T111152Z-8adcb79,4bbb994747c2,2cd228cc14ff,4bbb994747c2-064,64,0,1,33,76,26,0.24
20261001T111152Z-8adcb79,4bbb994747c2,2cd228cc14ff,4bbb994747c2-065,65,0,1,32,71,25,0.28
20261001T111152Z-8adcb79,4bbb994747c2,2cd228cc14ff,4bbb994747c2-066,66,0,1,25,30,24,0.28
20261001T111152Z-8adcb79,4bbb994747c2,2cd228cc14ff,4bbb994747c2-067,67,0,1,31,77,23,0.23
20261001T111152Z-8adcb79,4bbb994747c2,2cd228cc14ff,4bbb994747c2-068,68,0,1,2,79,22,0.25
20261001T111152Z-8adcb79,4bbb994747c2,2cd228cc14ff,4bbb994747c2-069,69,0,1,52,70,21,0.27
20261001T111152Z-8adcb79,4bbb994747c2,2cd228cc14ff,4bbb994747c2-070,70,0,1,51,45,20,0.26
20261001T111152Z-8adcb79,4bbb994747c2,2cd228cc14ff,4bbb994747c2-071,71,0,1,1,80,19,0.24
20261001T111152Z-8adcb79,4bbb994747c2,2cd228cc14ff,4bbb994747c2-072,72,0,1,8,15,18,0.24
20261001T111152Z-8adcb79,4bbb994747c2,2cd228cc14ff,4bbb994747c2-073,73,0,1,50,37,17,0.24
20261001T111152Z-8adcb79,4bbb994747c2,2cd228cc14ff,4bbb994747c2-074,74,0,1,49,49,16,0.27
20261001T111152Z-8adcb79,4bbb994747c2,2cd228cc14ff,4bbb994747c2-075,75,0,1,48,53,15,0.27
20261001T111152Z-8adcb79,4bbb994747c2,2cd228cc14ff,4bbb994747c2-076,76,0,1,47,47,14,0.27
20261001T111152Z-8adcb79,4bbb994747c2,2cd228cc14ff,4bbb994747c2-077,77,0,1,46,88,13,0.29
20261001T111152Z-8adcb79,4bbb994747c2,2cd228cc14ff,4bbb994747c2-078,78,0,1,24,54,12,0.22
20261001T111152Z-8adcb79,4bbb994747c2,2cd228cc14ff,4bbb994747c2-079,79,0,1,15,34,11,0.3
20261001T111152Z-8adcb79,4bbb994747c2,2cd228cc14ff,4bbb994747c2-080,80,0,1,30,2,10,0.21
20261001T111152Z-8adcb79,4bbb994747c2,2cd228cc14ff,4bbb994747c2-081,81,0,1,14,81,9,0.3
20261001T111152Z-8adcb79,4bbb994747c2,2cd228cc14ff,4bbb994747c2-082,82,0,1,7,86,8,0.24
20261001T111152Z-8adcb79,4bbb994747c2,2cd228cc14ff,4bbb994747c2-083,83,0,1,23,,7,0.32
20261001T111152Z-8adcb79,4bbb994747c2,2cd228cc14ff,4bbb994747c2-084,84,0,1,29,64,6,0.23
20261001T111152Z-8adcb79,4bbb994747c2,2cd228cc14ff,4bbb994747c2-085,85,0,1,45,59,5,0.28
20261001T111152Z-8adcb79,4bbb994747c2,2cd228cc14ff,4bbb994747c2-086,86,0,1,44,67,4,0.28
20261001T111152Z-8adcb79,4bbb994747c2,2cd228cc14ff,4bbb994747c2-087,87,0,1,22,87,3,0.25
20261001T111152Z-8adcb79,4bbb994747c2,2cd228cc14ff,4bbb994747c2-088,88,0,1,21,29,2,0.35
20261001T111152Z-8adcb79,4bbb994747c2,2cd228cc14ff,4bbb994747c2-089,89,0,1,13,16,1,0.26
20261001T111152Z-8adcb79,5319b2112b47,b87bb92ba378,5319b2112b47-001,1,0,1,42,85,150,0.36
20261001T111152Z-8adcb79,5319b2112b47,b87bb92ba378,5319b2112b47-002,2,0,1,41,10,149,0.39
20261001T111152Z-8adcb79,5319b2112b47,b87bb92ba378,5319b2112b47-003,3,0,1,56,11,148,0.29
20261001T111152Z-8adcb79,5319b2112b47,b87bb92ba378,5319b2112b47-004,4,0,1,82,75,147,0.31
20261001T111152Z-8adcb79,5319b2112b47,b87bb92ba378,5319b2112b47-005,5,0,1,27,81,146,0.27
20261001T111152Z-8adcb79,5319b2112b47,b87bb92ba378,5319b2112b47-006,6,0,1,33,,145,0.27
20261001T111152Z-8adcb79,5319b2112b47,b87bb92ba378,5319b2112b47-007,7,0,1,55,61,144,0.27
20261001T111152Z-8adcb79,5319b2112b47,b87bb92ba378,5319b2112b47-008,8,0,1,,,143,0.29
20261001T111152Z-8adcb79,5319b2112b47,b87bb92ba378,5319b2112b47-009,9,0,1,17,92,142,0.25
20261001T111152Z-8adcb79,5319b2112b47,b87bb92ba378,5319b2112b47-010,10,0,1,,,141,0.29
20261001T111152Z-8adcb79,5319b2112b47,b87bb92ba378,5319b2112b47-011,11,0,1,54,23,140,0.26
20261001T111152Z-8adcb79,5319b2112b47,b87bb92ba378,5319b2112b47-012,12,0,1,,,139,0.29
20261001T111152Z-8adcb79,5319b2112b47,b87bb92ba378,5319b2112b47-013,13,0,1,118,43,138,0.26
20261001T111152Z-8adcb79,5319b2112b47,b87bb92ba378,5319b2112b47-014,14,0,1,117,3,137,0.3
20261001T111152Z-8adcb79,5319b2112b47,b87bb92ba378,5319b2112b47-015,15,0,1,81,45,136,0.27
20261001T111152Z-8adcb79,5319b2112b47,b87bb92ba378,5319b2112b47-016,16,0,1,26,65,135,0.31
20261001T111152Z-8adcb79,5319b2112b47,b87bb92ba378,5319b2112b47-017,17,0,1,40,17,134,0.26
20261001T111152Z-8adcb79,5319b2112b47,b87bb92ba378,5319b2112b47-018,18,0,1,32,72,133,0.32
20261001T111152Z-8adcb79,5319b2112b47,b87bb92ba378,5319b2112b47-019,19,0,1,116,40,132,0.27
20261001T111152Z-8adcb79,5319b2112b47,b87bb92ba378,5319b2112b47-020,20,0,1,80,34,131,0.29
20261001T111152Z-8adcb79,5319b2112b47,b87bb92ba378,5319b2112b47-021,21,0,1,79,51,130,0.23
20261001T111152Z-8adcb79,5319b2112b47,b87bb92ba378,5319b2112b47-022,22,0,1,78,21,129,0.27
20261001T111152Z-8adcb79,5319b2112b47,b87bb92ba378,5319b2112b47-023,23,0,1,115,2,128,0.27
20261001T111152Z-8adcb79,5319b2112b47,b87bb92ba378,5319b2112b47-024,24,0,1,114,63,127,0.29
20261001T111152Z-8adcb79,5319b2112b47,b87bb92ba378,5319b2112b47-025,25,0,1,113,12,126,0.32
20261001T111152Z-8adcb79,5319b2112b47,b87bb92ba378,5319b2112b47-026,26,0,1,77,30,125,0.26
20261001T111152Z-8adcb79,5319b2112b47,b87bb92ba378,5319b2112b47-027,27,0,1,12,,124,0.26
20261001T111152Z-8adcb79,5319b2112b47,b87bb92ba378,5319b2112b47-028,28,0,1,,,123,0.23
20261001T111152Z-8adcb79,5319b2112b47,b87bb92ba378,5319b2112b47-029,29,0,1,,,122,0.24
20261001T111152Z-8adcb79,5319b2112b47,b87bb92ba378,5319b2112b47-030,30,0,1,,,121,0.25
20261001T111152Z-8adcb79,5319b2112b47,b87bb92ba378,5319b2112b47-031,31,0,1,112,,120,0.36
20261001T111152Z-8adcb79,5319b2112b47,b87bb92ba378,5319b2112b47-032,32,0,1,111,41,119,0.29
20261001T111152Z-8adcb79,5319b2112b47,b87bb92ba378,5319b2112b47-033,33,0,1,,50,118,0.31
20261001T111152Z-8adcb79,5319b2112b47,b87bb92ba378,5319b2112b47-034,34,0,1,,48,117,0.26
20261001T111152Z-8adcb79,5319b2112b47,b87bb92ba378,5319b2112b47-035,35,0,1,110,90,116,0.34
20261001T111152Z-8adcb79,5319b2112b47,b87bb92ba378,5319b2112b47-036,36,0,1,76,49,115,0.36
20261001T111152Z-8adcb79,5319b2112b47,b87bb92ba378,5319b2112b47-037,37,0,1,109,99,114,0.38
20261001T111152Z-8adcb79,5319b2112b47,b87bb92ba378,5319b2112b47-038,38,0,1,75,29,113,0.26
20261001T111152Z-8adcb79,5319b2112b47,b87bb92ba378,5319b2112b47-039,39,0,1,25,5,112,0.27
20261001T111152Z-8adcb79,5319b2112b47,b87bb92ba378,5319b2112b47-040,40,0,1,108,38,111,0.37
20261001T111152Z-8adcb79,5319b2112b47,b87bb92ba378,5319b2112b47-041,41,0,1,107,47,110,0.25
20261001T111152Z-8adcb79,5319b2112b47,b87bb92ba378,5319b2112b47-042,42,0,1,53,57,109,0.27
20261001T111152Z-8adcb79,5319b2112b47,b87bb92ba378,5319b2112b47-043,43,0,1,,,108,0.28
20261001T111152Z-8adcb79,5319b2112b47,b87bb92ba378,5319b2112b47-044,44,0,1,,,107,0.27
20261001T111152Z-8adcb79,5319b2112b47,b87bb92ba378,5319b2112b47-045,45,0,1,74,18,106,0.3
20261001T111152Z-8adcb79,5319b2112b47,b87bb92ba378,5319b2112b47-046,46,0,1,,,105,0.29
20261001T111152Z-8adcb79,5319b2112b47,b87bb92ba378,5319b2112b47-047,47,0,1,24,9,104,0.24
20261001T111152Z-8adcb79,5319b2112b47,b87bb92ba378,5319b2112b47-048,48,0,1,23,27,103,0.31
20261001T111152Z-8adcb79,5319b2112b47,b87bb92ba378,5319b2112b47-049,49,0,1,,,102,0.28
20261001T111152Z-8adcb79,5319b2112b47,b87bb92ba378,5319b2112b47-050,50,0,1,52,95,101,0.27
20261001T111152Z-8adcb79,5319b2112b47,b87bb92ba378,5319b2112b47-051,51,0,1,22,35,100,0.33
20261001T111152Z-8adcb79,5319b2112b47,b87bb92ba378,5319b2112b47-052,52,0,1,39,19,99,0.24
20261001T111152Z-8adcb79,5319b2112b47,b87bb92ba378,5319b2112b47-053,53,0,1,106,16,98,0.23
20261001T111152Z-8adcb79,5319b2112b47,b87bb92ba378,5319b2112b47-054,54,0,1,,,97,0.23
20261001T111152Z-8adcb79,5319b2112b47,b87bb92ba378,5319b2112b47-055,55,0,1,21,6,96,0.26
20261001T111152Z-8adcb79,5319b2112b47,b87bb92ba378,5319b2112b47-056,56,0,1,,,95,0.29
20261001T111152Z-8adcb79,5319b2112b47,b87bb92ba378,5319b2112b47-057,57,0,1,51,,94,0.26
20261001T111152Z-8adcb79,5319b2112b47,b87bb92ba378,5319b2112b47-058,58,0,1,38,28,93,0.31
20261001T111152Z-8adcb79,5319b2112b47,b87bb92ba378,5319b2112b47-059,59,0,1,31,53,92,0.27
20261001T111152Z-8adcb79,5319b2112b47,b87bb92ba378,5319b2112b47-060,60,0,1,105,13,91,0.32
20261001T111152Z-8adcb79,5319b2112b47,b87bb92ba378,5319b2112b47-061,61,0,1,104,8,90,0.3
20261001T111152Z-8adcb79,5319b2112b47,b87bb92ba378,5319b2112b47-062,62,0,1,16,24,89,0.28
20261001T111152Z-8adcb79,5319b2112b47,b87bb92ba378,5319b2112b47-063,63,0,1,73,66,88,0.25
20261001T111152Z-8adcb79,5319b2112b47,b87bb92ba378,5319b2112b47-064,64,0,1,50,78,87,0.26
20261001T111152Z-8adcb79,5319b2112b47,b87bb92ba378,5319b2112b47-065,65,0,1,,,86,0.28
20261001T111152Z-8adcb79,5319b2112b47,b87bb92ba378,5319b2112b47-066,66,0,1,103,22,85,0.33
20261001T111152Z-8adcb79,5319b2112b47,b87bb92ba378,5319b2112b47-067,67,0,1,102,,84,0.34
20261001T111152Z-8adcb79,5319b2112b47,b87bb92ba378,5319b2112b47-068,68,0,1,72,76,83,0.38
20261001T111152Z-8adcb79,5319b2112b47,b87bb92ba378,5319b2112b47-069,69,0,1,30,64,82,0.29
20261001T111152Z-8adcb79,5319b2112b47,b87bb92ba378,5319b2112b47-070,70,0,1,71,52,81,0.3
20261001T111152Z-8adcb79,5319b2112b47,b87bb92ba378,5319b2112b47-071,71,0,1,,,80,0.28
20261001T111152Z-8adcb79,5319b2112b47,b87bb92ba378,5319b2112b47-072,72,0,1,70,88,79,0.3
20261001T111152Z-8adcb79,5319b2112b47,b87bb92ba378,5319b2112b47-073,73,0,1,69,42,78,0.3
20261001T111152Z-8adcb79,5319b2112b47,b87bb92ba378,5319b2112b47-074,74,0,1,101,14,77,0.2
20261001T111152Z-8adcb79,5319b2112b47,b87bb92ba378,5319b2112b47-075,75,0,1,,,76,0.24
20261001T111152Z-8adcb79,5319b2112b47,b87bb92ba378,5319b2112b47-076,76,0,1,100,94,75,0.27
20261001T111152Z-8adcb79,5319b2112b47,b87bb92ba378,5319b2112b47-077,77,0,1,68,100,74,0.41
20261001T111152Z-8adcb79,5319b2112b47,b87bb92ba378,5319b2112b47-078,78,0,1,67,33,73,0.36
20261001T111152Z-8adcb79,5319b2112b47,b87bb92ba378,5319b2112b47-079,79,0,1,99,96,72,0.33
20261001T111152Z-8adcb79,5319b2112b47,b87bb92ba378,5319b2112b47-080,80,0,1,49,93,71,0.36
20261001T111152Z-8adcb79,5319b2112b47,b87bb92ba378,5319b2112b47-081,81,0,1,48,,70,0.31
20261001T111152Z-8adcb79,5319b2112b47,b87bb92ba378,5319b2112b47-082,82,0,1,29,87,69,0.24
20261001T111152Z-8adcb79,5319b2112b47,b87bb92ba378,5319b2112b47-083,83,0,1,,60,68,0.3
20261001T111152Z-8adcb79,5319b2112b47,b87bb92ba378,5319b2112b47-084,84,0,1,66,20,67,0.31
20261001T111152Z-8adcb79,5319b2112b47,b87bb92ba378,5319b2112b47-085,85,0,1,98,67,66,0.26
20261001T111152Z-8adcb79,5319b2112b47,b87bb92ba378,5319b2112b47-086,86,0,1,8,,65,0.27
20261001T111152Z-8adcb79,5319b2112b47,b87bb92ba378,5319b2112b47-087,87,0,1,,69,64,0.27
20261001T111152Z-8adcb79,5319b2112b47,b87bb92ba378,5319b2112b47-088,88,0,1,37,1,63,0.26
20261001T111152Z-8adcb79,5319b2112b47,b87bb92ba378,5319b2112b47-089,89,0,1,,,62,0.24
20261001T111152Z-8adcb79,5319b2112b47,b87bb92ba378,5319b2112b47-090,90,0,1,47,44,61,0.3
20261001T111152Z-8adcb79,5319b2112b47,b87bb92ba378,5319b2112b47-091,91,0,1,14,,60,0.23
20261001T111152Z-8adcb79,5319b2112b47,b87bb92ba378,5319b2112b47-092,92,0,1,65,73,59,0.35
20261001T111152Z-8adcb79,5319b2112b47,b87bb92ba378,5319b2112b47-093,93,0,1,,,58,0.27
20261001T111152Z-8adcb79,5319b2112b47,b87bb92ba378,5319b2112b47-094,94,0,1,20,39,57,0.27
20261001T111152Z-8adcb79,5319b2112b47,b87bb92ba378,5319b2112b47-095,95,0,1,36,15,56,0.31
20261001T111152Z-8adcb79,5319b2112b47,b87bb92ba378,5319b2112b47-096,96,0,1,,,55,0.24
20261001T111152Z-8adcb79,5319b2112b47,b87bb92ba378,5319b2112b47-097,97,0,1,,,54,0.24
20261001T111152Z-8adcb79,5319b2112b47,b87bb92ba378,5319b2112b47-098,98,0,1,19,25,53,0.33
20261001T111152Z-8adcb79,5319b2112b47,b87bb92ba378,5319b2112b47-099,99,0,1,,,52,0.24
20261001T111152Z-8adcb79,5319b2112b47,b87bb92ba378,5319b2112b47-100,100,0,1,28,,51,0.24
20261001T111152Z-8adcb79,5319b2112b47,b87bb92ba378,5319b2112b47-101,101,0,1,,,50,0.24
20261001T111152Z-8adcb79,5319b2112b47,b87bb92ba378,5319b2112b47-102,102,0,1,97,68,49,0.27
20261001T111152Z-8adcb79,5319b2112b47,b87bb92ba378,5319b2112b47-103,103,0,1,64,62,48,0.29
20261001T111152Z-8adcb79,5319b2112b47,b87bb92ba378,5319b2112b47-104,104,0,1,63,,47,0.33
20261001T111152Z-8adcb79,5319b2112b47,b87bb92ba378,5319b2112b47-105,105,0,1,96,79,46,0.32
20261001T111152Z-8adcb79,5319b2112b47,b87bb92ba378,5319b2112b47-106,106,0,1,46,74,45,0.28
20261001T111152Z-8adcb79,5319b2112b47,b87bb92ba378,5319b2112b47-107,107,0,1,13,,44,0.25
20261001T111152Z-8adcb79,5319b2112b47,b87bb92ba378,5319b2112b47-108,108,0,1,,,43,0.31
20261001T111152Z-8adcb79,5319b2112b47,b87bb92ba378,5319b2112b47-109,109,0,1,95,98,42,0.36
20261001T111152Z-8adcb79,5319b2112b47,b87bb92ba378,5319b2112b47-110,110,0,1,94,59,41,0.35
20261001T111152Z-8adcb79,5319b2112b47,b87bb92ba378,5319b2112b47-111,111,0,1,93,97,40,0.38
20261001T111152Z-8adcb79,5319b2112b47,b87bb92ba378,5319b2112b47-112,112,0,1,62,84,39,0.25
20261001T111152Z-8adcb79,5319b2112b47,b87bb92ba378,5319b2112b47-113,113,0,1,61,55,38,0.32
20261001T111152Z-8adcb79,5319b2112b47,b87bb92ba378,5319b2112b47-114,114,0,1,45,,37,0.23
20261001T111152Z-8adcb79,5319b2112b47,b87bb92ba378,5319b2112b47-115,115,0,1,60,31,36,0.32
20261001T111152Z-8adcb79,5319b2112b47,b87bb92ba378,5319b2112b47-116,116,0,1,,26,35,0.21
20261001T111152Z-8adcb79,5319b2112b47,b87bb92ba378,5319b2112b47-117,117,0,0,,71,34,0.41
20261001T111152Z-8adcb79,5319b2112b47,b87bb92ba378,5319b2112b47-118,118,0,1,92,32,33,0.28
20261001T111152Z-8adcb79,5319b2112b47,b87bb92ba378,5319b2112b47-119,119,0,1,91,80,32,0.33
20261001T111152Z-8adcb79,5319b2112b47,b87bb92ba378,5319b2112b47-120,120,0,0,,,31,0.35
20261001T111152Z-8adcb79,5319b2112b47,b87bb92ba378,5319b2112b47-121,121,0,0,,58,30,0.32
20261001T111152Z-8adcb79,5319b2112b47,b87bb92ba378,5319b2112b47-122,122,0,1,,,29,0.32
20261001T111152Z-8adcb79,5319b2112b47,b87bb92ba378,5319b2112b47-123,123,0,1,,37,28,0.32
20261001T111152Z-8adcb79,5319b2112b47,b87bb92ba378,5319b2112b47-124,124,0,1,35,,27,0.33
20261001T111152Z-8adcb79,5319b2112b47,b87bb92ba378,5319b2112b47-125,125,0,1,2,77,26,0.26
20261001T111152Z-8adcb79,5319b2112b47,b87bb92ba378,5319b2112b47-126,126,0,1,90,,25,0.26
20261001T111152Z-8adcb79,5319b2112b47,b87bb92ba378,5319b2112b47-127,127,0,1,15,,24,0.31
20261001T111152Z-8adcb79,5319b2112b47,b87bb92ba378,5319b2112b47-128,128,0,1,89,,23,0.27
20261001T111152Z-8adcb79,5319b2112b47,b87bb92ba378,5319b2112b47-129,129,0,1,59,56,22,0.33
20261001T111152Z-8adcb79,5319b2112b47,b87bb92ba378,5319b2112b47-130,130,0,1,58,7,21,0.28
20261001T111152Z-8adcb79,5319b2112b47,b87bb92ba378,5319b2112b47-131,131,0,1,4,,20,0.3
20261001T111152Z-8adcb79,5319b2112b47,b87bb92ba378,5319b2112b47-132,132,0,1,88,,19,0.27
20261001T111152Z-8adcb79,5319b2112b47,b87bb92ba378,5319b2112b47-133,133,0,1,34,82,18,0.35
20261001T111152Z-8adcb79,5319b2112b47,b87bb92ba378,5319b2112b47-134,134,0,1,44,86,17,0.39
20261001T111152Z-8adcb79,5319b2112b47,b87bb92ba378,5319b2112b47-135,135,0,1,87,70,16,0.35
20261001T111152Z-8adcb79,5319b2112b47,b87bb92ba378,5319b2112b47-136,136,0,1,6,46,15,0.27
20261001T111152Z-8adcb79,5319b2112b47,b87bb92ba378,5319b2112b47-137,137,0,1,1,91,14,0.28
20261001T111152Z-8adcb79,5319b2112b47,b87bb92ba378,5319b2112b47-138,138,0,1,43,83,13,0.26
20261001T111152Z-8adcb79,5319b2112b47,b87bb92ba378,5319b2112b47-139,139,0,1,57,36,12,0.29
20261001T111152Z-8adcb79,5319b2112b47,b87bb92ba378,5319b2112b47-140,140,0,1,10,54,11,0.29
20261001T111152Z-8adcb79,5319b2112b47,b87bb92ba378,5319b2112b47-141,141,0,1,5,,10,0.26
20261001T111152Z-8adcb79,5319b2112b47,b87bb92ba378,5319b2112b47-142,142,0,1,18,4,9,0.27
20261001T111152Z-8adcb79,5319b2112b47,b87bb92ba378,5319b2112b47-143,143,0,1,86,,8,0.32
20261001T111152Z-8adcb79,5319b2112b47,b87bb92ba378,5319b2112b47-144,144,0,1,7,,7,0.25
20261001T111152Z-8adcb79,5319b2112b47,b87bb92ba378,5319b2112b47-145,145,0,1,85,,6,0.29
20261001T111152Z-8adcb79,5319b2112b47,b87bb92ba378,5319b2112b47-146,146,0,1,11,89,5,0.27
20261001T111152Z-8adcb79,5319b2112b47,b87bb92ba378,5319b2112b47-147,147,0,1,84,,4,0.29
20261001T111152Z-8adcb79,5319b2112b47,b87bb92ba378,5319b2112b47-148,148,0,1,3,,3,0.29
20261001T111152Z-8adcb79,5319b2112b47,b87bb92ba378,5319b2112b47-149,149,0,1,9,,2,0.3
20261001T111152Z-8adcb79,5319b2112b47,b87bb92ba378,5319b2112b47-150,150,0,1,83,,1,0.29
20261001T111152Z-8adcb79,5512e2de6105,34ce4ea44846,5512e2de6105-001,1,0,1,,,57,0.43
20261001T111152Z-8adcb79,5512e2de6105,34ce4ea44846,5512e2de6105-002,2,0,1,,49,56,0.3
20261001T111152Z-8adcb79,5512e2de6105,34ce4ea44846,5512e2de6105-003,3,0,1,,20,55,0.1
20261001T111152Z-8adcb79,5512e2de6105,34ce4ea44846,5512e2de6105-004,4,0,1,,27,54,0.13
20261001T111152Z-8adcb79,5512e2de6105,34ce4ea44846,5512e2de6105-005,5,0,1,,,53,0.3
20261001T111152Z-8adcb79,5512e2de6105,34ce4ea44846,5512e2de6105-006,6,0,1,10,53,52,0.29
20261001T111152Z-8adcb79,5512e2de6105,34ce4ea44846,5512e2de6105-007,7,0,1,,48,51,0.25
20261001T111152Z-8adcb79,5512e2de6105,34ce4ea44846,5512e2de6105-008,8,0,1,9,18,50,0.25
20261001T111152Z-8adcb79,5512e2de6105,34ce4ea44846,5512e2de6105-009,9,0,1,,47,49,0.31
20261001T111152Z-8adcb79,5512e2de6105,34ce4ea44846,5512e2de6105-010,10,0,1,,50,48,0.28
20261001T111152Z-8adcb79,5512e2de6105,34ce4ea44846,5512e2de6105-011,11,0,1,,45,47,0.21
20261001T111152Z-8adcb79,5512e2de6105,34ce4ea44846,5512e2de6105-012,12,0,0,,54,46,0.26
20261001T111152Z-8adcb79,5512e2de6105,34ce4ea44846,5512e2de6105-013,13,0,1,,21,45,0.27
20261001T111152Z-8adcb79,5512e2de6105,34ce4ea44846,5512e2de6105-014,14,0,1,,13,44,0.28
20261001T111152Z-8adcb79,5512e2de6105,34ce4ea44846,5512e2de6105-015,15,0,1,,6,43,0.18
20261001T111152Z-8adcb79,5512e2de6105,34ce4ea44846,5512e2de6105-016,16,0,1,,52,42,0.26
20261001T111152Z-8adcb79,5512e2de6105,34ce4ea44846,5512e2de6105-017,17,0,1,,30,41,0.26
20261001T111152Z-8adcb79,5512e2de6105,34ce4ea44846,5512e2de6105-018,18,0,1,,28,40,0.41
20261001T111152Z-8adcb79,5512e2de6105,34ce4ea44846,5512e2de6105-019,19,0,1,,32,39,0.2
20261001T111152Z-8adcb79,5512e2de6105,34ce4ea44846,5512e2de6105-020,20,0,1,,19,38,0.11
20261001T111152Z-8adcb79,5512e2de6105,34ce4ea44846,5512e2de6105-021,21,0,1,8,11,37,0.16
20261001T111152Z-8adcb79,5512e2de6105,34ce4ea44846,5512e2de6105-022,22,0,0,,2,36,0.13
20261001T111152Z-8adcb79,5512e2de6105,34ce4ea44846,5512e2de6105-023,23,0,1,7,1,35,0.19
20261001T111152Z-8adcb79,5512e2de6105,34ce4ea44846,5512e2de6105-024,24,0,1,,12,34,0.18
20261001T111152Z-8adcb79,5512e2de6105,34ce4ea44846,5512e2de6105-025,25,0,1,,38,33,0.16
20261001T111152Z-8adcb79,5512e2de6105,34ce4ea44846,5512e2de6105-026,26,0,0,,7,32,0.45
20261001T111152Z-8adcb79,5512e2de6105,34ce4ea44846,5512e2de6105-027,27,0,1,,24,31,0.23
20261001T111152Z-8adcb79,5512e2de6105,34ce4ea44846,5512e2de6105-028,28,0,1,,33,30,0.29
20261001T111152Z-8adcb79,5512e2de6105,34ce4ea44846,5512e2de6105-029,29,0,1,6,41,29,0.26
20261001T111152Z-8adcb79,5512e2de6105,34ce4ea44846,5512e2de6105-030,30,0,1,,44,28,0.21
20261001T111152Z-8adcb79,5512e2de6105,34ce4ea44846,5512e2de6105-031,31,0,1,,,27,0.24
20261001T111152Z-8adcb79,5512e2de6105,34ce4ea44846,5512e2de6105-032,32,0,1,,46,26,0.27
20261001T111152Z-8adcb79,5512e2de6105,34ce4ea44846,5512e2de6105-033,33,0,1,,37,25,0.24
20261001T111152Z-8adcb79,5512e2de6105,34ce4ea44846,5512e2de6105-034,34,0,1,,29,24,0.22
20261001T111152Z-8adcb79,5512e2de6105,34ce4ea44846,5512e2de6105-035,35,0,1,,31,23,0.19
20261001T111152Z-8adcb79,5512e2de6105,34ce4ea44846,5512e2de6105-036,36,0,1,,39,22,0.25
20261001T111152Z-8adcb79,5512e2de6105,34ce4ea44846,5512e2de6105-037,37,0,1,,34,21,0.25
20261001T111152Z-8adcb79,5512e2de6105,34ce4ea44846,5512e2de6105-038,38,0,1,,40,20,0.36
20261001T111152Z-8adcb79,5512e2de6105,34ce4ea44846,5512e2de6105-039,39,0,1,,22,19,0.45
20261001T111152Z-8adcb79,5512e2de6105,34ce4ea44846,5512e2de6105-040,40,0,1,,43,18,0.35
20261001T111152Z-8adcb79,5512e2de6105,34ce4ea44846,5512e2de6105-041,41,0,1,,10,17,0.39
20261001T111152Z-8adcb79,5512e2de6105,34ce4ea44846,5512e2de6105-042,42,0,1,,16,16,0.44
20261001T111152Z-8adcb79,5512e2de6105,34ce4ea44846,5512e2de6105-043,43,0,1,,26,15,0.41
20261001T111152Z-8adcb79,5512e2de6105,34ce4ea44846,5512e2de6105-044,44,0,1,5,25,14,0.31
20261001T111152Z-8adcb79,5512e2de6105,34ce4ea44846,5512e2de6105-045,45,0,1,,42,13,0.24
20261001T111152Z-8adcb79,5512e2de6105,34ce4ea44846,5512e2de6105-046,46,0,1,,15,12,0.22
20261001T111152Z-8adcb79,5512e2de6105,34ce4ea44846,5512e2de6105-047,47,0,1,,9,11,0.23
20261001T111152Z-8adcb79,5512e2de6105,34ce4ea44846,5512e2de6105-048,48,0,1,,14,10,0.16
20261001T111152Z-8adcb79,5512e2de6105,34ce4ea44846,5512e2de6105-049,49,0,1,,35,9,0.27
20261001T111152Z-8adcb79,5512e2de6105,34ce4ea44846,5512e2de6105-050,50,0,0,,17,8,0.18
20261001T111152Z-8adcb79,5512e2de6105,34ce4ea44846,5512e2de6105-051,51,0,1,,36,7,0.3
20261001T111152Z-8adcb79,5512e2de6105,34ce4ea44846,5512e2de6105-052,52,0,1,,8,6,0.18
20261001T111152Z-8adcb79,5512e2de6105,34ce4ea44846,5512e2de6105-053,53,0,1,4,51,5,0.26
20261001T111152Z-8adcb79,5512e2de6105,34ce4ea44846,5512e2de6105-054,54,0,0,,5,4,0.31
20261001T111152Z-8adcb79,5512e2de6105,34ce4ea44846,5512e2de6105-055,55,0,1,1,3,3,0.32
20261001T111152Z-8adcb79,5512e2de6105,34ce4ea44846,5512e2de6105-056,56,0,1,3,23,2,0.36
20261001T111152Z-8adcb79,5512e2de6105,34ce4ea44846,5512e2de6105-057,57,0,1,2,4,1,0.18
20261001T111152Z-8adcb79,584580925302,19101cd92bc9,584580925302-001,1,0,1,149,138,150,0.29
20261001T111152Z-8adcb79,584580925302,19101cd92bc9,584580925302-002,2,0,1,15,125,149,0.35
20261001T111152Z-8adcb79,584580925302,19101cd92bc9,584580925302-003,3,0,1,3,114,148,0.23
20261001T111152Z-8adcb79,584580925302,19101cd92bc9,584580925302-004,4,0,1,57,109,147,0.26
20261001T111152Z-8adcb79,584580925302,19101cd92bc9,584580925302-005,5,0,1,56,3,146,0.35
20261001T111152Z-8adcb79,584580925302,19101cd92bc9,584580925302-006,6,0,1,55,4,145,0.25
20261001T111152Z-8adcb79,584580925302,19101cd92bc9,584580925302-007,7,1,1,148,122,144,0.65
20261001T111152Z-8adcb79,584580925302,19101cd92bc9,584580925302-008,8,0,1,147,96,143,0.43
20261001T111152Z-8adcb79,584580925302,19101cd92bc9,584580925302-009,9,0,1,146,101,142,0.47
20261001T111152Z-8adcb79,584580925302,19101cd92bc9,584580925302-010,10,0,1,12,119,141,0.21
20261001T111152Z-8adcb79,584580925302,19101cd92bc9,584580925302-011,11,0,1,145,76,140,0.3
20261001T111152Z-8adcb79,584580925302,19101cd92bc9,584580925302-012,12,0,1,144,131,139,0.21
20261001T111152Z-8adcb79,584580925302,19101cd92bc9,584580925302-013,13,0,1,143,29,138,0.28
20261001T111152Z-8adcb79,584580925302,19101cd92bc9,584580925302-014,14,0,1,142,133,137,0.27
20261001T111152Z-8adcb79,584580925302,19101cd92bc9,584580925302-015,15,0,1,141,95,136,0.42
20261001T111152Z-8adcb79,584580925302,19101cd92bc9,584580925302-016,16,0,1,140,111,135,0.25
20261001T111152Z-8adcb79,584580925302,19101cd92bc9,584580925302-017,17,0,1,139,106,134,0.29
20261001T111152Z-8adcb79,584580925302,19101cd92bc9,584580925302-018,18,0,1,138,,133,0.34
20261001T111152Z-8adcb79,584580925302,19101cd92bc9,584580925302-019,19,0,1,137,36,132,0.28
20261001T111152Z-8adcb79,584580925302,19101cd92bc9,584580925302-020,20,0,0,,129,131,0.27
20261001T111152Z-8adcb79,584580925302,19101cd92bc9,584580925302-021,21,0,1,136,110,130,0.25
20261001T111152Z-8adcb79,584580925302,19101cd92bc9,584580925302-022,22,0,1,135,28,129,0.29
20261001T111152Z-8adcb79,584580925302,19101cd92bc9,584580925302-023,23,0,1,134,43,128,0.3
20261001T111152Z-8adcb79,584580925302,19101cd92bc9,584580925302-024,24,0,1,133,149,127,0.37
20261001T111152Z-8adcb79,584580925302,19101cd92bc9,584580925302-025,25,0,1,132,135,126,0.16
20261001T111152Z-8adcb79,584580925302,19101cd92bc9,584580925302-026,26,0,1,131,113,125,0.14
20261001T111152Z-8adcb79,584580925302,19101cd92bc9,584580925302-027,27,0,1,130,57,124,0.27
20261001T111152Z-8adcb79,584580925302,19101cd92bc9,584580925302-028,28,0,1,11,127,123,0.33
20261001T111152Z-8adcb79,584580925302,19101cd92bc9,584580925302-029,29,0,1,129,27,122,0.33
20261001T111152Z-8adcb79,584580925302,19101cd92bc9,584580925302-030,30,0,1,128,94,121,0.4
20261001T111152Z-8adcb79,584580925302,19101cd92bc9,584580925302-031,31,0,1,127,54,120,0.25
20261001T111152Z-8adcb79,584580925302,19101cd92bc9,584580925302-032,32,0,1,126,93,119,0.4
20261001T111152Z-8adcb79,584580925302,19101cd92bc9,584580925302-033,33,0,1,125,22,118,0.36
20261001T111152Z-8adcb79,584580925302,19101cd92bc9,584580925302-034,34,0,1,124,23,117,0.27
20261001T111152Z-8adcb79,584580925302,19101cd92bc9,584580925302-035,35,0,1,123,41,116,0.4
20261001T111152Z-8adcb79,584580925302,19101cd92bc9,584580925302-036,36,0,1,122,116,115,0.33
20261001T111152Z-8adcb79,584580925302,19101cd92bc9,584580925302-037,37,1,1,54,72,114,0.54
20261001T111152Z-8adcb79,584580925302,19101cd92bc9,584580925302-038,38,0,1,33,66,113,0.4
20261001T111152Z-8adcb79,584580925302,19101cd92bc9,584580925302-039,39,0,1,17,79,112,0.34
20261001T111152Z-8adcb79,584580925302,19101cd92bc9,584580925302-040,40,0,1,32,77,111,0.27
20261001T111152Z-8adcb79,584580925302,19101cd92bc9,584580925302-041,41,0,1,53,102,110,0.29
20261001T111152Z-8adcb79,584580925302,19101cd92bc9,584580925302-042,42,1,1,121,132,109,0.64
20261001T111152Z-8adcb79,584580925302,19101cd92bc9,584580925302-043,43,0,1,120,108,108,0.39
20261001T111152Z-8adcb79,584580925302,19101cd92bc9,584580925302-044,44,0,1,119,45,107,0.35
20261001T111152Z-8adcb79,584580925302,19101cd92bc9,584580925302-045,45,0,1,118,126,106,0.25
20261001T111152Z-8adcb79,584580925302,19101cd92bc9,584580925302-046,46,0,1,117,12,105,0.27
20261001T111152Z-8adcb79,584580925302,19101cd92bc9,584580925302-047,47,0,1,116,92,104,0.44
20261001T111152Z-8adcb79,584580925302,19101cd92bc9,584580925302-048,48,0,1,115,75,103,0.3
20261001T111152Z-8adcb79,584580925302,19101cd92bc9,584580925302-049,49,0,1,114,8,102,0.3
20261001T111152Z-8adcb79,584580925302,19101cd92bc9,584580925302-050,50,0,1,52,53,101,0.46
20261001T111152Z-8adcb79,584580925302,19101cd92bc9,584580925302-051,51,0,1,31,97,100,0.3
20261001T111152Z-8adcb79,584580925302,19101cd92bc9,584580925302-052,52,0,1,51,60,99,0.35
20261001T111152Z-8adcb79,584580925302,19101cd92bc9,584580925302-053,53,0,1,30,87,98,0.35
20261001T111152Z-8adcb79,584580925302,19101cd92bc9,584580925302-054,54,0,1,113,107,97,0.28
20261001T111152Z-8adcb79,584580925302,19101cd92bc9,584580925302-055,55,0,1,112,146,96,0.26
20261001T111152Z-8adcb79,584580925302,19101cd92bc9,584580925302-056,56,0,1,111,9,95,0.26
20261001T111152Z-8adcb79,584580925302,19101cd92bc9,584580925302-057,57,0,1,110,58,94,0.34
20261001T111152Z-8adcb79,584580925302,19101cd92bc9,584580925302-058,58,0,1,109,19,93,0.32
20261001T111152Z-8adcb79,584580925302,19101cd92bc9,584580925302-059,59,0,1,50,68,92,0.45
20261001T111152Z-8adcb79,584580925302,19101cd92bc9,584580925302-060,60,0,1,29,98,91,0.38
20261001T111152Z-8adcb79,584580925302,19101cd92bc9,584580925302-061,61,0,1,28,80,90,0.42
20261001T111152Z-8adcb79,584580925302,19101cd92bc9,584580925302-062,62,0,1,10,128,89,0.26
20261001T111152Z-8adcb79,584580925302,19101cd92bc9,584580925302-063,63,0,1,108,74,88,0.3
20261001T111152Z-8adcb79,584580925302,19101cd92bc9,584580925302-064,64,0,1,107,47,87,0.26
20261001T111152Z-8adcb79,584580925302,19101cd92bc9,584580925302-065,65,0,1,106,2,86,0.3
20261001T111152Z-8adcb79,584580925302,19101cd92bc9,584580925302-066,66,0,1,49,147,85,0.34
20261001T111152Z-8adcb79,584580925302,19101cd92bc9,584580925302-067,67,0,1,105,69,84,0.3
20261001T111152Z-8adcb79,584580925302,19101cd92bc9,584580925302-068,68,0,1,104,123,83,0.24
20261001T111152Z-8adcb79,584580925302,19101cd92bc9,584580925302-069,69,0,1,9,144,82,0.34
20261001T111152Z-8adcb79,584580925302,19101cd92bc9,584580925302-070,70,0,1,48,71,81,0.36
20261001T111152Z-8adcb79,584580925302,19101cd92bc9,584580925302-071,71,0,1,27,89,80,0.33
20261001T111152Z-8adcb79,584580925302,19101cd92bc9,584580925302-072,72,0,1,47,64,79,0.24
20261001T111152Z-8adcb79,584580925302,19101cd92bc9,584580925302-073,73,0,1,26,59,78,0.41
20261001T111152Z-8adcb79,584580925302,19101cd92bc9,584580925302-074,74,0,1,103,6,77,0.27
20261001T111152Z-8adcb79,584580925302,19101cd92bc9,584580925302-075,75,0,1,102,48,76,0.36
20261001T111152Z-8adcb79,584580925302,19101cd92bc9,584580925302-076,76,0,1,101,30,75,0.42
20261001T111152Z-8adcb79,584580925302,19101cd92bc9,584580925302-077,77,0,1,100,20,74,0.24
20261001T111152Z-8adcb79,584580925302,19101cd92bc9,584580925302-078,78,0,1,99,100,73,0.46
20261001T111152Z-8adcb79,584580925302,19101cd92bc9,584580925302-079,79,0,1,98,24,72,0.33
20261001T111152Z-8adcb79,584580925302,19101cd92bc9,584580925302-080,80,1,1,16,136,71,0.61
20261001T111152Z-8adcb79,584580925302,19101cd92bc9,584580925302-081,81,1,1,46,26,70,0.66
20261001T111152Z-8adcb79,584580925302,19101cd92bc9,584580925302-082,82,0,1,97,55,69,0.32
20261001T111152Z-8adcb79,584580925302,19101cd92bc9,584580925302-083,83,0,1,45,121,68,0.43
20261001T111152Z-8adcb79,584580925302,19101cd92bc9,584580925302-084,84,0,1,96,17,67,0.37
20261001T111152Z-8adcb79,584580925302,19101cd92bc9,584580925302-085,85,0,1,44,90,66,0.34
20261001T111152Z-8adcb79,584580925302,19101cd92bc9,584580925302-086,86,0,1,95,5,65,0.35
20261001T111152Z-8adcb79,584580925302,19101cd92bc9,584580925302-087,87,0,1,94,63,64,0.32
20261001T111152Z-8adcb79,584580925302,19101cd92bc9,584580925302-088,88,0,1,8,118,63,0.36
20261001T111152Z-8adcb79,584580925302,19101cd92bc9,584580925302-089,89,0,1,43,84,62,0.37
20261001T111152Z-8adcb79,584580925302,19101cd92bc9,584580925302-090,90,0,1,25,103,61,0.4
20261001T111152Z-8adcb79,584580925302,19101cd92bc9,584580925302-091,91,1,1,42,42,60,0.6
20261001T111152Z-8adcb79,584580925302,19101cd92bc9,584580925302-092,92,0,1,24,35,59,0.45
20261001T111152Z-8adcb79,584580925302,19101cd92bc9,584580925302-093,93,0,1,23,81,58,0.4
20261001T111152Z-8adcb79,584580925302,19101cd92bc9,584580925302-094,94,0,1,1,78,57,0.3
20261001T111152Z-8adcb79,584580925302,19101cd92bc9,584580925302-095,95,0,1,6,82,56,0.25
20261001T111152Z-8adcb79,584580925302,19101cd92bc9,584580925302-096,96,0,1,93,11,55,0.41
20261001T111152Z-8adcb79,584580925302,19101cd92bc9,584580925302-097,97,0,1,92,10,54,0.3
20261001T111152Z-8adcb79,584580925302,19101cd92bc9,584580925302-098,98,0,1,91,40,53,0.38
20261001T111152Z-8adcb79,584580925302,19101cd92bc9,584580925302-099,99,0,1,90,139,52,0.39
20261001T111152Z-8adcb79,584580925302,19101cd92bc9,584580925302-100,100,0,1,89,1,51,0.37
20261001T111152Z-8adcb79,584580925302,19101cd92bc9,584580925302-101,101,0,1,41,143,50,0.37
20261001T111152Z-8adcb79,584580925302,19101cd92bc9,584580925302-102,102,0,1,88,52,49,0.34
20261001T111152Z-8adcb79,584580925302,19101cd92bc9,584580925302-103,103,0,1,87,25,48,0.34
20261001T111152Z-8adcb79,584580925302,19101cd92bc9,584580925302-104,104,0,1,86,15,47,0.29
20261001T111152Z-8adcb79,584580925302,19101cd92bc9,584580925302-105,105,0,1,40,141,46,0.38
20261001T111152Z-8adcb79,584580925302,19101cd92bc9,584580925302-106,106,0,1,39,85,45,0.43
20261001T111152Z-8adcb79,584580925302,19101cd92bc9,584580925302-107,107,0,1,22,61,44,0.4
20261001T111152Z-8adcb79,584580925302,19101cd92bc9,584580925302-108,108,0,1,21,65,43,0.4
20261001T111152Z-8adcb79,584580925302,19101cd92bc9,584580925302-109,109,0,1,4,130,42,0.35
20261001T111152Z-8adcb79,584580925302,19101cd92bc9,584580925302-110,110,0,1,85,148,41,0.28
20261001T111152Z-8adcb79,584580925302,19101cd92bc9,584580925302-111,111,0,1,84,14,40,0.37
20261001T111152Z-8adcb79,584580925302,19101cd92bc9,584580925302-112,112,0,1,83,99,39,0.44
20261001T111152Z-8adcb79,584580925302,19101cd92bc9,584580925302-113,113,0,1,82,104,38,0.28
20261001T111152Z-8adcb79,584580925302,19101cd92bc9,584580925302-114,114,0,1,81,70,37,0.26
20261001T111152Z-8adcb79,584580925302,19101cd92bc9,584580925302-115,115,0,1,80,73,36,0.33
20261001T111152Z-8adcb79,584580925302,19101cd92bc9,584580925302-116,116,0,1,79,137,35,0.25
20261001T111152Z-8adcb79,584580925302,19101cd92bc9,584580925302-117,117,0,1,78,13,34,0.22
20261001T111152Z-8adcb79,584580925302,19101cd92bc9,584580925302-118,118,1,1,14,88,33,0.53
20261001T111152Z-8adcb79,584580925302,19101cd92bc9,584580925302-119,119,0,1,77,50,32,0.36
20261001T111152Z-8adcb79,584580925302,19101cd92bc9,584580925302-120,120,0,1,76,67,31,0.29
20261001T111152Z-8adcb79,584580925302,19101cd92bc9,584580925302-121,121,0,1,75,83,30,0.32
20261001T111152Z-8adcb79,584580925302,19101cd92bc9,584580925302-122,122,0,1,74,51,29,0.39
20261001T111152Z-8adcb79,584580925302,19101cd92bc9,584580925302-123,123,0,1,73,21,28,0.27
20261001T111152Z-8adcb79,584580925302,19101cd92bc9,584580925302-124,124,0,1,72,112,27,0.44
20261001T111152Z-8adcb79,584580925302,19101cd92bc9,584580925302-125,125,0,1,13,145,26,0.42
20261001T111152Z-8adcb79,584580925302,19101cd92bc9,584580925302-126,126,0,1,71,49,25,0.38
20261001T111152Z-8adcb79,584580925302,19101cd92bc9,584580925302-127,127,0,1,70,16,24,0.33
20261001T111152Z-8adcb79,584580925302,19101cd92bc9,584580925302-128,128,0,1,69,39,23,0.31
20261001T111152Z-8adcb79,584580925302,19101cd92bc9,584580925302-129,129,0,1,68,62,22,0.28
20261001T111152Z-8adcb79,584580925302,19101cd92bc9,584580925302-130,130,0,1,67,18,21,0.34
20261001T111152Z-8adcb79,584580925302,19101cd92bc9,584580925302-131,131,0,1,38,142,20,0.37
20261001T111152Z-8adcb79,584580925302,19101cd92bc9,584580925302-132,132,0,1,66,7,19,0.34
20261001T111152Z-8adcb79,584580925302,19101cd92bc9,584580925302-133,133,0,1,65,105,18,0.25
20261001T111152Z-8adcb79,584580925302,19101cd92bc9,584580925302-134,134,0,1,37,140,17,0.37
20261001T111152Z-8adcb79,584580925302,19101cd92bc9,584580925302-135,135,0,1,64,115,16,0.36
20261001T111152Z-8adcb79,584580925302,19101cd92bc9,584580925302-136,136,0,1,63,134,15,0.24
20261001T111152Z-8adcb79,584580925302,19101cd92bc9,584580925302-137,137,0,1,62,120,14,0.21
20261001T111152Z-8adcb79,584580925302,19101cd92bc9,584580925302-138,138,0,1,61,56,13,0.39
20261001T111152Z-8adcb79,584580925302,19101cd92bc9,584580925302-139,139,0,1,60,91,12,0.33
20261001T111152Z-8adcb79,584580925302,19101cd92bc9,584580925302-140,140,0,1,59,38,11,0.29
20261001T111152Z-8adcb79,584580925302,19101cd92bc9,584580925302-141,141,0,1,58,31,10,0.36
20261001T111152Z-8adcb79,584580925302,19101cd92bc9,584580925302-142,142,0,1,5,124,9,0.46
20261001T111152Z-8adcb79,584580925302,19101cd92bc9,584580925302-143,143,0,1,36,86,8,0.42
20261001T111152Z-8adcb79,584580925302,19101cd92bc9,584580925302-144,144,1,1,35,44,7,0.52
20261001T111152Z-8adcb79,584580925302,19101cd92bc9,584580925302-145,145,0,1,7,34,6,0.46
20261001T111152Z-8adcb79,584580925302,19101cd92bc9,584580925302-146,146,0,1,20,32,5,0.39
20261001T111152Z-8adcb79,584580925302,19101cd92bc9,584580925302-147,147,0,1,19,46,4,0.44
20261001T111152Z-8adcb79,584580925302,19101cd92bc9,584580925302-148,148,0,1,18,37,3,0.44
20261001T111152Z-8adcb79,584580925302,19101cd92bc9,584580925302-149,149,0,1,2,117,2,0.41
20261001T111152Z-8adcb79,584580925302,19101cd92bc9,584580925302-150,150,0,1,34,33,1,0.45
20261001T111152Z-8adcb79,5cb3d351030c,b87bb92ba378,5cb3d351030c-001,1,0,1,73,43,150,0.42
20261001T111152Z-8adcb79,5cb3d351030c,b87bb92ba378,5cb3d351030c-002,2,0,1,19,104,149,0.4
20261001T111152Z-8adcb79,5cb3d351030c,b87bb92ba378,5cb3d351030c-003,3,0,1,62,54,148,0.45
20261001T111152Z-8adcb79,5cb3d351030c,b87bb92ba378,5cb3d351030c-004,4,1,1,10,23,147,0.5
20261001T111152Z-8adcb79,5cb3d351030c,b87bb92ba378,5cb3d351030c-005,5,1,1,35,99,146,0.57
20261001T111152Z-8adcb79,5cb3d351030c,b87bb92ba378,5cb3d351030c-006,6,0,1,29,121,145,0.42
20261001T111152Z-8adcb79,5cb3d351030c,b87bb92ba378,5cb3d351030c-007,7,0,0,,11,144,0.4
20261001T111152Z-8adcb79,5cb3d351030c,b87bb92ba378,5cb3d351030c-008,8,0,1,,101,143,0.42
20261001T111152Z-8adcb79,5cb3d351030c,b87bb92ba378,5cb3d351030c-009,9,1,1,,128,142,0.54
20261001T111152Z-8adcb79,5cb3d351030c,b87bb92ba378,5cb3d351030c-010,10,1,1,105,107,141,0.53
20261001T111152Z-8adcb79,5cb3d351030c,b87bb92ba378,5cb3d351030c-011,11,0,1,,100,140,0.4
20261001T111152Z-8adcb79,5cb3d351030c,b87bb92ba378,5cb3d351030c-012,12,1,1,90,18,139,0.5
20261001T111152Z-8adcb79,5cb3d351030c,b87bb92ba378,5cb3d351030c-013,13,0,1,,56,138,0.42
20261001T111152Z-8adcb79,5cb3d351030c,b87bb92ba378,5cb3d351030c-014,14,0,1,,132,137,0.46
20261001T111152Z-8adcb79,5cb3d351030c,b87bb92ba378,5cb3d351030c-015,15,0,1,,55,136,0.41
20261001T111152Z-8adcb79,5cb3d351030c,b87bb92ba378,5cb3d351030c-016,16,0,1,89,122,135,0.42
20261001T111152Z-8adcb79,5cb3d351030c,b87bb92ba378,5cb3d351030c-017,17,0,1,,130,134,0.38
20261001T111152Z-8adcb79,5cb3d351030c,b87bb92ba378,5cb3d351030c-018,18,0,1,,29,133,0.38
20261001T111152Z-8adcb79,5cb3d351030c,b87bb92ba378,5cb3d351030c-019,19,0,1,55,96,132,0.4
20261001T111152Z-8adcb79,5cb3d351030c,b87bb92ba378,5cb3d351030c-020,20,1,1,54,9,131,0.6
20261001T111152Z-8adcb79,5cb3d351030c,b87bb92ba378,5cb3d351030c-021,21,0,1,18,76,130,0.39
20261001T111152Z-8adcb79,5cb3d351030c,b87bb92ba378,5cb3d351030c-022,22,0,0,,20,129,0.37
20261001T111152Z-8adcb79,5cb3d351030c,b87bb92ba378,5cb3d351030c-023,23,0,1,9,112,128,0.33
20261001T111152Z-8adcb79,5cb3d351030c,b87bb92ba378,5cb3d351030c-024,24,0,1,88,119,127,0.49
20261001T111152Z-8adcb79,5cb3d351030c,b87bb92ba378,5cb3d351030c-025,25,0,1,53,123,126,0.47
20261001T111152Z-8adcb79,5cb3d351030c,b87bb92ba378,5cb3d351030c-026,26,0,1,72,126,125,0.38
20261001T111152Z-8adcb79,5cb3d351030c,b87bb92ba378,5cb3d351030c-027,27,0,1,87,1,124,0.46
20261001T111152Z-8adcb79,5cb3d351030c,b87bb92ba378,5cb3d351030c-028,28,0,0,,26,123,0.39
20261001T111152Z-8adcb79,5cb3d351030c,b87bb92ba378,5cb3d351030c-029,29,1,1,104,61,122,0.6
20261001T111152Z-8adcb79,5cb3d351030c,b87bb92ba378,5cb3d351030c-030,30,1,1,103,15,121,0.63
20261001T111152Z-8adcb79,5cb3d351030c,b87bb92ba378,5cb3d351030c-031,31,0,1,102,98,120,0.45
20261001T111152Z-8adcb79,5cb3d351030c,b87bb92ba378,5cb3d351030c-032,32,1,1,86,71,119,0.56
20261001T111152Z-8adcb79,5cb3d351030c,b87bb92ba378,5cb3d351030c-033,33,0,1,85,49,118,0.46
20261001T111152Z-8adcb79,5cb3d351030c,b87bb92ba378,5cb3d351030c-034,34,0,1,101,5,117,0.29
20261001T111152Z-8adcb79,5cb3d351030c,b87bb92ba378,5cb3d351030c-035,35,0,1,71,111,116,0.38
20261001T111152Z-8adcb79,5cb3d351030c,b87bb92ba378,5cb3d351030c-036,36,0,1,,82,115,0.31
20261001T111152Z-8adcb79,5cb3d351030c,b87bb92ba378,5cb3d351030c-037,37,0,1,,70,114,0.34
20261001T111152Z-8adcb79,5cb3d351030c,b87bb92ba378,5cb3d351030c-038,38,0,1,34,59,113,0.31
20261001T111152Z-8adcb79,5cb3d351030c,b87bb92ba378,5cb3d351030c-039,39,0,1,84,103,112,0.32
20261001T111152Z-8adcb79,5cb3d351030c,b87bb92ba378,5cb3d351030c-040,40,0,1,70,24,111,0.33
20261001T111152Z-8adcb79,5cb3d351030c,b87bb92ba378,5cb3d351030c-041,41,0,1,52,113,110,0.32
20261001T111152Z-8adcb79,5cb3d351030c,b87bb92ba378,5cb3d351030c-042,42,0,1,61,36,109,0.32
20261001T111152Z-8adcb79,5cb3d351030c,b87bb92ba378,5cb3d351030c-043,43,0,1,33,73,108,0.34
20261001T111152Z-8adcb79,5cb3d351030c,b87bb92ba378,5cb3d351030c-044,44,0,1,51,52,107,0.35
20261001T111152Z-8adcb79,5cb3d351030c,b87bb92ba378,5cb3d351030c-045,45,0,1,40,88,106,0.48
20261001T111152Z-8adcb79,5cb3d351030c,b87bb92ba378,5cb3d351030c-046,46,1,1,47,48,105,0.56
20261001T111152Z-8adcb79,5cb3d351030c,b87bb92ba378,5cb3d351030c-047,47,0,1,17,125,104,0.35
20261001T111152Z-8adcb79,5cb3d351030c,b87bb92ba378,5cb3d351030c-048,48,0,1,83,41,103,0.43
20261001T111152Z-8adcb79,5cb3d351030c,b87bb92ba378,5cb3d351030c-049,49,0,1,12,114,102,0.33
20261001T111152Z-8adcb79,5cb3d351030c,b87bb92ba378,5cb3d351030c-050,50,0,1,23,85,101,0.4
20261001T111152Z-8adcb79,5cb3d351030c,b87bb92ba378,5cb3d351030c-051,51,0,1,39,60,100,0.34
20261001T111152Z-8adcb79,5cb3d351030c,b87bb92ba378,5cb3d351030c-052,52,1,1,69,28,99,0.55
20261001T111152Z-8adcb79,5cb3d351030c,b87bb92ba378,5cb3d351030c-053,53,0,1,60,50,98,0.46
20261001T111152Z-8adcb79,5cb3d351030c,b87bb92ba378,5cb3d351030c-054,54,0,1,46,95,97,0.36
20261001T111152Z-8adcb79,5cb3d351030c,b87bb92ba378,5cb3d351030c-055,55,0,1,45,120,96,0.32
20261001T111152Z-8adcb79,5cb3d351030c,b87bb92ba378,5cb3d351030c-056,56,0,1,,44,95,0.38
20261001T111152Z-8adcb79,5cb3d351030c,b87bb92ba378,5cb3d351030c-057,57,0,1,100,97,94,0.27
20261001T111152Z-8adcb79,5cb3d351030c,b87bb92ba378,5cb3d351030c-058,58,0,1,,32,93,0.35
20261001T111152Z-8adcb79,5cb3d351030c,b87bb92ba378,5cb3d351030c-059,59,0,1,,35,92,0.39
20261001T111152Z-8adcb79,5cb3d351030c,b87bb92ba378,5cb3d351030c-060,60,0,1,16,105,91,0.34
20261001T111152Z-8adcb79,5cb3d351030c,b87bb92ba378,5cb3d351030c-061,61,0,1,22,39,90,0.42
20261001T111152Z-8adcb79,5cb3d351030c,b87bb92ba378,5cb3d351030c-062,62,0,1,28,57,89,0.41
20261001T111152Z-8adcb79,5cb3d351030c,b87bb92ba378,5cb3d351030c-063,63,0,1,21,63,88,0.33
20261001T111152Z-8adcb79,5cb3d351030c,b87bb92ba378,5cb3d351030c-064,64,0,1,,38,87,0.37
20261001T111152Z-8adcb79,5cb3d351030c,b87bb92ba378,5cb3d351030c-065,65,0,1,82,106,86,0.45
20261001T111152Z-8adcb79,5cb3d351030c,b87bb92ba378,5cb3d351030c-066,66,0,1,44,74,85,0.35
20261001T111152Z-8adcb79,5cb3d351030c,b87bb92ba378,5cb3d351030c-067,67,0,1,50,109,84,0.34
20261001T111152Z-8adcb79,5cb3d351030c,b87bb92ba378,5cb3d351030c-068,68,0,1,,13,83,0.39
20261001T111152Z-8adcb79,5cb3d351030c,b87bb92ba378,5cb3d351030c-069,69,0,1,81,12,82,0.28
20261001T111152Z-8adcb79,5cb3d351030c,b87bb92ba378,5cb3d351030c-070,70,0,1,99,25,81,0.3
20261001T111152Z-8adcb79,5cb3d351030c,b87bb92ba378,5cb3d351030c-071,71,0,1,43,117,80,0.26
20261001T111152Z-8adcb79,5cb3d351030c,b87bb92ba378,5cb3d351030c-072,72,0,1,,16,79,0.33
20261001T111152Z-8adcb79,5cb3d351030c,b87bb92ba378,5cb3d351030c-073,73,0,1,59,47,78,0.38
20261001T111152Z-8adcb79,5cb3d351030c,b87bb92ba378,5cb3d351030c-074,74,1,1,80,58,77,0.58
20261001T111152Z-8adcb79,5cb3d351030c,b87bb92ba378,5cb3d351030c-075,75,0,1,,19,76,0.35
20261001T111152Z-8adcb79,5cb3d351030c,b87bb92ba378,5cb3d351030c-076,76,0,1,58,91,75,0.43
20261001T111152Z-8adcb79,5cb3d351030c,b87bb92ba378,5cb3d351030c-077,77,1,1,98,62,74,0.58
20261001T111152Z-8adcb79,5cb3d351030c,b87bb92ba378,5cb3d351030c-078,78,0,1,42,64,73,0.3
20261001T111152Z-8adcb79,5cb3d351030c,b87bb92ba378,5cb3d351030c-079,79,0,1,97,79,72,0.29
20261001T111152Z-8adcb79,5cb3d351030c,b87bb92ba378,5cb3d351030c-080,80,0,1,,66,71,0.41
20261001T111152Z-8adcb79,5cb3d351030c,b87bb92ba378,5cb3d351030c-081,81,0,1,,37,70,0.44
20261001T111152Z-8adcb79,5cb3d351030c,b87bb92ba378,5cb3d351030c-082,82,0,1,,30,69,0.37
20261001T111152Z-8adcb79,5cb3d351030c,b87bb92ba378,5cb3d351030c-083,83,0,1,27,67,68,0.31
20261001T111152Z-8adcb79,5cb3d351030c,b87bb92ba378,5cb3d351030c-084,84,1,1,79,33,67,0.54
20261001T111152Z-8adcb79,5cb3d351030c,b87bb92ba378,5cb3d351030c-085,85,0,1,,31,66,0.34
20261001T111152Z-8adcb79,5cb3d351030c,b87bb92ba378,5cb3d351030c-086,86,0,1,,81,65,0.42
20261001T111152Z-8adcb79,5cb3d351030c,b87bb92ba378,5cb3d351030c-087,87,0,1,,116,64,0.4
20261001T111152Z-8adcb79,5cb3d351030c,b87bb92ba378,5cb3d351030c-088,88,0,1,,80,63,0.36
20261001T111152Z-8adcb79,5cb3d351030c,b87bb92ba378,5cb3d351030c-089,89,0,1,49,51,62,0.45
20261001T111152Z-8adcb79,5cb3d351030c,b87bb92ba378,5cb3d351030c-090,90,0,1,41,89,61,0.32
20261001T111152Z-8adcb79,5cb3d351030c,b87bb92ba378,5cb3d351030c-091,91,0,1,78,115,60,0.3
20261001T111152Z-8adcb79,5cb3d351030c,b87bb92ba378,5cb3d351030c-092,92,0,1,,149,59,0.3
20261001T111152Z-8adcb79,5cb3d351030c,b87bb92ba378,5cb3d351030c-093,93,0,1,38,22,58,0.32
20261001T111152Z-8adcb79,5cb3d351030c,b87bb92ba378,5cb3d351030c-094,94,0,1,,148,57,0.31
20261001T111152Z-8adcb79,5cb3d351030c,b87bb92ba378,5cb3d351030c-095,95,0,1,37,45,56,0.29
20261001T111152Z-8adcb79,5cb3d351030c,b87bb92ba378,5cb3d351030c-096,96,0,1,,147,55,0.29
20261001T111152Z-8adcb79,5cb3d351030c,b87bb92ba378,5cb3d351030c-097,97,0,1,57,127,54,0.49
20261001T111152Z-8adcb79,5cb3d351030c,b87bb92ba378,5cb3d351030c-098,98,0,1,48,10,53,0.41
20261001T111152Z-8adcb79,5cb3d351030c,b87bb92ba378,5cb3d351030c-099,99,0,1,,141,52,0.28
20261001T111152Z-8adcb79,5cb3d351030c,b87bb92ba378,5cb3d351030c-100,100,0,1,,140,51,0.33
20261001T111152Z-8adcb79,5cb3d351030c,b87bb92ba378,5cb3d351030c-101,101,0,1,,134,50,0.36
20261001T111152Z-8adcb79,5cb3d351030c,b87bb92ba378,5cb3d351030c-102,102,0,1,,142,49,0.32
20261001T111152Z-8adcb79,5cb3d351030c,b87bb92ba378,5cb3d351030c-103,103,0,1,15,92,48,0.37
20261001T111152Z-8adcb79,5cb3d351030c,b87bb92ba378,5cb3d351030c-104,104,0,1,,150,47,0.23
20261001T111152Z-8adcb79,5cb3d351030c,b87bb92ba378,5cb3d351030c-105,105,0,1,20,40,46,0.36
20261001T111152Z-8adcb79,5cb3d351030c,b87bb92ba378,5cb3d351030c-106,106,0,1,68,42,45,0.36
20261001T111152Z-8adcb79,5cb3d351030c,b87bb92ba378,5cb3d351030c-107,107,0,1,,145,44,0.31
20261001T111152Z-8adcb79,5cb3d351030c,b87bb92ba378,5cb3d351030c-108,108,0,1,11,34,43,0.34
20261001T111152Z-8adcb79,5cb3d351030c,b87bb92ba378,5cb3d351030c-109,109,0,1,,144,42,0.28
20261001T111152Z-8adcb79,5cb3d351030c,b87bb92ba378,5cb3d351030c-110,110,0,1,36,65,41,0.24
20261001T111152Z-8adcb79,5cb3d351030c,b87bb92ba378,5cb3d351030c-111,111,0,1,,146,40,0.28
20261001T111152Z-8adcb79,5cb3d351030c,b87bb92ba378,5cb3d351030c-112,112,0,1,26,90,39,0.45
20261001T111152Z-8adcb79,5cb3d351030c,b87bb92ba378,5cb3d351030c-113,113,0,1,6,75,38,0.35
20261001T111152Z-8adcb79,5cb3d351030c,b87bb92ba378,5cb3d351030c-114,114,0,1,,131,37,0.31
20261001T111152Z-8adcb79,5cb3d351030c,b87bb92ba378,5cb3d351030c-115,115,0,1,,143,36,0.29
20261001T111152Z-8adcb79,5cb3d351030c,b87bb92ba378,5cb3d351030c-116,116,0,1,,133,35,0.31
20261001T111152Z-8adcb79,5cb3d351030c,b87bb92ba378,5cb3d351030c-117,117,0,1,,135,34,0.23
20261001T111152Z-8adcb79,5cb3d351030c,b87bb92ba378,5cb3d351030c-118,118,0,1,,136,33,0.32
20261001T111152Z-8adcb79,5cb3d351030c,b87bb92ba378,5cb3d351030c-119,119,0,1,96,138,32,0.29
20261001T111152Z-8adcb79,5cb3d351030c,b87bb92ba378,5cb3d351030c-120,120,0,1,,129,31,0.31
20261001T111152Z-8adcb79,5cb3d351030c,b87bb92ba378,5cb3d351030c-121,121,0,1,,139,30,0.18
20261001T111152Z-8adcb79,5cb3d351030c,b87bb92ba378,5cb3d351030c-122,122,0,1,30,86,29,0.4
20261001T111152Z-8adcb79,5cb3d351030c,b87bb92ba378,5cb3d351030c-123,123,0,1,4,69,28,0.34
20261001T111152Z-8adcb79,5cb3d351030c,b87bb92ba378,5cb3d351030c-124,124,0,1,95,137,27,0.28
20261001T111152Z-8adcb79,5cb3d351030c,b87bb92ba378,5cb3d351030c-125,125,1,1,94,78,26,0.53
20261001T111152Z-8adcb79,5cb3d351030c,b87bb92ba378,5cb3d351030c-126,126,1,1,77,110,25,0.56
20261001T111152Z-8adcb79,5cb3d351030c,b87bb92ba378,5cb3d351030c-127,127,1,1,56,27,24,0.54
20261001T111152Z-8adcb79,5cb3d351030c,b87bb92ba378,5cb3d351030c-128,128,0,1,7,102,23,0.38
20261001T111152Z-8adcb79,5cb3d351030c,b87bb92ba378,5cb3d351030c-129,129,0,1,32,21,22,0.46
20261001T111152Z-8adcb79,5cb3d351030c,b87bb92ba378,5cb3d351030c-130,130,0,1,14,118,21,0.44
20261001T111152Z-8adcb79,5cb3d351030c,b87bb92ba378,5cb3d351030c-131,131,0,1,67,108,20,0.43
20261001T111152Z-8adcb79,5cb3d351030c,b87bb92ba378,5cb3d351030c-132,132,1,1,76,84,19,0.52
20261001T111152Z-8adcb79,5cb3d351030c,b87bb92ba378,5cb3d351030c-133,133,0,1,3,53,18,0.31
20261001T111152Z-8adcb79,5cb3d351030c,b87bb92ba378,5cb3d351030c-134,134,0,1,1,68,17,0.38
20261001T111152Z-8adcb79,5cb3d351030c,b87bb92ba378,5cb3d351030c-135,135,1,1,93,2,16,0.54
20261001T111152Z-8adcb79,5cb3d351030c,b87bb92ba378,5cb3d351030c-136,136,1,1,66,3,15,0.5
20261001T111152Z-8adcb79,5cb3d351030c,b87bb92ba378,5cb3d351030c-137,137,0,1,8,94,14,0.48
20261001T111152Z-8adcb79,5cb3d351030c,b87bb92ba378,5cb3d351030c-138,138,1,1,92,87,13,0.51
20261001T111152Z-8adcb79,5cb3d351030c,b87bb92ba378,5cb3d351030c-139,139,1,1,75,83,12,0.58
20261001T111152Z-8adcb79,5cb3d351030c,b87bb92ba378,5cb3d351030c-140,140,0,1,31,93,11,0.46
20261001T111152Z-8adcb79,5cb3d351030c,b87bb92ba378,5cb3d351030c-141,141,0,1,25,8,10,0.44
20261001T111152Z-8adcb79,5cb3d351030c,b87bb92ba378,5cb3d351030c-142,142,0,1,2,77,9,0.4
20261001T111152Z-8adcb79,5cb3d351030c,b87bb92ba378,5cb3d351030c-143,143,0,1,13,124,8,0.46
20261001T111152Z-8adcb79,5cb3d351030c,b87bb92ba378,5cb3d351030c-144,144,0,1,91,14,7,0.45
20261001T111152Z-8adcb79,5cb3d351030c,b87bb92ba378,5cb3d351030c-145,145,0,1,74,6,6,0.47
20261001T111152Z-8adcb79,5cb3d351030c,b87bb92ba378,5cb3d351030c-146,146,0,1,5,7,5,0.4
20261001T111152Z-8adcb79,5cb3d351030c,b87bb92ba378,5cb3d351030c-147,147,0,1,65,46,4,0.45
20261001T111152Z-8adcb79,5cb3d351030c,b87bb92ba378,5cb3d351030c-148,148,0,1,24,72,3,0.35
20261001T111152Z-8adcb79,5cb3d351030c,b87bb92ba378,5cb3d351030c-149,149,1,1,64,4,2,0.59
20261001T111152Z-8adcb79,5cb3d351030c,b87bb92ba378,5cb3d351030c-150,150,1,1,63,17,1,0.7
20261001T111152Z-8adcb79,5f1015d881e9,3891295cfcc1,5f1015d881e9-001,1,0,1,10,27,55,0.49
20261001T111152Z-8adcb79,5f1015d881e9,3891295cfcc1,5f1015d881e9-002,2,0,1,21,40,54,0.48
20261001T111152Z-8adcb79,5f1015d881e9,3891295cfcc1,5f1015d881e9-003,3,0,1,9,45,53,0.43
20261001T111152Z-8adcb79,5f1015d881e9,3891295cfcc1,5f1015d881e9-004,4,0,1,41,44,52,0.49
20261001T111152Z-8adcb79,5f1015d881e9,3891295cfcc1,5f1015d881e9-005,5,0,0,,8,51,0.42
20261001T111152Z-8adcb79,5f1015d881e9,3891295cfcc1,5f1015d881e9-006,6,0,0,,2,50,0.44
20261001T111152Z-8adcb79,5f1015d881e9,3891295cfcc1,5f1015d881e9-007,7,0,0,,11,49,0.37
20261001T111152Z-8adcb79,5f1015d881e9,3891295cfcc1,5f1015d881e9-008,8,0,0,,9,48,0.34
20261001T111152Z-8adcb79,5f1015d881e9,3891295cfcc1,5f1015d881e9-009,9,0,0,,26,47,0.47
20261001T111152Z-8adcb79,5f1015d881e9,3891295cfcc1,5f1015d881e9-010,10,0,0,,,46,0.22
20261001T111152Z-8adcb79,5f1015d881e9,3891295cfcc1,5f1015d881e9-011,11,0,0,,7,45,0.4
20261001T111152Z-8adcb79,5f1015d881e9,3891295cfcc1,5f1015d881e9-012,12,0,0,,50,44,0.25
20261001T111152Z-8adcb79,5f1015d881e9,3891295cfcc1,5f1015d881e9-013,13,0,0,,,43,0.28
20261001T111152Z-8adcb79,5f1015d881e9,3891295cfcc1,5f1015d881e9-014,14,0,0,,15,42,0.35
20261001T111152Z-8adcb79,5f1015d881e9,3891295cfcc1,5f1015d881e9-015,15,0,0,,,41,0.39
20261001T111152Z-8adcb79,5f1015d881e9,3891295cfcc1,5f1015d881e9-016,16,0,1,33,,40,0.44
20261001T111152Z-8adcb79,5f1015d881e9,3891295cfcc1,5f1015d881e9-017,17,0,1,32,36,39,0.47
20261001T111152Z-8adcb79,5f1015d881e9,3891295cfcc1,5f1015d881e9-018,18,0,1,4,14,38,0.44
20261001T111152Z-8adcb79,5f1015d881e9,3891295cfcc1,5f1015d881e9-019,19,0,1,1,12,37,0.31
20261001T111152Z-8adcb79,5f1015d881e9,3891295cfcc1,5f1015d881e9-020,20,0,1,7,22,36,0.23
20261001T111152Z-8adcb79,5f1015d881e9,3891295cfcc1,5f1015d881e9-021,21,0,1,40,10,35,0.31
20261001T111152Z-8adcb79,5f1015d881e9,3891295cfcc1,5f1015d881e9-022,22,0,0,,,34,0.28
20261001T111152Z-8adcb79,5f1015d881e9,3891295cfcc1,5f1015d881e9-023,23,0,1,3,20,33,0.37
20261001T111152Z-8adcb79,5f1015d881e9,3891295cfcc1,5f1015d881e9-024,24,0,1,20,21,32,0.35
20261001T111152Z-8adcb79,5f1015d881e9,3891295cfcc1,5f1015d881e9-025,25,0,1,39,46,31,0.36
20261001T111152Z-8adcb79,5f1015d881e9,3891295cfcc1,5f1015d881e9-026,26,0,1,38,41,30,0.34
20261001T111152Z-8adcb79,5f1015d881e9,3891295cfcc1,5f1015d881e9-027,27,0,1,23,35,29,0.35
20261001T111152Z-8adcb79,5f1015d881e9,3891295cfcc1,5f1015d881e9-028,28,0,1,28,32,28,0.39
20261001T111152Z-8adcb79,5f1015d881e9,3891295cfcc1,5f1015d881e9-029,29,0,0,,42,27,0.3
20261001T111152Z-8adcb79,5f1015d881e9,3891295cfcc1,5f1015d881e9-030,30,0,0,,29,26,0.34
20261001T111152Z-8adcb79,5f1015d881e9,3891295cfcc1,5f1015d881e9-031,31,0,1,27,28,25,0.28
20261001T111152Z-8adcb79,5f1015d881e9,3891295cfcc1,5f1015d881e9-032,32,0,1,37,24,24,0.45
20261001T111152Z-8adcb79,5f1015d881e9,3891295cfcc1,5f1015d881e9-033,33,0,1,19,6,23,0.23
20261001T111152Z-8adcb79,5f1015d881e9,3891295cfcc1,5f1015d881e9-034,34,0,1,18,5,22,0.29
20261001T111152Z-8adcb79,5f1015d881e9,3891295cfcc1,5f1015d881e9-035,35,0,1,36,4,21,0.37
20261001T111152Z-8adcb79,5f1015d881e9,3891295cfcc1,5f1015d881e9-036,36,0,1,17,19,20,0.46
20261001T111152Z-8adcb79,5f1015d881e9,3891295cfcc1,5f1015d881e9-037,37,0,1,6,31,19,0.33
20261001T111152Z-8adcb79,5f1015d881e9,3891295cfcc1,5f1015d881e9-038,38,0,1,13,48,18,0.38
20261001T111152Z-8adcb79,5f1015d881e9,3891295cfcc1,5f1015d881e9-039,39,0,1,5,18,17,0.32
20261001T111152Z-8adcb79,5f1015d881e9,3891295cfcc1,5f1015d881e9-040,40,0,1,16,43,16,0.43
20261001T111152Z-8adcb79,5f1015d881e9,3891295cfcc1,5f1015d881e9-041,41,0,1,31,17,15,0.29
20261001T111152Z-8adcb79,5f1015d881e9,3891295cfcc1,5f1015d881e9-042,42,0,1,12,39,14,0.41
20261001T111152Z-8adcb79,5f1015d881e9,3891295cfcc1,5f1015d881e9-043,43,1,1,15,33,13,0.57
20261001T111152Z-8adcb79,5f1015d881e9,3891295cfcc1,5f1015d881e9-044,44,0,1,14,38,12,0.47
20261001T111152Z-8adcb79,5f1015d881e9,3891295cfcc1,5f1015d881e9-045,45,0,1,2,1,11,0.37
20261001T111152Z-8adcb79,5f1015d881e9,3891295cfcc1,5f1015d881e9-046,46,0,1,35,34,10,0.23
20261001T111152Z-8adcb79,5f1015d881e9,3891295cfcc1,5f1015d881e9-047,47,0,1,30,13,9,0.4
20261001T111152Z-8adcb79,5f1015d881e9,3891295cfcc1,5f1015d881e9-048,48,1,1,26,25,8,0.5
20261001T111152Z-8adcb79,5f1015d881e9,3891295cfcc1,5f1015d881e9-049,49,0,1,25,23,7,0.38
20261001T111152Z-8adcb79,5f1015d881e9,3891295cfcc1,5f1015d881e9-050,50,0,1,22,30,6,0.39
20261001T111152Z-8adcb79,5f1015d881e9,3891295cfcc1,5f1015d881e9-051,51,0,1,34,37,5,0.34
20261001T111152Z-8adcb79,5f1015d881e9,3891295cfcc1,5f1015d881e9-052,52,0,1,11,49,4,0.31
20261001T111152Z-8adcb79,5f1015d881e9,3891295cfcc1,5f1015d881e9-053,53,0,1,24,47,3,0.47
20261001T111152Z-8adcb79,5f1015d881e9,3891295cfcc1,5f1015d881e9-054,54,0,1,8,3,2,0.33
20261001T111152Z-8adcb79,5f1015d881e9,3891295cfcc1,5f1015d881e9-055,55,0,1,29,16,1,0.3
20261001T111152Z-8adcb79,646293c94dc7,d1a4b481f07f,646293c94dc7-001,1,0,1,,145,150,0.19
20261001T111152Z-8adcb79,646293c94dc7,d1a4b481f07f,646293c94dc7-002,2,0,1,,111,149,0.16
20261001T111152Z-8adcb79,646293c94dc7,d1a4b481f07f,646293c94dc7-003,3,0,1,,128,148,0.13
20261001T111152Z-8adcb79,646293c94dc7,d1a4b481f07f,646293c94dc7-004,4,0,1,,139,147,0.24
20261001T111152Z-8adcb79,646293c94dc7,d1a4b481f07f,646293c94dc7-005,5,0,1,,125,146,0.23
20261001T111152Z-8adcb79,646293c94dc7,d1a4b481f07f,646293c94dc7-006,6,0,1,,110,145,0.17
20261001T111152Z-8adcb79,646293c94dc7,d1a4b481f07f,646293c94dc7-007,7,0,1,,144,144,0.12
20261001T111152Z-8adcb79,646293c94dc7,d1a4b481f07f,646293c94dc7-008,8,0,1,111,121,143,0.17
20261001T111152Z-8adcb79,646293c94dc7,d1a4b481f07f,646293c94dc7-009,9,0,1,,72,142,0.13
20261001T111152Z-8adcb79,646293c94dc7,d1a4b481f07f,646293c94dc7-010,10,0,1,110,147,141,0.26
20261001T111152Z-8adcb79,646293c94dc7,d1a4b481f07f,646293c94dc7-011,11,0,1,,64,140,0.19
20261001T111152Z-8adcb79,646293c94dc7,d1a4b481f07f,646293c94dc7-012,12,0,1,,103,139,0.15
20261001T111152Z-8adcb79,646293c94dc7,d1a4b481f07f,646293c94dc7-013,13,0,1,,132,138,0.22
20261001T111152Z-8adcb79,646293c94dc7,d1a4b481f07f,646293c94dc7-014,14,0,1,,133,137,0.21
20261001T111152Z-8adcb79,646293c94dc7,d1a4b481f07f,646293c94dc7-015,15,0,1,,96,136,0.14
20261001T111152Z-8adcb79,646293c94dc7,d1a4b481f07f,646293c94dc7-016,16,0,1,72,105,135,0.15
20261001T111152Z-8adcb79,646293c94dc7,d1a4b481f07f,646293c94dc7-017,17,0,1,109,67,134,0.16
20261001T111152Z-8adcb79,646293c94dc7,d1a4b481f07f,646293c94dc7-018,18,0,1,,55,133,0.12
20261001T111152Z-8adcb79,646293c94dc7,d1a4b481f07f,646293c94dc7-019,19,0,1,,99,132,0.15
20261001T111152Z-8adcb79,646293c94dc7,d1a4b481f07f,646293c94dc7-020,20,0,1,,137,131,0.14
20261001T111152Z-8adcb79,646293c94dc7,d1a4b481f07f,646293c94dc7-021,21,0,1,108,119,130,0.19
20261001T111152Z-8adcb79,646293c94dc7,d1a4b481f07f,646293c94dc7-022,22,0,1,107,,129,0.26
20261001T111152Z-8adcb79,646293c94dc7,d1a4b481f07f,646293c94dc7-023,23,0,1,,143,128,0.17
20261001T111152Z-8adcb79,646293c94dc7,d1a4b481f07f,646293c94dc7-024,24,0,1,106,149,127,0.19
20261001T111152Z-8adcb79,646293c94dc7,d1a4b481f07f,646293c94dc7-025,25,0,1,105,138,126,0.2
20261001T111152Z-8adcb79,646293c94dc7,d1a4b481f07f,646293c94dc7-026,26,0,1,104,114,125,0.18
20261001T111152Z-8adcb79,646293c94dc7,d1a4b481f07f,646293c94dc7-027,27,0,1,,68,124,0.14
20261001T111152Z-8adcb79,646293c94dc7,d1a4b481f07f,646293c94dc7-028,28,0,1,103,66,123,0.24
20261001T111152Z-8adcb79,646293c94dc7,d1a4b481f07f,646293c94dc7-029,29,0,1,,140,122,0.3
20261001T111152Z-8adcb79,646293c94dc7,d1a4b481f07f,646293c94dc7-030,30,0,1,,131,121,0.16
20261001T111152Z-8adcb79,646293c94dc7,d1a4b481f07f,646293c94dc7-031,31,0,1,,134,120,0.19
20261001T111152Z-8adcb79,646293c94dc7,d1a4b481f07f,646293c94dc7-032,32,0,1,,87,119,0.21
20261001T111152Z-8adcb79,646293c94dc7,d1a4b481f07f,646293c94dc7-033,33,0,1,,18,118,0.17
20261001T111152Z-8adcb79,646293c94dc7,d1a4b481f07f,646293c94dc7-034,34,0,1,,62,117,0.12
20261001T111152Z-8adcb79,646293c94dc7,d1a4b481f07f,646293c94dc7-035,35,0,1,,127,116,0.09
20261001T111152Z-8adcb79,646293c94dc7,d1a4b481f07f,646293c94dc7-036,36,0,1,102,123,115,0.26
20261001T111152Z-8adcb79,646293c94dc7,d1a4b481f07f,646293c94dc7-037,37,0,1,,113,114,0.14
20261001T111152Z-8adcb79,646293c94dc7,d1a4b481f07f,646293c94dc7-038,38,0,1,84,130,113,0.32
20261001T111152Z-8adcb79,646293c94dc7,d1a4b481f07f,646293c94dc7-039,39,0,1,101,75,112,0.2
20261001T111152Z-8adcb79,646293c94dc7,d1a4b481f07f,646293c94dc7-040,40,0,1,71,148,111,0.14
20261001T111152Z-8adcb79,646293c94dc7,d1a4b481f07f,646293c94dc7-041,41,0,1,100,146,110,0.15
20261001T111152Z-8adcb79,646293c94dc7,d1a4b481f07f,646293c94dc7-042,42,0,1,,141,109,0.14
20261001T111152Z-8adcb79,646293c94dc7,d1a4b481f07f,646293c94dc7-043,43,0,1,,46,108,0.18
20261001T111152Z-8adcb79,646293c94dc7,d1a4b481f07f,646293c94dc7-044,44,0,1,99,107,107,0.41
20261001T111152Z-8adcb79,646293c94dc7,d1a4b481f07f,646293c94dc7-045,45,0,1,98,135,106,0.21
20261001T111152Z-8adcb79,646293c94dc7,d1a4b481f07f,646293c94dc7-046,46,0,1,,98,105,0.29
20261001T111152Z-8adcb79,646293c94dc7,d1a4b481f07f,646293c94dc7-047,47,0,1,97,42,104,0.34
20261001T111152Z-8adcb79,646293c94dc7,d1a4b481f07f,646293c94dc7-048,48,0,1,,77,103,0.28
20261001T111152Z-8adcb79,646293c94dc7,d1a4b481f07f,646293c94dc7-049,49,0,1,,19,102,0.33
20261001T111152Z-8adcb79,646293c94dc7,d1a4b481f07f,646293c94dc7-050,50,0,1,,25,101,0.28
20261001T111152Z-8adcb79,646293c94dc7,d1a4b481f07f,646293c94dc7-051,51,0,1,,32,100,0.26
20261001T111152Z-8adcb79,646293c94dc7,d1a4b481f07f,646293c94dc7-052,52,0,1,,57,99,0.16
20261001T111152Z-8adcb79,646293c94dc7,d1a4b481f07f,646293c94dc7-053,53,0,1,,24,98,0.22
20261001T111152Z-8adcb79,646293c94dc7,d1a4b481f07f,646293c94dc7-054,54,0,1,96,41,97,0.18
20261001T111152Z-8adcb79,646293c94dc7,d1a4b481f07f,646293c94dc7-055,55,0,1,95,16,96,0.28
20261001T111152Z-8adcb79,646293c94dc7,d1a4b481f07f,646293c94dc7-056,56,0,1,,28,95,0.25
20261001T111152Z-8adcb79,646293c94dc7,d1a4b481f07f,646293c94dc7-057,57,0,1,94,37,94,0.26
20261001T111152Z-8adcb79,646293c94dc7,d1a4b481f07f,646293c94dc7-058,58,0,1,83,101,93,0.28
20261001T111152Z-8adcb79,646293c94dc7,d1a4b481f07f,646293c94dc7-059,59,0,1,20,56,92,0.16
20261001T111152Z-8adcb79,646293c94dc7,d1a4b481f07f,646293c94dc7-060,60,0,1,82,80,91,0.18
20261001T111152Z-8adcb79,646293c94dc7,d1a4b481f07f,646293c94dc7-061,61,0,1,35,79,90,0.16
20261001T111152Z-8adcb79,646293c94dc7,d1a4b481f07f,646293c94dc7-062,62,0,1,22,60,89,0.24
20261001T111152Z-8adcb79,646293c94dc7,d1a4b481f07f,646293c94dc7-063,63,0,1,17,63,88,0.2
20261001T111152Z-8adcb79,646293c94dc7,d1a4b481f07f,646293c94dc7-064,64,0,1,70,118,87,0.16
20261001T111152Z-8adcb79,646293c94dc7,d1a4b481f07f,646293c94dc7-065,65,0,1,7,142,86,0.17
20261001T111152Z-8adcb79,646293c94dc7,d1a4b481f07f,646293c94dc7-066,66,0,1,69,40,85,0.2
20261001T111152Z-8adcb79,646293c94dc7,d1a4b481f07f,646293c94dc7-067,67,0,1,,50,84,0.15
20261001T111152Z-8adcb79,646293c94dc7,d1a4b481f07f,646293c94dc7-068,68,0,1,6,53,83,0.11
20261001T111152Z-8adcb79,646293c94dc7,d1a4b481f07f,646293c94dc7-069,69,0,1,68,82,82,0.19
20261001T111152Z-8adcb79,646293c94dc7,d1a4b481f07f,646293c94dc7-070,70,0,1,81,29,81,0.24
20261001T111152Z-8adcb79,646293c94dc7,d1a4b481f07f,646293c94dc7-071,71,0,1,80,89,80,0.13
20261001T111152Z-8adcb79,646293c94dc7,d1a4b481f07f,646293c94dc7-072,72,0,1,43,52,79,0.1
20261001T111152Z-8adcb79,646293c94dc7,d1a4b481f07f,646293c94dc7-073,73,0,1,2,58,78,0.15
20261001T111152Z-8adcb79,646293c94dc7,d1a4b481f07f,646293c94dc7-074,74,0,1,79,74,77,0.09
20261001T111152Z-8adcb79,646293c94dc7,d1a4b481f07f,646293c94dc7-075,75,0,1,67,95,76,0.21
20261001T111152Z-8adcb79,646293c94dc7,d1a4b481f07f,646293c94dc7-076,76,0,1,51,70,75,0.14
20261001T111152Z-8adcb79,646293c94dc7,d1a4b481f07f,646293c94dc7-077,77,0,1,42,85,74,0.11
20261001T111152Z-8adcb79,646293c94dc7,d1a4b481f07f,646293c94dc7-078,78,0,1,50,69,73,0.24
20261001T111152Z-8adcb79,646293c94dc7,d1a4b481f07f,646293c94dc7-079,79,0,1,49,116,72,0.12
20261001T111152Z-8adcb79,646293c94dc7,d1a4b481f07f,646293c94dc7-080,80,0,1,30,17,71,0.11
20261001T111152Z-8adcb79,646293c94dc7,d1a4b481f07f,646293c94dc7-081,81,0,1,41,83,70,0.11
20261001T111152Z-8adcb79,646293c94dc7,d1a4b481f07f,646293c94dc7-082,82,0,1,59,88,69,0.22
20261001T111152Z-8adcb79,646293c94dc7,d1a4b481f07f,646293c94dc7-083,83,0,1,78,102,68,0.19
20261001T111152Z-8adcb79,646293c94dc7,d1a4b481f07f,646293c94dc7-084,84,0,1,,26,67,0.35
20261001T111152Z-8adcb79,646293c94dc7,d1a4b481f07f,646293c94dc7-085,85,0,1,77,6,66,0.28
20261001T111152Z-8adcb79,646293c94dc7,d1a4b481f07f,646293c94dc7-086,86,0,1,93,90,65,0.48
20261001T111152Z-8adcb79,646293c94dc7,d1a4b481f07f,646293c94dc7-087,87,0,1,92,48,64,0.4
20261001T111152Z-8adcb79,646293c94dc7,d1a4b481f07f,646293c94dc7-088,88,0,1,91,35,63,0.42
20261001T111152Z-8adcb79,646293c94dc7,d1a4b481f07f,646293c94dc7-089,89,0,1,90,136,62,0.34
20261001T111152Z-8adcb79,646293c94dc7,d1a4b481f07f,646293c94dc7-090,90,0,1,58,45,61,0.38
20261001T111152Z-8adcb79,646293c94dc7,d1a4b481f07f,646293c94dc7-091,91,0,1,66,38,60,0.14
20261001T111152Z-8adcb79,646293c94dc7,d1a4b481f07f,646293c94dc7-092,92,0,1,76,115,59,0.24
20261001T111152Z-8adcb79,646293c94dc7,d1a4b481f07f,646293c94dc7-093,93,0,1,40,34,58,0.14
20261001T111152Z-8adcb79,646293c94dc7,d1a4b481f07f,646293c94dc7-094,94,0,1,39,93,57,0.11
20261001T111152Z-8adcb79,646293c94dc7,d1a4b481f07f,646293c94dc7-095,95,0,1,57,106,56,0.15
20261001T111152Z-8adcb79,646293c94dc7,d1a4b481f07f,646293c94dc7-096,96,0,1,75,117,55,0.14
20261001T111152Z-8adcb79,646293c94dc7,d1a4b481f07f,646293c94dc7-097,97,0,1,56,47,54,0.15
20261001T111152Z-8adcb79,646293c94dc7,d1a4b481f07f,646293c94dc7-098,98,0,1,89,129,53,0.18
20261001T111152Z-8adcb79,646293c94dc7,d1a4b481f07f,646293c94dc7-099,99,0,1,19,92,52,0.15
20261001T111152Z-8adcb79,646293c94dc7,d1a4b481f07f,646293c94dc7-100,100,0,1,29,104,51,0.1
20261001T111152Z-8adcb79,646293c94dc7,d1a4b481f07f,646293c94dc7-101,101,0,1,65,97,50,0.17
20261001T111152Z-8adcb79,646293c94dc7,d1a4b481f07f,646293c94dc7-102,102,0,1,55,54,49,0.12
20261001T111152Z-8adcb79,646293c94dc7,d1a4b481f07f,646293c94dc7-103,103,0,1,64,112,48,0.22
20261001T111152Z-8adcb79,646293c94dc7,d1a4b481f07f,646293c94dc7-104,104,0,1,48,122,47,0.18
20261001T111152Z-8adcb79,646293c94dc7,d1a4b481f07f,646293c94dc7-105,105,0,1,10,109,46,0.11
20261001T111152Z-8adcb79,646293c94dc7,d1a4b481f07f,646293c94dc7-106,106,0,1,88,78,45,0.19
20261001T111152Z-8adcb79,646293c94dc7,d1a4b481f07f,646293c94dc7-107,107,0,1,5,91,44,0.13
20261001T111152Z-8adcb79,646293c94dc7,d1a4b481f07f,646293c94dc7-108,108,0,1,87,43,43,0.23
20261001T111152Z-8adcb79,646293c94dc7,d1a4b481f07f,646293c94dc7-109,109,0,1,21,36,42,0.11
20261001T111152Z-8adcb79,646293c94dc7,d1a4b481f07f,646293c94dc7-110,110,0,1,54,108,41,0.18
20261001T111152Z-8adcb79,646293c94dc7,d1a4b481f07f,646293c94dc7-111,111,0,1,28,49,40,0.38
20261001T111152Z-8adcb79,646293c94dc7,d1a4b481f07f,646293c94dc7-112,112,0,1,27,76,39,0.36
20261001T111152Z-8adcb79,646293c94dc7,d1a4b481f07f,646293c94dc7-113,113,0,1,26,126,38,0.27
20261001T111152Z-8adcb79,646293c94dc7,d1a4b481f07f,646293c94dc7-114,114,0,1,3,61,37,0.13
20261001T111152Z-8adcb79,646293c94dc7,d1a4b481f07f,646293c94dc7-115,115,0,1,1,27,36,0.12
20261001T111152Z-8adcb79,646293c94dc7,d1a4b481f07f,646293c94dc7-116,116,0,1,74,73,35,0.36
20261001T111152Z-8adcb79,646293c94dc7,d1a4b481f07f,646293c94dc7-117,117,0,1,9,86,34,0.18
20261001T111152Z-8adcb79,646293c94dc7,d1a4b481f07f,646293c94dc7-118,118,0,1,47,84,33,0.26
20261001T111152Z-8adcb79,646293c94dc7,d1a4b481f07f,646293c94dc7-119,119,0,1,53,100,32,0.33
20261001T111152Z-8adcb79,646293c94dc7,d1a4b481f07f,646293c94dc7-120,120,0,1,16,94,31,0.16
20261001T111152Z-8adcb79,646293c94dc7,d1a4b481f07f,646293c94dc7-121,121,0,1,34,51,30,0.12
20261001T111152Z-8adcb79,646293c94dc7,d1a4b481f07f,646293c94dc7-122,122,0,1,38,44,29,0.11
20261001T111152Z-8adcb79,646293c94dc7,d1a4b481f07f,646293c94dc7-123,123,0,1,63,81,28,0.24
20261001T111152Z-8adcb79,646293c94dc7,d1a4b481f07f,646293c94dc7-124,124,0,1,25,65,27,0.1
20261001T111152Z-8adcb79,646293c94dc7,d1a4b481f07f,646293c94dc7-125,125,0,1,73,22,26,0.4
20261001T111152Z-8adcb79,646293c94dc7,d1a4b481f07f,646293c94dc7-126,126,0,1,37,30,25,0.41
20261001T111152Z-8adcb79,646293c94dc7,d1a4b481f07f,646293c94dc7-127,127,0,1,8,124,24,0.27
20261001T111152Z-8adcb79,646293c94dc7,d1a4b481f07f,646293c94dc7-128,128,0,1,36,120,23,0.19
20261001T111152Z-8adcb79,646293c94dc7,d1a4b481f07f,646293c94dc7-129,129,0,1,33,59,22,0.17
20261001T111152Z-8adcb79,646293c94dc7,d1a4b481f07f,646293c94dc7-130,130,0,1,62,71,21,0.36
20261001T111152Z-8adcb79,646293c94dc7,d1a4b481f07f,646293c94dc7-131,131,0,1,46,31,20,0.49
20261001T111152Z-8adcb79,646293c94dc7,d1a4b481f07f,646293c94dc7-132,132,0,1,18,15,19,0.43
20261001T111152Z-8adcb79,646293c94dc7,d1a4b481f07f,646293c94dc7-133,133,0,1,32,14,18,0.45
20261001T111152Z-8adcb79,646293c94dc7,d1a4b481f07f,646293c94dc7-134,134,0,1,61,4,17,0.4
20261001T111152Z-8adcb79,646293c94dc7,d1a4b481f07f,646293c94dc7-135,135,0,1,14,11,16,0.29
20261001T111152Z-8adcb79,646293c94dc7,d1a4b481f07f,646293c94dc7-136,136,0,1,13,13,15,0.41
20261001T111152Z-8adcb79,646293c94dc7,d1a4b481f07f,646293c94dc7-137,137,0,1,24,12,14,0.44
20261001T111152Z-8adcb79,646293c94dc7,d1a4b481f07f,646293c94dc7-138,138,0,1,45,23,13,0.4
20261001T111152Z-8adcb79,646293c94dc7,d1a4b481f07f,646293c94dc7-139,139,0,1,44,20,12,0.4
20261001T111152Z-8adcb79,646293c94dc7,d1a4b481f07f,646293c94dc7-140,140,0,1,31,21,11,0.4
20261001T111152Z-8adcb79,646293c94dc7,d1a4b481f07f,646293c94dc7-141,141,0,1,11,3,10,0.37
20261001T111152Z-8adcb79,646293c94dc7,d1a4b481f07f,646293c94dc7-142,142,0,1,86,7,9,0.44
20261001T111152Z-8adcb79,646293c94dc7,d1a4b481f07f,646293c94dc7-143,143,0,1,23,5,8,0.37
20261001T111152Z-8adcb79,646293c94dc7,d1a4b481f07f,646293c94dc7-144,144,0,1,60,39,7,0.46
20261001T111152Z-8adcb79,646293c94dc7,d1a4b481f07f,646293c94dc7-145,145,0,1,4,33,6,0.34
20261001T111152Z-8adcb79,646293c94dc7,d1a4b481f07f,646293c94dc7-146,146,0,1,12,8,5,0.29
20261001T111152Z-8adcb79,646293c94dc7,d1a4b481f07f,646293c94dc7-147,147,1,1,52,1,4,0.52
20261001T111152Z-8adcb79,646293c94dc7,d1a4b481f07f,646293c94dc7-148,148,0,1,85,10,3,0.46
20261001T111152Z-8adcb79,646293c94dc7,d1a4b481f07f,646293c94dc7-149,149,1,0,,9,2,0.53
20261001T111152Z-8adcb79,646293c94dc7,d1a4b481f07f,646293c94dc7-150,150,0,1,15,2,1,0.42
20261001T111152Z-8adcb79,64e69b35a2d5,19101cd92bc9,64e69b35a2d5-001,1,0,1,69,92,121,0.24
20261001T111152Z-8adcb79,64e69b35a2d5,19101cd92bc9,64e69b35a2d5-002,2,0,0,,68,120,0.22
20261001T111152Z-8adcb79,64e69b35a2d5,19101cd92bc9,64e69b35a2d5-003,3,0,1,,42,119,0.18
20261001T111152Z-8adcb79,64e69b35a2d5,19101cd92bc9,64e69b35a2d5-004,4,0,1,,66,118,0.19
20261001T111152Z-8adcb79,64e69b35a2d5,19101cd92bc9,64e69b35a2d5-005,5,0,1,,26,117,0.21
20261001T111152Z-8adcb79,64e69b35a2d5,19101cd92bc9,64e69b35a2d5-006,6,0,1,,70,116,0.16
20261001T111152Z-8adcb79,64e69b35a2d5,19101cd92bc9,64e69b35a2d5-007,7,0,1,,5,115,0.17
20261001T111152Z-8adcb79,64e69b35a2d5,19101cd92bc9,64e69b35a2d5-008,8,0,1,,63,114,0.13
20261001T111152Z-8adcb79,64e69b35a2d5,19101cd92bc9,64e69b35a2d5-009,9,0,1,,116,113,0.25
20261001T111152Z-8adcb79,64e69b35a2d5,19101cd92bc9,64e69b35a2d5-010,10,0,1,,106,112,0.12
20261001T111152Z-8adcb79,64e69b35a2d5,19101cd92bc9,64e69b35a2d5-011,11,0,1,,111,111,0.25
20261001T111152Z-8adcb79,64e69b35a2d5,19101cd92bc9,64e69b35a2d5-012,12,0,1,,114,110,0.21
20261001T111152Z-8adcb79,64e69b35a2d5,19101cd92bc9,64e69b35a2d5-013,13,0,1,90,113,109,0.1
20261001T111152Z-8adcb79,64e69b35a2d5,19101cd92bc9,64e69b35a2d5-014,14,0,1,,120,108,0.13
20261001T111152Z-8adcb79,64e69b35a2d5,19101cd92bc9,64e69b35a2d5-015,15,0,1,,119,107,0.16
20261001T111152Z-8adcb79,64e69b35a2d5,19101cd92bc9,64e69b35a2d5-016,16,0,1,23,60,106,0.27
20261001T111152Z-8adcb79,64e69b35a2d5,19101cd92bc9,64e69b35a2d5-017,17,0,1,22,43,105,0.29
20261001T111152Z-8adcb79,64e69b35a2d5,19101cd92bc9,64e69b35a2d5-018,18,0,1,68,86,104,0.21
20261001T111152Z-8adcb79,64e69b35a2d5,19101cd92bc9,64e69b35a2d5-019,19,0,1,52,32,103,0.2
20261001T111152Z-8adcb79,64e69b35a2d5,19101cd92bc9,64e69b35a2d5-020,20,0,1,67,89,102,0.29
20261001T111152Z-8adcb79,64e69b35a2d5,19101cd92bc9,64e69b35a2d5-021,21,0,1,51,85,101,0.13
20261001T111152Z-8adcb79,64e69b35a2d5,19101cd92bc9,64e69b35a2d5-022,22,0,1,89,55,100,0.14
20261001T111152Z-8adcb79,64e69b35a2d5,19101cd92bc9,64e69b35a2d5-023,23,0,1,50,57,99,0.16
20261001T111152Z-8adcb79,64e69b35a2d5,19101cd92bc9,64e69b35a2d5-024,24,0,1,98,31,98,0.25
20261001T111152Z-8adcb79,64e69b35a2d5,19101cd92bc9,64e69b35a2d5-025,25,0,1,31,34,97,0.25
20261001T111152Z-8adcb79,64e69b35a2d5,19101cd92bc9,64e69b35a2d5-026,26,0,1,66,103,96,0.16
20261001T111152Z-8adcb79,64e69b35a2d5,19101cd92bc9,64e69b35a2d5-027,27,0,1,88,56,95,0.17
20261001T111152Z-8adcb79,64e69b35a2d5,19101cd92bc9,64e69b35a2d5-028,28,0,1,87,22,94,0.46
20261001T111152Z-8adcb79,64e69b35a2d5,19101cd92bc9,64e69b35a2d5-029,29,0,1,97,37,93,0.32
20261001T111152Z-8adcb79,64e69b35a2d5,19101cd92bc9,64e69b35a2d5-030,30,0,1,,36,92,0.28
20261001T111152Z-8adcb79,64e69b35a2d5,19101cd92bc9,64e69b35a2d5-031,31,0,1,49,74,91,0.16
20261001T111152Z-8adcb79,64e69b35a2d5,19101cd92bc9,64e69b35a2d5-032,32,0,1,,108,90,0.2
20261001T111152Z-8adcb79,64e69b35a2d5,19101cd92bc9,64e69b35a2d5-033,33,0,1,86,87,89,0.2
20261001T111152Z-8adcb79,64e69b35a2d5,19101cd92bc9,64e69b35a2d5-034,34,0,1,,94,88,0.12
20261001T111152Z-8adcb79,64e69b35a2d5,19101cd92bc9,64e69b35a2d5-035,35,0,1,65,50,87,0.14
20261001T111152Z-8adcb79,64e69b35a2d5,19101cd92bc9,64e69b35a2d5-036,36,0,1,48,41,86,0.19
20261001T111152Z-8adcb79,64e69b35a2d5,19101cd92bc9,64e69b35a2d5-037,37,0,1,47,48,85,0.24
20261001T111152Z-8adcb79,64e69b35a2d5,19101cd92bc9,64e69b35a2d5-038,38,0,1,46,49,84,0.27
20261001T111152Z-8adcb79,64e69b35a2d5,19101cd92bc9,64e69b35a2d5-039,39,0,1,64,100,83,0.2
20261001T111152Z-8adcb79,64e69b35a2d5,19101cd92bc9,64e69b35a2d5-040,40,0,1,,110,82,0.25
20261001T111152Z-8adcb79,64e69b35a2d5,19101cd92bc9,64e69b35a2d5-041,41,0,1,,,81,0.23
20261001T111152Z-8adcb79,64e69b35a2d5,19101cd92bc9,64e69b35a2d5-042,42,0,1,,118,80,0.22
20261001T111152Z-8adcb79,64e69b35a2d5,19101cd92bc9,64e69b35a2d5-043,43,0,1,45,62,79,0.16
20261001T111152Z-8adcb79,64e69b35a2d5,19101cd92bc9,64e69b35a2d5-044,44,0,1,30,58,78,0.2
20261001T111152Z-8adcb79,64e69b35a2d5,19101cd92bc9,64e69b35a2d5-045,45,0,1,14,24,77,0.33
20261001T111152Z-8adcb79,64e69b35a2d5,19101cd92bc9,64e69b35a2d5-046,46,0,1,85,84,76,0.18
20261001T111152Z-8adcb79,64e69b35a2d5,19101cd92bc9,64e69b35a2d5-047,47,0,1,84,76,75,0.19
20261001T111152Z-8adcb79,64e69b35a2d5,19101cd92bc9,64e69b35a2d5-048,48,0,1,96,117,74,0.15
20261001T111152Z-8adcb79,64e69b35a2d5,19101cd92bc9,64e69b35a2d5-049,49,0,1,63,67,73,0.14
20261001T111152Z-8adcb79,64e69b35a2d5,19101cd92bc9,64e69b35a2d5-050,50,0,1,,82,72,0.29
20261001T111152Z-8adcb79,64e69b35a2d5,19101cd92bc9,64e69b35a2d5-051,51,0,1,,112,71,0.21
20261001T111152Z-8adcb79,64e69b35a2d5,19101cd92bc9,64e69b35a2d5-052,52,0,1,95,91,70,0.14
20261001T111152Z-8adcb79,64e69b35a2d5,19101cd92bc9,64e69b35a2d5-053,53,0,1,,2,69,0.16
20261001T111152Z-8adcb79,64e69b35a2d5,19101cd92bc9,64e69b35a2d5-054,54,0,1,,19,68,0.23
20261001T111152Z-8adcb79,64e69b35a2d5,19101cd92bc9,64e69b35a2d5-055,55,0,1,62,21,67,0.16
20261001T111152Z-8adcb79,64e69b35a2d5,19101cd92bc9,64e69b35a2d5-056,56,0,1,44,8,66,0.26
20261001T111152Z-8adcb79,64e69b35a2d5,19101cd92bc9,64e69b35a2d5-057,57,0,1,61,18,65,0.17
20261001T111152Z-8adcb79,64e69b35a2d5,19101cd92bc9,64e69b35a2d5-058,58,0,1,83,10,64,0.33
20261001T111152Z-8adcb79,64e69b35a2d5,19101cd92bc9,64e69b35a2d5-059,59,0,1,82,40,63,0.21
20261001T111152Z-8adcb79,64e69b35a2d5,19101cd92bc9,64e69b35a2d5-060,60,0,1,16,20,62,0.3
20261001T111152Z-8adcb79,64e69b35a2d5,19101cd92bc9,64e69b35a2d5-061,61,0,1,29,75,61,0.2
20261001T111152Z-8adcb79,64e69b35a2d5,19101cd92bc9,64e69b35a2d5-062,62,0,1,60,38,60,0.19
20261001T111152Z-8adcb79,64e69b35a2d5,19101cd92bc9,64e69b35a2d5-063,63,0,1,28,52,59,0.2
20261001T111152Z-8adcb79,64e69b35a2d5,19101cd92bc9,64e69b35a2d5-064,64,0,1,81,47,58,0.23
20261001T111152Z-8adcb79,64e69b35a2d5,19101cd92bc9,64e69b35a2d5-065,65,0,1,43,51,57,0.21
20261001T111152Z-8adcb79,64e69b35a2d5,19101cd92bc9,64e69b35a2d5-066,66,0,1,21,9,56,0.17
20261001T111152Z-8adcb79,64e69b35a2d5,19101cd92bc9,64e69b35a2d5-067,67,0,1,80,25,55,0.28
20261001T111152Z-8adcb79,64e69b35a2d5,19101cd92bc9,64e69b35a2d5-068,68,0,1,79,4,54,0.29
20261001T111152Z-8adcb79,64e69b35a2d5,19101cd92bc9,64e69b35a2d5-069,69,0,1,9,101,53,0.14
20261001T111152Z-8adcb79,64e69b35a2d5,19101cd92bc9,64e69b35a2d5-070,70,0,1,42,115,52,0.14
20261001T111152Z-8adcb79,64e69b35a2d5,19101cd92bc9,64e69b35a2d5-071,71,0,1,59,27,51,0.2
20261001T111152Z-8adcb79,64e69b35a2d5,19101cd92bc9,64e69b35a2d5-072,72,0,1,20,99,50,0.18
20261001T111152Z-8adcb79,64e69b35a2d5,19101cd92bc9,64e69b35a2d5-073,73,0,1,27,104,49,0.16
20261001T111152Z-8adcb79,64e69b35a2d5,19101cd92bc9,64e69b35a2d5-074,74,0,1,41,90,48,0.2
20261001T111152Z-8adcb79,64e69b35a2d5,19101cd92bc9,64e69b35a2d5-075,75,0,1,58,72,47,0.16
20261001T111152Z-8adcb79,64e69b35a2d5,19101cd92bc9,64e69b35a2d5-076,76,0,1,57,28,46,0.22
20261001T111152Z-8adcb79,64e69b35a2d5,19101cd92bc9,64e69b35a2d5-077,77,0,1,56,95,45,0.19
20261001T111152Z-8adcb79,64e69b35a2d5,19101cd92bc9,64e69b35a2d5-078,78,0,1,40,46,44,0.13
20261001T111152Z-8adcb79,64e69b35a2d5,19101cd92bc9,64e69b35a2d5-079,79,0,1,78,17,43,0.19
20261001T111152Z-8adcb79,64e69b35a2d5,19101cd92bc9,64e69b35a2d5-080,80,0,1,26,102,42,0.18
20261001T111152Z-8adcb79,64e69b35a2d5,19101cd92bc9,64e69b35a2d5-081,81,0,1,39,96,41,0.15
20261001T111152Z-8adcb79,64e69b35a2d5,19101cd92bc9,64e69b35a2d5-082,82,0,1,25,79,40,0.17
20261001T111152Z-8adcb79,64e69b35a2d5,19101cd92bc9,64e69b35a2d5-083,83,0,1,38,77,39,0.17
20261001T111152Z-8adcb79,64e69b35a2d5,19101cd92bc9,64e69b35a2d5-084,84,0,1,37,109,38,0.17
20261001T111152Z-8adcb79,64e69b35a2d5,19101cd92bc9,64e69b35a2d5-085,85,0,1,6,35,37,0.19
20261001T111152Z-8adcb79,64e69b35a2d5,19101cd92bc9,64e69b35a2d5-086,86,0,1,36,23,36,0.16
20261001T111152Z-8adcb79,64e69b35a2d5,19101cd92bc9,64e69b35a2d5-087,87,0,1,19,54,35,0.2
20261001T111152Z-8adcb79,64e69b35a2d5,19101cd92bc9,64e69b35a2d5-088,88,0,1,13,29,34,0.14
20261001T111152Z-8adcb79,64e69b35a2d5,19101cd92bc9,64e69b35a2d5-089,89,0,1,77,12,33,0.28
20261001T111152Z-8adcb79,64e69b35a2d5,19101cd92bc9,64e69b35a2d5-090,90,0,1,94,93,32,0.17
20261001T111152Z-8adcb79,64e69b35a2d5,19101cd92bc9,64e69b35a2d5-091,91,0,1,76,83,31,0.23
20261001T111152Z-8adcb79,64e69b35a2d5,19101cd92bc9,64e69b35a2d5-092,92,0,1,35,80,30,0.24
20261001T111152Z-8adcb79,64e69b35a2d5,19101cd92bc9,64e69b35a2d5-093,93,0,1,18,33,29,0.18
20261001T111152Z-8adcb79,64e69b35a2d5,19101cd92bc9,64e69b35a2d5-094,94,0,1,1,78,28,0.23
20261001T111152Z-8adcb79,64e69b35a2d5,19101cd92bc9,64e69b35a2d5-095,95,0,1,12,73,27,0.2
20261001T111152Z-8adcb79,64e69b35a2d5,19101cd92bc9,64e69b35a2d5-096,96,0,1,75,1,26,0.22
20261001T111152Z-8adcb79,64e69b35a2d5,19101cd92bc9,64e69b35a2d5-097,97,0,1,3,45,25,0.2
20261001T111152Z-8adcb79,64e69b35a2d5,19101cd92bc9,64e69b35a2d5-098,98,0,1,55,6,24,0.22
20261001T111152Z-8adcb79,64e69b35a2d5,19101cd92bc9,64e69b35a2d5-099,99,0,1,8,65,23,0.18
20261001T111152Z-8adcb79,64e69b35a2d5,19101cd92bc9,64e69b35a2d5-100,100,0,1,4,15,22,0.22
20261001T111152Z-8adcb79,64e69b35a2d5,19101cd92bc9,64e69b35a2d5-101,101,0,1,34,14,21,0.44
20261001T111152Z-8adcb79,64e69b35a2d5,19101cd92bc9,64e69b35a2d5-102,102,1,1,54,13,20,0.5
20261001T111152Z-8adcb79,64e69b35a2d5,19101cd92bc9,64e69b35a2d5-103,103,0,1,15,11,19,0.43
20261001T111152Z-8adcb79,64e69b35a2d5,19101cd92bc9,64e69b35a2d5-104,104,0,1,11,97,18,0.27
20261001T111152Z-8adcb79,64e69b35a2d5,19101cd92bc9,64e69b35a2d5-105,105,0,1,7,71,17,0.2
20261001T111152Z-8adcb79,64e69b35a2d5,19101cd92bc9,64e69b35a2d5-106,106,0,1,5,107,16,0.22
20261001T111152Z-8adcb79,64e69b35a2d5,19101cd92bc9,64e69b35a2d5-107,107,0,1,10,105,15,0.23
20261001T111152Z-8adcb79,64e69b35a2d5,19101cd92bc9,64e69b35a2d5-108,108,0,1,17,59,14,0.21
20261001T111152Z-8adcb79,64e69b35a2d5,19101cd92bc9,64e69b35a2d5-109,109,0,1,33,69,13,0.3
20261001T111152Z-8adcb79,64e69b35a2d5,19101cd92bc9,64e69b35a2d5-110,110,0,1,74,7,12,0.47
20261001T111152Z-8adcb79,64e69b35a2d5,19101cd92bc9,64e69b35a2d5-111,111,0,1,73,3,11,0.49
20261001T111152Z-8adcb79,64e69b35a2d5,19101cd92bc9,64e69b35a2d5-112,112,0,1,72,16,10,0.37
20261001T111152Z-8adcb79,64e69b35a2d5,19101cd92bc9,64e69b35a2d5-113,113,0,1,71,30,9,0.37
20261001T111152Z-8adcb79,64e69b35a2d5,19101cd92bc9,64e69b35a2d5-114,114,0,1,24,64,8,0.32
20261001T111152Z-8adcb79,64e69b35a2d5,19101cd92bc9,64e69b35a2d5-115,115,0,1,70,53,7,0.24
20261001T111152Z-8adcb79,64e69b35a2d5,19101cd92bc9,64e69b35a2d5-116,116,0,1,32,44,6,0.28
20261001T111152Z-8adcb79,64e69b35a2d5,19101cd92bc9,64e69b35a2d5-117,117,0,1,2,61,5,0.17
20261001T111152Z-8adcb79,64e69b35a2d5,19101cd92bc9,64e69b35a2d5-118,118,0,1,53,81,4,0.19
20261001T111152Z-8adcb79,64e69b35a2d5,19101cd92bc9,64e69b35a2d5-119,119,0,1,93,39,3,0.22
20261001T111152Z-8adcb79,64e69b35a2d5,19101cd92bc9,64e69b35a2d5-120,120,0,1,92,88,2,0.22
20261001T111152Z-8adcb79,64e69b35a2d5,19101cd92bc9,64e69b35a2d5-121,121,0,1,91,98,1,0.23
20261001T111152Z-8adcb79,65ee7c2f6507,d1a4b481f07f,65ee7c2f6507-001,1,0,1,,67,150,0.29
20261001T111152Z-8adcb79,65ee7c2f6507,d1a4b481f07f,65ee7c2f6507-002,2,0,1,,47,149,0.18
20261001T111152Z-8adcb79,65ee7c2f6507,d1a4b481f07f,65ee7c2f6507-003,3,0,1,,85,148,0.17
20261001T111152Z-8adcb79,65ee7c2f6507,d1a4b481f07f,65ee7c2f6507-004,4,0,1,,86,147,0.32
20261001T111152Z-8adcb79,65ee7c2f6507,d1a4b481f07f,65ee7c2f6507-005,5,0,1,,11,146,0.16
20261001T111152Z-8adcb79,65ee7c2f6507,d1a4b481f07f,65ee7c2f6507-006,6,0,1,,54,145,0.18
20261001T111152Z-8adcb79,65ee7c2f6507,d1a4b481f07f,65ee7c2f6507-007,7,0,1,,122,144,0.19
20261001T111152Z-8adcb79,65ee7c2f6507,d1a4b481f07f,65ee7c2f6507-008,8,0,1,111,129,143,0.29
20261001T111152Z-8adcb79,65ee7c2f6507,d1a4b481f07f,65ee7c2f6507-009,9,0,1,110,148,142,0.37
20261001T111152Z-8adcb79,65ee7c2f6507,d1a4b481f07f,65ee7c2f6507-010,10,0,1,,146,141,0.3
20261001T111152Z-8adcb79,65ee7c2f6507,d1a4b481f07f,65ee7c2f6507-011,11,0,1,109,150,140,0.27
20261001T111152Z-8adcb79,65ee7c2f6507,d1a4b481f07f,65ee7c2f6507-012,12,0,1,108,138,139,0.25
20261001T111152Z-8adcb79,65ee7c2f6507,d1a4b481f07f,65ee7c2f6507-013,13,0,1,107,100,138,0.29
20261001T111152Z-8adcb79,65ee7c2f6507,d1a4b481f07f,65ee7c2f6507-014,14,0,1,,142,137,0.21
20261001T111152Z-8adcb79,65ee7c2f6507,d1a4b481f07f,65ee7c2f6507-015,15,0,1,106,37,136,0.39
20261001T111152Z-8adcb79,65ee7c2f6507,d1a4b481f07f,65ee7c2f6507-016,16,0,1,,88,135,0.44
20261001T111152Z-8adcb79,65ee7c2f6507,d1a4b481f07f,65ee7c2f6507-017,17,0,1,,130,134,0.28
20261001T111152Z-8adcb79,65ee7c2f6507,d1a4b481f07f,65ee7c2f6507-018,18,0,1,,114,133,0.2
20261001T111152Z-8adcb79,65ee7c2f6507,d1a4b481f07f,65ee7c2f6507-019,19,0,1,,65,132,0.26
20261001T111152Z-8adcb79,65ee7c2f6507,d1a4b481f07f,65ee7c2f6507-020,20,0,1,,56,131,0.19
20261001T111152Z-8adcb79,65ee7c2f6507,d1a4b481f07f,65ee7c2f6507-021,21,0,1,,96,130,0.16
20261001T111152Z-8adcb79,65ee7c2f6507,d1a4b481f07f,65ee7c2f6507-022,22,0,1,,107,129,0.13
20261001T111152Z-8adcb79,65ee7c2f6507,d1a4b481f07f,65ee7c2f6507-023,23,0,1,105,117,128,0.33
20261001T111152Z-8adcb79,65ee7c2f6507,d1a4b481f07f,65ee7c2f6507-024,24,0,1,,101,127,0.19
20261001T111152Z-8adcb79,65ee7c2f6507,d1a4b481f07f,65ee7c2f6507-025,25,0,1,57,76,126,0.32
20261001T111152Z-8adcb79,65ee7c2f6507,d1a4b481f07f,65ee7c2f6507-026,26,0,1,104,52,125,0.23
20261001T111152Z-8adcb79,65ee7c2f6507,d1a4b481f07f,65ee7c2f6507-027,27,0,1,56,147,124,0.21
20261001T111152Z-8adcb79,65ee7c2f6507,d1a4b481f07f,65ee7c2f6507-028,28,0,1,103,119,123,0.23
20261001T111152Z-8adcb79,65ee7c2f6507,d1a4b481f07f,65ee7c2f6507-029,29,0,1,,109,122,0.19
20261001T111152Z-8adcb79,65ee7c2f6507,d1a4b481f07f,65ee7c2f6507-030,30,0,1,,39,121,0.2
20261001T111152Z-8adcb79,65ee7c2f6507,d1a4b481f07f,65ee7c2f6507-031,31,0,1,102,58,120,0.47
20261001T111152Z-8adcb79,65ee7c2f6507,d1a4b481f07f,65ee7c2f6507-032,32,0,1,101,94,119,0.32
20261001T111152Z-8adcb79,65ee7c2f6507,d1a4b481f07f,65ee7c2f6507-033,33,1,1,,21,118,0.51
20261001T111152Z-8adcb79,65ee7c2f6507,d1a4b481f07f,65ee7c2f6507-034,34,0,1,100,45,117,0.44
20261001T111152Z-8adcb79,65ee7c2f6507,d1a4b481f07f,65ee7c2f6507-035,35,0,1,,12,116,0.37
20261001T111152Z-8adcb79,65ee7c2f6507,d1a4b481f07f,65ee7c2f6507-036,36,0,1,,18,115,0.37
20261001T111152Z-8adcb79,65ee7c2f6507,d1a4b481f07f,65ee7c2f6507-037,37,0,1,,16,114,0.35
20261001T111152Z-8adcb79,65ee7c2f6507,d1a4b481f07f,65ee7c2f6507-038,38,0,1,,60,113,0.46
20261001T111152Z-8adcb79,65ee7c2f6507,d1a4b481f07f,65ee7c2f6507-039,39,0,1,,61,112,0.32
20261001T111152Z-8adcb79,65ee7c2f6507,d1a4b481f07f,65ee7c2f6507-040,40,0,1,,125,111,0.34
20261001T111152Z-8adcb79,65ee7c2f6507,d1a4b481f07f,65ee7c2f6507-041,41,0,1,55,81,110,0.28
20261001T111152Z-8adcb79,65ee7c2f6507,d1a4b481f07f,65ee7c2f6507-042,42,0,1,99,74,109,0.44
20261001T111152Z-8adcb79,65ee7c2f6507,d1a4b481f07f,65ee7c2f6507-043,43,0,1,,75,108,0.33
20261001T111152Z-8adcb79,65ee7c2f6507,d1a4b481f07f,65ee7c2f6507-044,44,0,1,98,93,107,0.35
20261001T111152Z-8adcb79,65ee7c2f6507,d1a4b481f07f,65ee7c2f6507-045,45,0,1,97,133,106,0.35
20261001T111152Z-8adcb79,65ee7c2f6507,d1a4b481f07f,65ee7c2f6507-046,46,0,1,96,112,105,0.15
20261001T111152Z-8adcb79,65ee7c2f6507,d1a4b481f07f,65ee7c2f6507-047,47,0,1,95,90,104,0.22
20261001T111152Z-8adcb79,65ee7c2f6507,d1a4b481f07f,65ee7c2f6507-048,48,0,1,94,49,103,0.23
20261001T111152Z-8adcb79,65ee7c2f6507,d1a4b481f07f,65ee7c2f6507-049,49,0,1,93,9,102,0.28
20261001T111152Z-8adcb79,65ee7c2f6507,d1a4b481f07f,65ee7c2f6507-050,50,0,1,54,72,101,0.23
20261001T111152Z-8adcb79,65ee7c2f6507,d1a4b481f07f,65ee7c2f6507-051,51,0,1,92,137,100,0.22
20261001T111152Z-8adcb79,65ee7c2f6507,d1a4b481f07f,65ee7c2f6507-052,52,0,1,53,145,99,0.25
20261001T111152Z-8adcb79,65ee7c2f6507,d1a4b481f07f,65ee7c2f6507-053,53,0,1,91,110,98,0.36
20261001T111152Z-8adcb79,65ee7c2f6507,d1a4b481f07f,65ee7c2f6507-054,54,1,1,,82,97,0.6
20261001T111152Z-8adcb79,65ee7c2f6507,d1a4b481f07f,65ee7c2f6507-055,55,0,1,52,69,96,0.15
20261001T111152Z-8adcb79,65ee7c2f6507,d1a4b481f07f,65ee7c2f6507-056,56,0,1,,113,95,0.4
20261001T111152Z-8adcb79,65ee7c2f6507,d1a4b481f07f,65ee7c2f6507-057,57,0,1,90,103,94,0.3
20261001T111152Z-8adcb79,65ee7c2f6507,d1a4b481f07f,65ee7c2f6507-058,58,0,1,89,28,93,0.17
20261001T111152Z-8adcb79,65ee7c2f6507,d1a4b481f07f,65ee7c2f6507-059,59,0,1,,108,92,0.14
20261001T111152Z-8adcb79,65ee7c2f6507,d1a4b481f07f,65ee7c2f6507-060,60,0,1,88,92,91,0.18
20261001T111152Z-8adcb79,65ee7c2f6507,d1a4b481f07f,65ee7c2f6507-061,61,0,1,,50,90,0.19
20261001T111152Z-8adcb79,65ee7c2f6507,d1a4b481f07f,65ee7c2f6507-062,62,0,1,,102,89,0.41
20261001T111152Z-8adcb79,65ee7c2f6507,d1a4b481f07f,65ee7c2f6507-063,63,0,1,87,123,88,0.18
20261001T111152Z-8adcb79,65ee7c2f6507,d1a4b481f07f,65ee7c2f6507-064,64,0,1,51,116,87,0.14
20261001T111152Z-8adcb79,65ee7c2f6507,d1a4b481f07f,65ee7c2f6507-065,65,0,1,,68,86,0.4
20261001T111152Z-8adcb79,65ee7c2f6507,d1a4b481f07f,65ee7c2f6507-066,66,0,1,86,132,85,0.16
20261001T111152Z-8adcb79,65ee7c2f6507,d1a4b481f07f,65ee7c2f6507-067,67,0,1,50,2,84,0.15
20261001T111152Z-8adcb79,65ee7c2f6507,d1a4b481f07f,65ee7c2f6507-068,68,0,1,27,77,83,0.14
20261001T111152Z-8adcb79,65ee7c2f6507,d1a4b481f07f,65ee7c2f6507-069,69,0,1,85,30,82,0.21
20261001T111152Z-8adcb79,65ee7c2f6507,d1a4b481f07f,65ee7c2f6507-070,70,0,1,,95,81,0.23
20261001T111152Z-8adcb79,65ee7c2f6507,d1a4b481f07f,65ee7c2f6507-071,71,1,1,,106,80,0.51
20261001T111152Z-8adcb79,65ee7c2f6507,d1a4b481f07f,65ee7c2f6507-072,72,0,1,49,83,79,0.29
20261001T111152Z-8adcb79,65ee7c2f6507,d1a4b481f07f,65ee7c2f6507-073,73,1,1,84,78,78,0.56
20261001T111152Z-8adcb79,65ee7c2f6507,d1a4b481f07f,65ee7c2f6507-074,74,0,1,83,44,77,0.32
20261001T111152Z-8adcb79,65ee7c2f6507,d1a4b481f07f,65ee7c2f6507-075,75,0,1,82,14,76,0.39
20261001T111152Z-8adcb79,65ee7c2f6507,d1a4b481f07f,65ee7c2f6507-076,76,0,1,81,124,75,0.28
20261001T111152Z-8adcb79,65ee7c2f6507,d1a4b481f07f,65ee7c2f6507-077,77,0,1,80,27,74,0.35
20261001T111152Z-8adcb79,65ee7c2f6507,d1a4b481f07f,65ee7c2f6507-078,78,0,1,34,32,73,0.2
20261001T111152Z-8adcb79,65ee7c2f6507,d1a4b481f07f,65ee7c2f6507-079,79,0,1,79,91,72,0.32
20261001T111152Z-8adcb79,65ee7c2f6507,d1a4b481f07f,65ee7c2f6507-080,80,0,1,48,63,71,0.18
20261001T111152Z-8adcb79,65ee7c2f6507,d1a4b481f07f,65ee7c2f6507-081,81,0,1,47,127,70,0.19
20261001T111152Z-8adcb79,65ee7c2f6507,d1a4b481f07f,65ee7c2f6507-082,82,0,1,78,41,69,0.25
20261001T111152Z-8adcb79,65ee7c2f6507,d1a4b481f07f,65ee7c2f6507-083,83,0,1,77,105,68,0.18
20261001T111152Z-8adcb79,65ee7c2f6507,d1a4b481f07f,65ee7c2f6507-084,84,0,1,46,135,67,0.16
20261001T111152Z-8adcb79,65ee7c2f6507,d1a4b481f07f,65ee7c2f6507-085,85,0,1,76,121,66,0.25
20261001T111152Z-8adcb79,65ee7c2f6507,d1a4b481f07f,65ee7c2f6507-086,86,0,1,45,118,65,0.2
20261001T111152Z-8adcb79,65ee7c2f6507,d1a4b481f07f,65ee7c2f6507-087,87,0,1,33,144,64,0.13
20261001T111152Z-8adcb79,65ee7c2f6507,d1a4b481f07f,65ee7c2f6507-088,88,0,1,75,55,63,0.27
20261001T111152Z-8adcb79,65ee7c2f6507,d1a4b481f07f,65ee7c2f6507-089,89,0,1,74,35,62,0.14
20261001T111152Z-8adcb79,65ee7c2f6507,d1a4b481f07f,65ee7c2f6507-090,90,0,1,,143,61,0.44
20261001T111152Z-8adcb79,65ee7c2f6507,d1a4b481f07f,65ee7c2f6507-091,91,0,1,73,48,60,0.19
20261001T111152Z-8adcb79,65ee7c2f6507,d1a4b481f07f,65ee7c2f6507-092,92,0,1,44,140,59,0.14
20261001T111152Z-8adcb79,65ee7c2f6507,d1a4b481f07f,65ee7c2f6507-093,93,0,1,72,104,58,0.47
20261001T111152Z-8adcb79,65ee7c2f6507,d1a4b481f07f,65ee7c2f6507-094,94,0,1,43,79,57,0.18
20261001T111152Z-8adcb79,65ee7c2f6507,d1a4b481f07f,65ee7c2f6507-095,95,0,1,,141,56,0.39
20261001T111152Z-8adcb79,65ee7c2f6507,d1a4b481f07f,65ee7c2f6507-096,96,0,1,71,97,55,0.13
20261001T111152Z-8adcb79,65ee7c2f6507,d1a4b481f07f,65ee7c2f6507-097,97,0,1,70,57,54,0.23
20261001T111152Z-8adcb79,65ee7c2f6507,d1a4b481f07f,65ee7c2f6507-098,98,0,1,42,149,53,0.38
20261001T111152Z-8adcb79,65ee7c2f6507,d1a4b481f07f,65ee7c2f6507-099,99,0,1,41,139,52,0.34
20261001T111152Z-8adcb79,65ee7c2f6507,d1a4b481f07f,65ee7c2f6507-100,100,0,1,40,136,51,0.25
20261001T111152Z-8adcb79,65ee7c2f6507,d1a4b481f07f,65ee7c2f6507-101,101,0,1,69,134,50,0.21
20261001T111152Z-8adcb79,65ee7c2f6507,d1a4b481f07f,65ee7c2f6507-102,102,0,1,68,19,49,0.19
20261001T111152Z-8adcb79,65ee7c2f6507,d1a4b481f07f,65ee7c2f6507-103,103,0,1,67,98,48,0.42
20261001T111152Z-8adcb79,65ee7c2f6507,d1a4b481f07f,65ee7c2f6507-104,104,0,1,39,80,47,0.21
20261001T111152Z-8adcb79,65ee7c2f6507,d1a4b481f07f,65ee7c2f6507-105,105,0,1,66,89,46,0.41
20261001T111152Z-8adcb79,65ee7c2f6507,d1a4b481f07f,65ee7c2f6507-106,106,0,1,65,115,45,0.38
20261001T111152Z-8adcb79,65ee7c2f6507,d1a4b481f07f,65ee7c2f6507-107,107,0,1,38,120,44,0.21
20261001T111152Z-8adcb79,65ee7c2f6507,d1a4b481f07f,65ee7c2f6507-108,108,0,1,64,71,43,0.16
20261001T111152Z-8adcb79,65ee7c2f6507,d1a4b481f07f,65ee7c2f6507-109,109,0,1,63,70,42,0.15
20261001T111152Z-8adcb79,65ee7c2f6507,d1a4b481f07f,65ee7c2f6507-110,110,0,1,62,131,41,0.4
20261001T111152Z-8adcb79,65ee7c2f6507,d1a4b481f07f,65ee7c2f6507-111,111,0,1,61,59,40,0.14
20261001T111152Z-8adcb79,65ee7c2f6507,d1a4b481f07f,65ee7c2f6507-112,112,0,1,60,23,39,0.39
20261001T111152Z-8adcb79,65ee7c2f6507,d1a4b481f07f,65ee7c2f6507-113,113,0,1,37,26,38,0.34
20261001T111152Z-8adcb79,65ee7c2f6507,d1a4b481f07f,65ee7c2f6507-114,114,0,1,32,62,37,0.29
20261001T111152Z-8adcb79,65ee7c2f6507,d1a4b481f07f,65ee7c2f6507-115,115,0,1,36,84,36,0.23
20261001T111152Z-8adcb79,65ee7c2f6507,d1a4b481f07f,65ee7c2f6507-116,116,0,1,31,46,35,0.26
20261001T111152Z-8adcb79,65ee7c2f6507,d1a4b481f07f,65ee7c2f6507-117,117,0,1,30,87,34,0.39
20261001T111152Z-8adcb79,65ee7c2f6507,d1a4b481f07f,65ee7c2f6507-118,118,1,1,26,13,33,0.54
20261001T111152Z-8adcb79,65ee7c2f6507,d1a4b481f07f,65ee7c2f6507-119,119,0,1,17,29,32,0.38
20261001T111152Z-8adcb79,65ee7c2f6507,d1a4b481f07f,65ee7c2f6507-120,120,0,1,21,22,31,0.41
20261001T111152Z-8adcb79,65ee7c2f6507,d1a4b481f07f,65ee7c2f6507-121,121,0,1,59,33,30,0.42
20261001T111152Z-8adcb79,65ee7c2f6507,d1a4b481f07f,65ee7c2f6507-122,122,0,1,9,17,29,0.38
20261001T111152Z-8adcb79,65ee7c2f6507,d1a4b481f07f,65ee7c2f6507-123,123,1,1,8,43,28,0.51
20261001T111152Z-8adcb79,65ee7c2f6507,d1a4b481f07f,65ee7c2f6507-124,124,1,1,16,24,27,0.51
20261001T111152Z-8adcb79,65ee7c2f6507,d1a4b481f07f,65ee7c2f6507-125,125,0,1,20,36,26,0.48
20261001T111152Z-8adcb79,65ee7c2f6507,d1a4b481f07f,65ee7c2f6507-126,126,0,1,25,42,25,0.43
20261001T111152Z-8adcb79,65ee7c2f6507,d1a4b481f07f,65ee7c2f6507-127,127,0,1,19,31,24,0.44
20261001T111152Z-8adcb79,65ee7c2f6507,d1a4b481f07f,65ee7c2f6507-128,128,0,1,12,3,23,0.39
20261001T111152Z-8adcb79,65ee7c2f6507,d1a4b481f07f,65ee7c2f6507-129,129,1,1,,8,22,0.59
20261001T111152Z-8adcb79,65ee7c2f6507,d1a4b481f07f,65ee7c2f6507-130,130,0,1,15,6,21,0.45
20261001T111152Z-8adcb79,65ee7c2f6507,d1a4b481f07f,65ee7c2f6507-131,131,0,1,29,51,20,0.43
20261001T111152Z-8adcb79,65ee7c2f6507,d1a4b481f07f,65ee7c2f6507-132,132,0,1,4,128,19,0.38
20261001T111152Z-8adcb79,65ee7c2f6507,d1a4b481f07f,65ee7c2f6507-133,133,0,1,7,40,18,0.35
20261001T111152Z-8adcb79,65ee7c2f6507,d1a4b481f07f,65ee7c2f6507-134,134,0,1,24,25,17,0.48
20261001T111152Z-8adcb79,65ee7c2f6507,d1a4b481f07f,65ee7c2f6507-135,135,1,1,58,53,16,0.52
20261001T111152Z-8adcb79,65ee7c2f6507,d1a4b481f07f,65ee7c2f6507-136,136,1,0,,73,15,0.52
20261001T111152Z-8adcb79,65ee7c2f6507,d1a4b481f07f,65ee7c2f6507-137,137,0,1,13,38,14,0.43
20261001T111152Z-8adcb79,65ee7c2f6507,d1a4b481f07f,65ee7c2f6507-138,138,0,1,6,34,13,0.44
20261001T111152Z-8adcb79,65ee7c2f6507,d1a4b481f07f,65ee7c2f6507-139,139,0,1,14,4,12,0.46
20261001T111152Z-8adcb79,65ee7c2f6507,d1a4b481f07f,65ee7c2f6507-140,140,0,1,28,7,11,0.46
20261001T111152Z-8adcb79,65ee7c2f6507,d1a4b481f07f,65ee7c2f6507-141,141,0,1,10,126,10,0.3
20261001T111152Z-8adcb79,65ee7c2f6507,d1a4b481f07f,65ee7c2f6507-142,142,0,1,2,111,9,0.41
20261001T111152Z-8adcb79,65ee7c2f6507,d1a4b481f07f,65ee7c2f6507-143,143,0,1,18,5,8,0.49
20261001T111152Z-8adcb79,65ee7c2f6507,d1a4b481f07f,65ee7c2f6507-144,144,1,1,23,99,7,0.5
20261001T111152Z-8adcb79,65ee7c2f6507,d1a4b481f07f,65ee7c2f6507-145,145,0,1,22,64,6,0.43
20261001T111152Z-8adcb79,65ee7c2f6507,d1a4b481f07f,65ee7c2f6507-146,146,0,1,1,66,5,0.32
20261001T111152Z-8adcb79,65ee7c2f6507,d1a4b481f07f,65ee7c2f6507-147,147,0,1,11,10,4,0.44
20261001T111152Z-8adcb79,65ee7c2f6507,d1a4b481f07f,65ee7c2f6507-148,148,0,1,5,20,3,0.38
20261001T111152Z-8adcb79,65ee7c2f6507,d1a4b481f07f,65ee7c2f6507-149,149,0,1,3,1,2,0.45
20261001T111152Z-8adcb79,65ee7c2f6507,d1a4b481f07f,65ee7c2f6507-150,150,0,1,35,15,1,0.24
20261001T111152Z-8adcb79,67a8baff4374,15f7597c78de,67a8baff4374-001,1,0,0,,,124,0.18
20261001T111152Z-8adcb79,67a8baff4374,15f7597c78de,67a8baff4374-002,2,0,0,,,123,0.26
20261001T111152Z-8adcb79,67a8baff4374,15f7597c78de,67a8baff4374-003,3,0,0,,,122,0.22
20261001T111152Z-8adcb79,67a8baff4374,15f7597c78de,67a8baff4374-004,4,0,0,,,121,0.29
20261001T111152Z-8adcb79,67a8baff4374,15f7597c78de,67a8baff4374-005,5,0,0,,,120,0.27
20261001T111152Z-8adcb79,67a8baff4374,15f7597c78de,67a8baff4374-006,6,0,1,88,,119,0.19
20261001T111152Z-8adcb79,67a8baff4374,15f7597c78de,67a8baff4374-007,7,0,1,87,,118,0.25
20261001T111152Z-8adcb79,67a8baff4374,15f7597c78de,67a8baff4374-008,8,0,1,86,,117,0.28
20261001T111152Z-8adcb79,67a8baff4374,15f7597c78de,67a8baff4374-009,9,0,1,,,116,0.31
20261001T111152Z-8adcb79,67a8baff4374,15f7597c78de,67a8baff4374-010,10,0,1,,,115,0.31
20261001T111152Z-8adcb79,67a8baff4374,15f7597c78de,67a8baff4374-011,11,0,0,,,114,0.21
20261001T111152Z-8adcb79,67a8baff4374,15f7597c78de,67a8baff4374-012,12,0,0,,,113,0.3
20261001T111152Z-8adcb79,67a8baff4374,15f7597c78de,67a8baff4374-013,13,0,1,,,112,0.31
20261001T111152Z-8adcb79,67a8baff4374,15f7597c78de,67a8baff4374-014,14,0,1,45,,111,0.27
20261001T111152Z-8adcb79,67a8baff4374,15f7597c78de,67a8baff4374-015,15,0,1,,,110,0.22
20261001T111152Z-8adcb79,67a8baff4374,15f7597c78de,67a8baff4374-016,16,0,1,,,109,0.29
20261001T111152Z-8adcb79,67a8baff4374,15f7597c78de,67a8baff4374-017,17,0,1,26,,108,0.33
20261001T111152Z-8adcb79,67a8baff4374,15f7597c78de,67a8baff4374-018,18,0,1,25,,107,0.25
20261001T111152Z-8adcb79,67a8baff4374,15f7597c78de,67a8baff4374-019,19,0,1,,,106,0.15
20261001T111152Z-8adcb79,67a8baff4374,15f7597c78de,67a8baff4374-020,20,0,1,85,,105,0.23
20261001T111152Z-8adcb79,67a8baff4374,15f7597c78de,67a8baff4374-021,21,0,1,,,104,0.16
20261001T111152Z-8adcb79,67a8baff4374,15f7597c78de,67a8baff4374-022,22,0,1,84,,103,0.25
20261001T111152Z-8adcb79,67a8baff4374,15f7597c78de,67a8baff4374-023,23,0,1,,,102,0.16
20261001T111152Z-8adcb79,67a8baff4374,15f7597c78de,67a8baff4374-024,24,0,1,83,,101,0.29
20261001T111152Z-8adcb79,67a8baff4374,15f7597c78de,67a8baff4374-025,25,0,1,24,,100,0.47
20261001T111152Z-8adcb79,67a8baff4374,15f7597c78de,67a8baff4374-026,26,0,1,44,,99,0.3
20261001T111152Z-8adcb79,67a8baff4374,15f7597c78de,67a8baff4374-027,27,0,1,,,98,0.28
20261001T111152Z-8adcb79,67a8baff4374,15f7597c78de,67a8baff4374-028,28,0,1,,,97,0.34
20261001T111152Z-8adcb79,67a8baff4374,15f7597c78de,67a8baff4374-029,29,0,0,,,96,0.31
20261001T111152Z-8adcb79,67a8baff4374,15f7597c78de,67a8baff4374-030,30,0,0,,,95,0.22
20261001T111152Z-8adcb79,67a8baff4374,15f7597c78de,67a8baff4374-031,31,0,1,23,,94,0.29
20261001T111152Z-8adcb79,67a8baff4374,15f7597c78de,67a8baff4374-032,32,0,1,13,,93,0.3
20261001T111152Z-8adcb79,67a8baff4374,15f7597c78de,67a8baff4374-033,33,0,1,,,92,0.32
20261001T111152Z-8adcb79,67a8baff4374,15f7597c78de,67a8baff4374-034,34,0,1,43,,91,0.28
20261001T111152Z-8adcb79,67a8baff4374,15f7597c78de,67a8baff4374-035,35,0,1,,,90,0.34
20261001T111152Z-8adcb79,67a8baff4374,15f7597c78de,67a8baff4374-036,36,0,0,,,89,0.22
20261001T111152Z-8adcb79,67a8baff4374,15f7597c78de,67a8baff4374-037,37,0,0,,,88,0.21
20261001T111152Z-8adcb79,67a8baff4374,15f7597c78de,67a8baff4374-038,38,0,0,,,87,0.2
20261001T111152Z-8adcb79,67a8baff4374,15f7597c78de,67a8baff4374-039,39,0,0,,2,86,0.27
20261001T111152Z-8adcb79,67a8baff4374,15f7597c78de,67a8baff4374-040,40,0,1,10,,85,0.28
20261001T111152Z-8adcb79,67a8baff4374,15f7597c78de,67a8baff4374-041,41,0,1,22,,84,0.25
20261001T111152Z-8adcb79,67a8baff4374,15f7597c78de,67a8baff4374-042,42,0,0,,,83,0.24
20261001T111152Z-8adcb79,67a8baff4374,15f7597c78de,67a8baff4374-043,43,0,0,,,82,0.29
20261001T111152Z-8adcb79,67a8baff4374,15f7597c78de,67a8baff4374-044,44,0,1,42,,81,0.25
20261001T111152Z-8adcb79,67a8baff4374,15f7597c78de,67a8baff4374-045,45,0,1,82,,80,0.2
20261001T111152Z-8adcb79,67a8baff4374,15f7597c78de,67a8baff4374-046,46,0,0,,,79,0.26
20261001T111152Z-8adcb79,67a8baff4374,15f7597c78de,67a8baff4374-047,47,0,0,,,78,0.32
20261001T111152Z-8adcb79,67a8baff4374,15f7597c78de,67a8baff4374-048,48,0,1,41,,77,0.29
20261001T111152Z-8adcb79,67a8baff4374,15f7597c78de,67a8baff4374-049,49,0,1,11,,76,0.27
20261001T111152Z-8adcb79,67a8baff4374,15f7597c78de,67a8baff4374-050,50,0,1,16,,75,0.25
20261001T111152Z-8adcb79,67a8baff4374,15f7597c78de,67a8baff4374-051,51,0,1,81,,74,0.35
20261001T111152Z-8adcb79,67a8baff4374,15f7597c78de,67a8baff4374-052,52,0,1,80,,73,0.34
20261001T111152Z-8adcb79,67a8baff4374,15f7597c78de,67a8baff4374-053,53,0,1,79,,72,0.27
20261001T111152Z-8adcb79,67a8baff4374,15f7597c78de,67a8baff4374-054,54,0,1,,,71,0.3
20261001T111152Z-8adcb79,67a8baff4374,15f7597c78de,67a8baff4374-055,55,0,1,,,70,0.27
20261001T111152Z-8adcb79,67a8baff4374,15f7597c78de,67a8baff4374-056,56,0,1,78,,69,0.36
20261001T111152Z-8adcb79,67a8baff4374,15f7597c78de,67a8baff4374-057,57,0,1,77,,68,0.27
20261001T111152Z-8adcb79,67a8baff4374,15f7597c78de,67a8baff4374-058,58,0,1,76,,67,0.29
20261001T111152Z-8adcb79,67a8baff4374,15f7597c78de,67a8baff4374-059,59,0,1,40,,66,0.42
20261001T111152Z-8adcb79,67a8baff4374,15f7597c78de,67a8baff4374-060,60,0,1,75,,65,0.26
20261001T111152Z-8adcb79,67a8baff4374,15f7597c78de,67a8baff4374-061,61,0,1,74,,64,0.24
20261001T111152Z-8adcb79,67a8baff4374,15f7597c78de,67a8baff4374-062,62,0,1,73,,63,0.42
20261001T111152Z-8adcb79,67a8baff4374,15f7597c78de,67a8baff4374-063,63,0,1,39,,62,0.25
20261001T111152Z-8adcb79,67a8baff4374,15f7597c78de,67a8baff4374-064,64,0,1,72,,61,0.31
20261001T111152Z-8adcb79,67a8baff4374,15f7597c78de,67a8baff4374-065,65,0,1,71,,60,0.3
20261001T111152Z-8adcb79,67a8baff4374,15f7597c78de,67a8baff4374-066,66,0,1,70,,59,0.34
20261001T111152Z-8adcb79,67a8baff4374,15f7597c78de,67a8baff4374-067,67,0,1,69,3,58,0.4
20261001T111152Z-8adcb79,67a8baff4374,15f7597c78de,67a8baff4374-068,68,0,1,68,4,57,0.35
20261001T111152Z-8adcb79,67a8baff4374,15f7597c78de,67a8baff4374-069,69,0,1,67,,56,0.39
20261001T111152Z-8adcb79,67a8baff4374,15f7597c78de,67a8baff4374-070,70,0,1,66,,55,0.26
20261001T111152Z-8adcb79,67a8baff4374,15f7597c78de,67a8baff4374-071,71,0,1,65,,54,0.31
20261001T111152Z-8adcb79,67a8baff4374,15f7597c78de,67a8baff4374-072,72,0,1,64,,53,0.28
20261001T111152Z-8adcb79,67a8baff4374,15f7597c78de,67a8baff4374-073,73,0,1,63,,52,0.29
20261001T111152Z-8adcb79,67a8baff4374,15f7597c78de,67a8baff4374-074,74,0,1,62,,51,0.35
20261001T111152Z-8adcb79,67a8baff4374,15f7597c78de,67a8baff4374-075,75,0,1,61,,50,0.33
20261001T111152Z-8adcb79,67a8baff4374,15f7597c78de,67a8baff4374-076,76,0,1,60,,49,0.24
20261001T111152Z-8adcb79,67a8baff4374,15f7597c78de,67a8baff4374-077,77,0,1,59,,48,0.3
20261001T111152Z-8adcb79,67a8baff4374,15f7597c78de,67a8baff4374-078,78,0,1,58,,47,0.3
20261001T111152Z-8adcb79,67a8baff4374,15f7597c78de,67a8baff4374-079,79,0,1,57,,46,0.34
20261001T111152Z-8adcb79,67a8baff4374,15f7597c78de,67a8baff4374-080,80,0,1,56,,45,0.31
20261001T111152Z-8adcb79,67a8baff4374,15f7597c78de,67a8baff4374-081,81,0,1,55,,44,0.34
20261001T111152Z-8adcb79,67a8baff4374,15f7597c78de,67a8baff4374-082,82,0,1,54,,43,0.3
20261001T111152Z-8adcb79,67a8baff4374,15f7597c78de,67a8baff4374-083,83,0,1,53,,42,0.29
20261001T111152Z-8adcb79,67a8baff4374,15f7597c78de,67a8baff4374-084,84,0,1,52,,41,0.26
20261001T111152Z-8adcb79,67a8baff4374,15f7597c78de,67a8baff4374-085,85,0,1,,,40,0.25
20261001T111152Z-8adcb79,67a8baff4374,15f7597c78de,67a8baff4374-086,86,0,1,,,39,0.24
20261001T111152Z-8adcb79,67a8baff4374,15f7597c78de,67a8baff4374-087,87,0,1,,,38,0.27
20261001T111152Z-8adcb79,67a8baff4374,15f7597c78de,67a8baff4374-088,88,0,1,51,1,37,0.34
20261001T111152Z-8adcb79,67a8baff4374,15f7597c78de,67a8baff4374-089,89,0,1,50,,36,0.32
20261001T111152Z-8adcb79,67a8baff4374,15f7597c78de,67a8baff4374-090,90,0,1,49,,35,0.33
20261001T111152Z-8adcb79,67a8baff4374,15f7597c78de,67a8baff4374-091,91,0,1,21,,34,0.23
20261001T111152Z-8adcb79,67a8baff4374,15f7597c78de,67a8baff4374-092,92,0,1,20,,33,0.28
20261001T111152Z-8adcb79,67a8baff4374,15f7597c78de,67a8baff4374-093,93,0,1,15,,32,0.33
20261001T111152Z-8adcb79,67a8baff4374,15f7597c78de,67a8baff4374-094,94,0,1,38,,31,0.28
20261001T111152Z-8adcb79,67a8baff4374,15f7597c78de,67a8baff4374-095,95,0,1,37,,30,0.24
20261001T111152Z-8adcb79,67a8baff4374,15f7597c78de,67a8baff4374-096,96,0,1,36,,29,0.23
20261001T111152Z-8adcb79,67a8baff4374,15f7597c78de,67a8baff4374-097,97,0,1,9,,28,0.19
20261001T111152Z-8adcb79,67a8baff4374,15f7597c78de,67a8baff4374-098,98,0,1,5,,27,0.18
20261001T111152Z-8adcb79,67a8baff4374,15f7597c78de,67a8baff4374-099,99,0,1,19,,26,0.29
20261001T111152Z-8adcb79,67a8baff4374,15f7597c78de,67a8baff4374-100,100,0,1,8,,25,0.24
20261001T111152Z-8adcb79,67a8baff4374,15f7597c78de,67a8baff4374-101,101,0,1,35,,24,0.26
20261001T111152Z-8adcb79,67a8baff4374,15f7597c78de,67a8baff4374-102,102,0,1,7,,23,0.26
20261001T111152Z-8adcb79,67a8baff4374,15f7597c78de,67a8baff4374-103,103,0,0,,,22,0.21
20261001T111152Z-8adcb79,67a8baff4374,15f7597c78de,67a8baff4374-104,104,0,0,,,21,0.24
20261001T111152Z-8adcb79,67a8baff4374,15f7597c78de,67a8baff4374-105,105,0,1,34,,20,0.22
20261001T111152Z-8adcb79,67a8baff4374,15f7597c78de,67a8baff4374-106,106,0,1,33,,19,0.41
20261001T111152Z-8adcb79,67a8baff4374,15f7597c78de,67a8baff4374-107,107,0,1,32,,18,0.28
20261001T111152Z-8adcb79,67a8baff4374,15f7597c78de,67a8baff4374-108,108,0,1,4,,17,0.34
20261001T111152Z-8adcb79,67a8baff4374,15f7597c78de,67a8baff4374-109,109,0,1,31,,16,0.28
20261001T111152Z-8adcb79,67a8baff4374,15f7597c78de,67a8baff4374-110,110,0,1,18,,15,0.31
20261001T111152Z-8adcb79,67a8baff4374,15f7597c78de,67a8baff4374-111,111,0,1,30,,14,0.27
20261001T111152Z-8adcb79,67a8baff4374,15f7597c78de,67a8baff4374-112,112,0,1,17,,13,0.27
20261001T111152Z-8adcb79,67a8baff4374,15f7597c78de,67a8baff4374-113,113,0,1,29,,12,0.24
20261001T111152Z-8adcb79,67a8baff4374,15f7597c78de,67a8baff4374-114,114,0,1,28,,11,0.31
20261001T111152Z-8adcb79,67a8baff4374,15f7597c78de,67a8baff4374-115,115,0,1,48,,10,0.3
20261001T111152Z-8adcb79,67a8baff4374,15f7597c78de,67a8baff4374-116,116,0,1,12,,9,0.29
20261001T111152Z-8adcb79,67a8baff4374,15f7597c78de,67a8baff4374-117,117,0,1,47,,8,0.33
20261001T111152Z-8adcb79,67a8baff4374,15f7597c78de,67a8baff4374-118,118,0,1,1,,7,0.27
20261001T111152Z-8adcb79,67a8baff4374,15f7597c78de,67a8baff4374-119,119,0,1,14,,6,0.31
20261001T111152Z-8adcb79,67a8baff4374,15f7597c78de,67a8baff4374-120,120,0,1,2,,5,0.25
20261001T111152Z-8adcb79,67a8baff4374,15f7597c78de,67a8baff4374-121,121,0,1,3,5,4,0.3
20261001T111152Z-8adcb79,67a8baff4374,15f7597c78de,67a8baff4374-122,122,0,1,6,,3,0.27
20261001T111152Z-8adcb79,67a8baff4374,15f7597c78de,67a8baff4374-123,123,0,1,27,,2,0.32
20261001T111152Z-8adcb79,67a8baff4374,15f7597c78de,67a8baff4374-124,124,0,1,46,,1,0.26
20261001T111152Z-8adcb79,6d0d9d7893da,b87bb92ba378,6d0d9d7893da-001,1,0,1,,,150,0.26
20261001T111152Z-8adcb79,6d0d9d7893da,b87bb92ba378,6d0d9d7893da-002,2,0,1,84,,149,0.21
20261001T111152Z-8adcb79,6d0d9d7893da,b87bb92ba378,6d0d9d7893da-003,3,0,1,59,59,148,0.2
20261001T111152Z-8adcb79,6d0d9d7893da,b87bb92ba378,6d0d9d7893da-004,4,0,1,83,32,147,0.25
20261001T111152Z-8adcb79,6d0d9d7893da,b87bb92ba378,6d0d9d7893da-005,5,0,1,,,146,0.22
20261001T111152Z-8adcb79,6d0d9d7893da,b87bb92ba378,6d0d9d7893da-006,6,0,1,,67,145,0.21
20261001T111152Z-8adcb79,6d0d9d7893da,b87bb92ba378,6d0d9d7893da-007,7,0,1,,31,144,0.31
20261001T111152Z-8adcb79,6d0d9d7893da,b87bb92ba378,6d0d9d7893da-008,8,0,1,,35,143,0.2
20261001T111152Z-8adcb79,6d0d9d7893da,b87bb92ba378,6d0d9d7893da-009,9,0,1,82,28,142,0.26
20261001T111152Z-8adcb79,6d0d9d7893da,b87bb92ba378,6d0d9d7893da-010,10,0,0,,,141,0.27
20261001T111152Z-8adcb79,6d0d9d7893da,b87bb92ba378,6d0d9d7893da-011,11,0,1,,17,140,0.34
20261001T111152Z-8adcb79,6d0d9d7893da,b87bb92ba378,6d0d9d7893da-012,12,0,1,,82,139,0.3
20261001T111152Z-8adcb79,6d0d9d7893da,b87bb92ba378,6d0d9d7893da-013,13,0,1,,86,138,0.29
20261001T111152Z-8adcb79,6d0d9d7893da,b87bb92ba378,6d0d9d7893da-014,14,0,1,,13,137,0.36
20261001T111152Z-8adcb79,6d0d9d7893da,b87bb92ba378,6d0d9d7893da-015,15,0,1,,,136,0.26
20261001T111152Z-8adcb79,6d0d9d7893da,b87bb92ba378,6d0d9d7893da-016,16,0,1,,,135,0.26
20261001T111152Z-8adcb79,6d0d9d7893da,b87bb92ba378,6d0d9d7893da-017,17,0,1,,,134,0.27
20261001T111152Z-8adcb79,6d0d9d7893da,b87bb92ba378,6d0d9d7893da-018,18,0,1,,,133,0.23
20261001T111152Z-8adcb79,6d0d9d7893da,b87bb92ba378,6d0d9d7893da-019,19,0,1,,34,132,0.31
20261001T111152Z-8adcb79,6d0d9d7893da,b87bb92ba378,6d0d9d7893da-020,20,0,1,,79,131,0.36
20261001T111152Z-8adcb79,6d0d9d7893da,b87bb92ba378,6d0d9d7893da-021,21,0,1,,54,130,0.33
20261001T111152Z-8adcb79,6d0d9d7893da,b87bb92ba378,6d0d9d7893da-022,22,0,1,,78,129,0.33
20261001T111152Z-8adcb79,6d0d9d7893da,b87bb92ba378,6d0d9d7893da-023,23,0,1,58,,128,0.24
20261001T111152Z-8adcb79,6d0d9d7893da,b87bb92ba378,6d0d9d7893da-024,24,0,1,81,,127,0.31
20261001T111152Z-8adcb79,6d0d9d7893da,b87bb92ba378,6d0d9d7893da-025,25,0,1,57,50,126,0.2
20261001T111152Z-8adcb79,6d0d9d7893da,b87bb92ba378,6d0d9d7893da-026,26,0,1,,,125,0.29
20261001T111152Z-8adcb79,6d0d9d7893da,b87bb92ba378,6d0d9d7893da-027,27,0,1,,37,124,0.25
20261001T111152Z-8adcb79,6d0d9d7893da,b87bb92ba378,6d0d9d7893da-028,28,0,1,80,7,123,0.41
20261001T111152Z-8adcb79,6d0d9d7893da,b87bb92ba378,6d0d9d7893da-029,29,0,1,,,122,0.3
20261001T111152Z-8adcb79,6d0d9d7893da,b87bb92ba378,6d0d9d7893da-030,30,0,1,,,121,0.25
20261001T111152Z-8adcb79,6d0d9d7893da,b87bb92ba378,6d0d9d7893da-031,31,0,1,,,120,0.31
20261001T111152Z-8adcb79,6d0d9d7893da,b87bb92ba378,6d0d9d7893da-032,32,0,1,,,119,0.34
20261001T111152Z-8adcb79,6d0d9d7893da,b87bb92ba378,6d0d9d7893da-033,33,0,1,,,118,0.4
20261001T111152Z-8adcb79,6d0d9d7893da,b87bb92ba378,6d0d9d7893da-034,34,0,1,,,117,0.27
20261001T111152Z-8adcb79,6d0d9d7893da,b87bb92ba378,6d0d9d7893da-035,35,0,1,,,116,0.35
20261001T111152Z-8adcb79,6d0d9d7893da,b87bb92ba378,6d0d9d7893da-036,36,0,1,,58,115,0.31
20261001T111152Z-8adcb79,6d0d9d7893da,b87bb92ba378,6d0d9d7893da-037,37,0,1,,27,114,0.25
20261001T111152Z-8adcb79,6d0d9d7893da,b87bb92ba378,6d0d9d7893da-038,38,0,1,,74,113,0.29
20261001T111152Z-8adcb79,6d0d9d7893da,b87bb92ba378,6d0d9d7893da-039,39,0,1,,26,112,0.23
20261001T111152Z-8adcb79,6d0d9d7893da,b87bb92ba378,6d0d9d7893da-040,40,0,1,79,91,111,0.24
20261001T111152Z-8adcb79,6d0d9d7893da,b87bb92ba378,6d0d9d7893da-041,41,0,1,37,,110,0.23
20261001T111152Z-8adcb79,6d0d9d7893da,b87bb92ba378,6d0d9d7893da-042,42,0,1,,75,109,0.24
20261001T111152Z-8adcb79,6d0d9d7893da,b87bb92ba378,6d0d9d7893da-043,43,0,1,,,108,0.36
20261001T111152Z-8adcb79,6d0d9d7893da,b87bb92ba378,6d0d9d7893da-044,44,0,1,,85,107,0.28
20261001T111152Z-8adcb79,6d0d9d7893da,b87bb92ba378,6d0d9d7893da-045,45,0,0,,,106,0.28
20261001T111152Z-8adcb79,6d0d9d7893da,b87bb92ba378,6d0d9d7893da-046,46,0,1,78,70,105,0.26
20261001T111152Z-8adcb79,6d0d9d7893da,b87bb92ba378,6d0d9d7893da-047,47,0,1,,46,104,0.25
20261001T111152Z-8adcb79,6d0d9d7893da,b87bb92ba378,6d0d9d7893da-048,48,0,1,77,87,103,0.25
20261001T111152Z-8adcb79,6d0d9d7893da,b87bb92ba378,6d0d9d7893da-049,49,0,1,,80,102,0.26
20261001T111152Z-8adcb79,6d0d9d7893da,b87bb92ba378,6d0d9d7893da-050,50,0,1,56,88,101,0.24
20261001T111152Z-8adcb79,6d0d9d7893da,b87bb92ba378,6d0d9d7893da-051,51,0,1,,,100,0.32
20261001T111152Z-8adcb79,6d0d9d7893da,b87bb92ba378,6d0d9d7893da-052,52,0,0,,45,99,0.31
20261001T111152Z-8adcb79,6d0d9d7893da,b87bb92ba378,6d0d9d7893da-053,53,0,0,,9,98,0.38
20261001T111152Z-8adcb79,6d0d9d7893da,b87bb92ba378,6d0d9d7893da-054,54,0,1,,71,97,0.27
20261001T111152Z-8adcb79,6d0d9d7893da,b87bb92ba378,6d0d9d7893da-055,55,0,1,76,44,96,0.2
20261001T111152Z-8adcb79,6d0d9d7893da,b87bb92ba378,6d0d9d7893da-056,56,0,1,,61,95,0.26
20261001T111152Z-8adcb79,6d0d9d7893da,b87bb92ba378,6d0d9d7893da-057,57,0,1,75,43,94,0.22
20261001T111152Z-8adcb79,6d0d9d7893da,b87bb92ba378,6d0d9d7893da-058,58,0,1,55,41,93,0.23
20261001T111152Z-8adcb79,6d0d9d7893da,b87bb92ba378,6d0d9d7893da-059,59,0,1,20,,92,0.37
20261001T111152Z-8adcb79,6d0d9d7893da,b87bb92ba378,6d0d9d7893da-060,60,0,1,74,,91,0.4
20261001T111152Z-8adcb79,6d0d9d7893da,b87bb92ba378,6d0d9d7893da-061,61,0,1,54,23,90,0.39
20261001T111152Z-8adcb79,6d0d9d7893da,b87bb92ba378,6d0d9d7893da-062,62,0,1,13,47,89,0.28
20261001T111152Z-8adcb79,6d0d9d7893da,b87bb92ba378,6d0d9d7893da-063,63,0,1,,,88,0.25
20261001T111152Z-8adcb79,6d0d9d7893da,b87bb92ba378,6d0d9d7893da-064,64,0,1,,,87,0.22
20261001T111152Z-8adcb79,6d0d9d7893da,b87bb92ba378,6d0d9d7893da-065,65,0,1,53,,86,0.25
20261001T111152Z-8adcb79,6d0d9d7893da,b87bb92ba378,6d0d9d7893da-066,66,0,1,,,85,0.27
20261001T111152Z-8adcb79,6d0d9d7893da,b87bb92ba378,6d0d9d7893da-067,67,0,1,52,56,84,0.23
20261001T111152Z-8adcb79,6d0d9d7893da,b87bb92ba378,6d0d9d7893da-068,68,0,1,73,21,83,0.25
20261001T111152Z-8adcb79,6d0d9d7893da,b87bb92ba378,6d0d9d7893da-069,69,0,1,36,62,82,0.23
20261001T111152Z-8adcb79,6d0d9d7893da,b87bb92ba378,6d0d9d7893da-070,70,0,1,35,,81,0.28
20261001T111152Z-8adcb79,6d0d9d7893da,b87bb92ba378,6d0d9d7893da-071,71,0,1,,,80,0.26
20261001T111152Z-8adcb79,6d0d9d7893da,b87bb92ba378,6d0d9d7893da-072,72,0,1,,65,79,0.32
20261001T111152Z-8adcb79,6d0d9d7893da,b87bb92ba378,6d0d9d7893da-073,73,0,1,,,78,0.3
20261001T111152Z-8adcb79,6d0d9d7893da,b87bb92ba378,6d0d9d7893da-074,74,0,1,34,14,77,0.3
20261001T111152Z-8adcb79,6d0d9d7893da,b87bb92ba378,6d0d9d7893da-075,75,0,1,33,90,76,0.22
20261001T111152Z-8adcb79,6d0d9d7893da,b87bb92ba378,6d0d9d7893da-076,76,0,1,18,,75,0.26
20261001T111152Z-8adcb79,6d0d9d7893da,b87bb92ba378,6d0d9d7893da-077,77,0,1,51,69,74,0.29
20261001T111152Z-8adcb79,6d0d9d7893da,b87bb92ba378,6d0d9d7893da-078,78,0,1,50,77,73,0.27
20261001T111152Z-8adcb79,6d0d9d7893da,b87bb92ba378,6d0d9d7893da-079,79,0,1,72,73,72,0.25
20261001T111152Z-8adcb79,6d0d9d7893da,b87bb92ba378,6d0d9d7893da-080,80,0,1,71,15,71,0.26
20261001T111152Z-8adcb79,6d0d9d7893da,b87bb92ba378,6d0d9d7893da-081,81,0,1,19,38,70,0.22
20261001T111152Z-8adcb79,6d0d9d7893da,b87bb92ba378,6d0d9d7893da-082,82,0,1,32,40,69,0.23
20261001T111152Z-8adcb79,6d0d9d7893da,b87bb92ba378,6d0d9d7893da-083,83,0,1,27,64,68,0.31
20261001T111152Z-8adcb79,6d0d9d7893da,b87bb92ba378,6d0d9d7893da-084,84,0,1,49,63,67,0.25
20261001T111152Z-8adcb79,6d0d9d7893da,b87bb92ba378,6d0d9d7893da-085,85,0,1,,,66,0.34
20261001T111152Z-8adcb79,6d0d9d7893da,b87bb92ba378,6d0d9d7893da-086,86,0,1,,,65,0.32
20261001T111152Z-8adcb79,6d0d9d7893da,b87bb92ba378,6d0d9d7893da-087,87,0,1,,,64,0.34
20261001T111152Z-8adcb79,6d0d9d7893da,b87bb92ba378,6d0d9d7893da-088,88,0,1,,,63,0.31
20261001T111152Z-8adcb79,6d0d9d7893da,b87bb92ba378,6d0d9d7893da-089,89,0,1,,51,62,0.22
20261001T111152Z-8adcb79,6d0d9d7893da,b87bb92ba378,6d0d9d7893da-090,90,0,1,48,52,61,0.27
20261001T111152Z-8adcb79,6d0d9d7893da,b87bb92ba378,6d0d9d7893da-091,91,0,1,,,60,0.32
20261001T111152Z-8adcb79,6d0d9d7893da,b87bb92ba378,6d0d9d7893da-092,92,0,1,47,,59,0.27
20261001T111152Z-8adcb79,6d0d9d7893da,b87bb92ba378,6d0d9d7893da-093,93,0,1,70,76,58,0.27
20261001T111152Z-8adcb79,6d0d9d7893da,b87bb92ba378,6d0d9d7893da-094,94,0,1,46,81,57,0.3
20261001T111152Z-8adcb79,6d0d9d7893da,b87bb92ba378,6d0d9d7893da-095,95,0,1,15,84,56,0.28
20261001T111152Z-8adcb79,6d0d9d7893da,b87bb92ba378,6d0d9d7893da-096,96,0,1,69,89,55,0.34
20261001T111152Z-8adcb79,6d0d9d7893da,b87bb92ba378,6d0d9d7893da-097,97,0,1,68,,54,0.3
20261001T111152Z-8adcb79,6d0d9d7893da,b87bb92ba378,6d0d9d7893da-098,98,0,1,8,49,53,0.24
20261001T111152Z-8adcb79,6d0d9d7893da,b87bb92ba378,6d0d9d7893da-099,99,0,1,,,52,0.39
20261001T111152Z-8adcb79,6d0d9d7893da,b87bb92ba378,6d0d9d7893da-100,100,0,1,45,66,51,0.24
20261001T111152Z-8adcb79,6d0d9d7893da,b87bb92ba378,6d0d9d7893da-101,101,0,1,26,60,50,0.26
20261001T111152Z-8adcb79,6d0d9d7893da,b87bb92ba378,6d0d9d7893da-102,102,0,1,44,16,49,0.3
20261001T111152Z-8adcb79,6d0d9d7893da,b87bb92ba378,6d0d9d7893da-103,103,0,1,31,4,48,0.24
20261001T111152Z-8adcb79,6d0d9d7893da,b87bb92ba378,6d0d9d7893da-104,104,0,1,25,53,47,0.29
20261001T111152Z-8adcb79,6d0d9d7893da,b87bb92ba378,6d0d9d7893da-105,105,0,1,,,46,0.38
20261001T111152Z-8adcb79,6d0d9d7893da,b87bb92ba378,6d0d9d7893da-106,106,0,1,,,45,0.37
20261001T111152Z-8adcb79,6d0d9d7893da,b87bb92ba378,6d0d9d7893da-107,107,0,1,,,44,0.29
20261001T111152Z-8adcb79,6d0d9d7893da,b87bb92ba378,6d0d9d7893da-108,108,0,1,,,43,0.27
20261001T111152Z-8adcb79,6d0d9d7893da,b87bb92ba378,6d0d9d7893da-109,109,0,1,,,42,0.35
20261001T111152Z-8adcb79,6d0d9d7893da,b87bb92ba378,6d0d9d7893da-110,110,0,1,30,,41,0.26
20261001T111152Z-8adcb79,6d0d9d7893da,b87bb92ba378,6d0d9d7893da-111,111,0,1,,,40,0.42
20261001T111152Z-8adcb79,6d0d9d7893da,b87bb92ba378,6d0d9d7893da-112,112,0,1,,,39,0.41
20261001T111152Z-8adcb79,6d0d9d7893da,b87bb92ba378,6d0d9d7893da-113,113,0,1,12,72,38,0.22
20261001T111152Z-8adcb79,6d0d9d7893da,b87bb92ba378,6d0d9d7893da-114,114,0,1,,,37,0.3
20261001T111152Z-8adcb79,6d0d9d7893da,b87bb92ba378,6d0d9d7893da-115,115,0,1,,,36,0.37
20261001T111152Z-8adcb79,6d0d9d7893da,b87bb92ba378,6d0d9d7893da-116,116,0,0,,,35,0.32
20261001T111152Z-8adcb79,6d0d9d7893da,b87bb92ba378,6d0d9d7893da-117,117,0,1,,29,34,0.24
20261001T111152Z-8adcb79,6d0d9d7893da,b87bb92ba378,6d0d9d7893da-118,118,0,1,24,30,33,0.33
20261001T111152Z-8adcb79,6d0d9d7893da,b87bb92ba378,6d0d9d7893da-119,119,0,1,7,55,32,0.25
20261001T111152Z-8adcb79,6d0d9d7893da,b87bb92ba378,6d0d9d7893da-120,120,0,1,67,,31,0.37
20261001T111152Z-8adcb79,6d0d9d7893da,b87bb92ba378,6d0d9d7893da-121,121,0,1,43,19,30,0.42
20261001T111152Z-8adcb79,6d0d9d7893da,b87bb92ba378,6d0d9d7893da-122,122,0,1,29,22,29,0.36
20261001T111152Z-8adcb79,6d0d9d7893da,b87bb92ba378,6d0d9d7893da-123,123,0,1,23,5,28,0.42
20261001T111152Z-8adcb79,6d0d9d7893da,b87bb92ba378,6d0d9d7893da-124,124,0,1,42,12,27,0.3
20261001T111152Z-8adcb79,6d0d9d7893da,b87bb92ba378,6d0d9d7893da-125,125,0,1,41,57,26,0.28
20261001T111152Z-8adcb79,6d0d9d7893da,b87bb92ba378,6d0d9d7893da-126,126,0,1,28,68,25,0.28
20261001T111152Z-8adcb79,6d0d9d7893da,b87bb92ba378,6d0d9d7893da-127,127,0,1,3,,24,0.26
20261001T111152Z-8adcb79,6d0d9d7893da,b87bb92ba378,6d0d9d7893da-128,128,0,1,14,36,23,0.29
20261001T111152Z-8adcb79,6d0d9d7893da,b87bb92ba378,6d0d9d7893da-129,129,0,1,66,,22,0.37
20261001T111152Z-8adcb79,6d0d9d7893da,b87bb92ba378,6d0d9d7893da-130,130,0,1,2,83,21,0.24
20261001T111152Z-8adcb79,6d0d9d7893da,b87bb92ba378,6d0d9d7893da-131,131,0,1,65,,20,0.37
20261001T111152Z-8adcb79,6d0d9d7893da,b87bb92ba378,6d0d9d7893da-132,132,0,1,11,33,19,0.26
20261001T111152Z-8adcb79,6d0d9d7893da,b87bb92ba378,6d0d9d7893da-133,133,0,1,64,,18,0.35
20261001T111152Z-8adcb79,6d0d9d7893da,b87bb92ba378,6d0d9d7893da-134,134,0,1,40,10,17,0.27
20261001T111152Z-8adcb79,6d0d9d7893da,b87bb92ba378,6d0d9d7893da-135,135,0,1,39,1,16,0.3
20261001T111152Z-8adcb79,6d0d9d7893da,b87bb92ba378,6d0d9d7893da-136,136,0,1,6,18,15,0.27
20261001T111152Z-8adcb79,6d0d9d7893da,b87bb92ba378,6d0d9d7893da-137,137,0,1,17,42,14,0.38
20261001T111152Z-8adcb79,6d0d9d7893da,b87bb92ba378,6d0d9d7893da-138,138,0,1,4,6,13,0.25
20261001T111152Z-8adcb79,6d0d9d7893da,b87bb92ba378,6d0d9d7893da-139,139,0,1,16,48,12,0.3
20261001T111152Z-8adcb79,6d0d9d7893da,b87bb92ba378,6d0d9d7893da-140,140,0,1,63,25,11,0.32
20261001T111152Z-8adcb79,6d0d9d7893da,b87bb92ba378,6d0d9d7893da-141,141,0,1,38,20,10,0.28
20261001T111152Z-8adcb79,6d0d9d7893da,b87bb92ba378,6d0d9d7893da-142,142,0,1,5,24,9,0.25
20261001T111152Z-8adcb79,6d0d9d7893da,b87bb92ba378,6d0d9d7893da-143,143,0,1,10,3,8,0.29
20261001T111152Z-8adcb79,6d0d9d7893da,b87bb92ba378,6d0d9d7893da-144,144,0,1,9,2,7,0.28
20261001T111152Z-8adcb79,6d0d9d7893da,b87bb92ba378,6d0d9d7893da-145,145,0,1,22,39,6,0.29
20261001T111152Z-8adcb79,6d0d9d7893da,b87bb92ba378,6d0d9d7893da-146,146,0,1,62,8,5,0.29
20261001T111152Z-8adcb79,6d0d9d7893da,b87bb92ba378,6d0d9d7893da-147,147,0,1,21,11,4,0.26
20261001T111152Z-8adcb79,6d0d9d7893da,b87bb92ba378,6d0d9d7893da-148,148,0,1,1,,3,0.28
20261001T111152Z-8adcb79,6d0d9d7893da,b87bb92ba378,6d0d9d7893da-149,149,0,1,61,,2,0.29
20261001T111152Z-8adcb79,6d0d9d7893da,b87bb92ba378,6d0d9d7893da-150,150,0,1,60,,1,0.38
20261001T111152Z-8adcb79,720b8a098737,4c37252a5d56,720b8a098737-001,1,0,1,29,,99,0.32
20261001T111152Z-8adcb79,720b8a098737,4c37252a5d56,720b8a098737-002,2,0,1,61,,98,0.29
20261001T111152Z-8adcb79,720b8a098737,4c37252a5d56,720b8a098737-003,3,0,1,60,29,97,0.26
20261001T111152Z-8adcb79,720b8a098737,4c37252a5d56,720b8a098737-004,4,0,1,59,8,96,0.29
20261001T111152Z-8adcb79,720b8a098737,4c37252a5d56,720b8a098737-005,5,0,1,58,,95,0.29
20261001T111152Z-8adcb79,720b8a098737,4c37252a5d56,720b8a098737-006,6,0,1,57,,94,0.27
20261001T111152Z-8adcb79,720b8a098737,4c37252a5d56,720b8a098737-007,7,0,1,,14,93,0.28
20261001T111152Z-8adcb79,720b8a098737,4c37252a5d56,720b8a098737-008,8,0,1,16,,92,0.27
20261001T111152Z-8adcb79,720b8a098737,4c37252a5d56,720b8a098737-009,9,0,1,56,,91,0.26
20261001T111152Z-8adcb79,720b8a098737,4c37252a5d56,720b8a098737-010,10,0,1,,,90,0.27
20261001T111152Z-8adcb79,720b8a098737,4c37252a5d56,720b8a098737-011,11,0,1,,12,89,0.28
20261001T111152Z-8adcb79,720b8a098737,4c37252a5d56,720b8a098737-012,12,0,1,55,,88,0.26
20261001T111152Z-8adcb79,720b8a098737,4c37252a5d56,720b8a098737-013,13,0,1,,,87,0.27
20261001T111152Z-8adcb79,720b8a098737,4c37252a5d56,720b8a098737-014,14,0,1,,,86,0.28
20261001T111152Z-8adcb79,720b8a098737,4c37252a5d56,720b8a098737-015,15,0,1,,,85,0.27
20261001T111152Z-8adcb79,720b8a098737,4c37252a5d56,720b8a098737-016,16,0,1,,9,84,0.28
20261001T111152Z-8adcb79,720b8a098737,4c37252a5d56,720b8a098737-017,17,0,1,,,83,0.26
20261001T111152Z-8adcb79,720b8a098737,4c37252a5d56,720b8a098737-018,18,0,1,,,82,0.32
20261001T111152Z-8adcb79,720b8a098737,4c37252a5d56,720b8a098737-019,19,0,1,54,,81,0.27
20261001T111152Z-8adcb79,720b8a098737,4c37252a5d56,720b8a098737-020,20,0,1,,,80,0.28
20261001T111152Z-8adcb79,720b8a098737,4c37252a5d56,720b8a098737-021,21,0,1,53,,79,0.31
20261001T111152Z-8adcb79,720b8a098737,4c37252a5d56,720b8a098737-022,22,0,1,52,,78,0.29
20261001T111152Z-8adcb79,720b8a098737,4c37252a5d56,720b8a098737-023,23,0,1,51,,77,0.26
20261001T111152Z-8adcb79,720b8a098737,4c37252a5d56,720b8a098737-024,24,0,1,50,13,76,0.27
20261001T111152Z-8adcb79,720b8a098737,4c37252a5d56,720b8a098737-025,25,0,1,,,75,0.33
20261001T111152Z-8adcb79,720b8a098737,4c37252a5d56,720b8a098737-026,26,0,1,49,,74,0.26
20261001T111152Z-8adcb79,720b8a098737,4c37252a5d56,720b8a098737-027,27,0,1,48,,73,0.25
20261001T111152Z-8adcb79,720b8a098737,4c37252a5d56,720b8a098737-028,28,0,1,,,72,0.29
20261001T111152Z-8adcb79,720b8a098737,4c37252a5d56,720b8a098737-029,29,0,1,,17,71,0.25
20261001T111152Z-8adcb79,720b8a098737,4c37252a5d56,720b8a098737-030,30,0,1,47,,70,0.27
20261001T111152Z-8adcb79,720b8a098737,4c37252a5d56,720b8a098737-031,31,0,0,,25,69,0.26
20261001T111152Z-8adcb79,720b8a098737,4c37252a5d56,720b8a098737-032,32,0,0,,23,68,0.27
20261001T111152Z-8adcb79,720b8a098737,4c37252a5d56,720b8a098737-033,33,0,0,,16,67,0.3
20261001T111152Z-8adcb79,720b8a098737,4c37252a5d56,720b8a098737-034,34,0,1,15,10,66,0.29
20261001T111152Z-8adcb79,720b8a098737,4c37252a5d56,720b8a098737-035,35,0,1,28,26,65,0.29
20261001T111152Z-8adcb79,720b8a098737,4c37252a5d56,720b8a098737-036,36,0,0,,,64,0.29
20261001T111152Z-8adcb79,720b8a098737,4c37252a5d56,720b8a098737-037,37,0,0,,5,63,0.36
20261001T111152Z-8adcb79,720b8a098737,4c37252a5d56,720b8a098737-038,38,0,1,27,24,62,0.29
20261001T111152Z-8adcb79,720b8a098737,4c37252a5d56,720b8a098737-039,39,0,1,26,,61,0.29
20261001T111152Z-8adcb79,720b8a098737,4c37252a5d56,720b8a098737-040,40,0,1,,,60,0.25
20261001T111152Z-8adcb79,720b8a098737,4c37252a5d56,720b8a098737-041,41,0,1,,27,59,0.26
20261001T111152Z-8adcb79,720b8a098737,4c37252a5d56,720b8a098737-042,42,0,1,,4,58,0.27
20261001T111152Z-8adcb79,720b8a098737,4c37252a5d56,720b8a098737-043,43,0,1,,31,57,0.26
20261001T111152Z-8adcb79,720b8a098737,4c37252a5d56,720b8a098737-044,44,0,1,,,56,0.27
20261001T111152Z-8adcb79,720b8a098737,4c37252a5d56,720b8a098737-045,45,0,1,,18,55,0.25
20261001T111152Z-8adcb79,720b8a098737,4c37252a5d56,720b8a098737-046,46,0,1,,,54,0.26
20261001T111152Z-8adcb79,720b8a098737,4c37252a5d56,720b8a098737-047,47,0,1,25,,53,0.26
20261001T111152Z-8adcb79,720b8a098737,4c37252a5d56,720b8a098737-048,48,0,1,14,,52,0.26
20261001T111152Z-8adcb79,720b8a098737,4c37252a5d56,720b8a098737-049,49,0,1,46,,51,0.26
20261001T111152Z-8adcb79,720b8a098737,4c37252a5d56,720b8a098737-050,50,0,1,,22,50,0.28
20261001T111152Z-8adcb79,720b8a098737,4c37252a5d56,720b8a098737-051,51,0,0,,21,49,0.28
20261001T111152Z-8adcb79,720b8a098737,4c37252a5d56,720b8a098737-052,52,0,0,,19,48,0.29
20261001T111152Z-8adcb79,720b8a098737,4c37252a5d56,720b8a098737-053,53,0,0,,15,47,0.32
20261001T111152Z-8adcb79,720b8a098737,4c37252a5d56,720b8a098737-054,54,0,1,45,,46,0.25
20261001T111152Z-8adcb79,720b8a098737,4c37252a5d56,720b8a098737-055,55,0,1,44,1,45,0.29
20261001T111152Z-8adcb79,720b8a098737,4c37252a5d56,720b8a098737-056,56,0,1,24,,44,0.27
20261001T111152Z-8adcb79,720b8a098737,4c37252a5d56,720b8a098737-057,57,0,1,43,,43,0.27
20261001T111152Z-8adcb79,720b8a098737,4c37252a5d56,720b8a098737-058,58,0,1,42,,42,0.27
20261001T111152Z-8adcb79,720b8a098737,4c37252a5d56,720b8a098737-059,59,0,1,41,,41,0.28
20261001T111152Z-8adcb79,720b8a098737,4c37252a5d56,720b8a098737-060,60,0,1,40,,40,0.28
20261001T111152Z-8adcb79,720b8a098737,4c37252a5d56,720b8a098737-061,61,0,1,39,,39,0.28
20261001T111152Z-8adcb79,720b8a098737,4c37252a5d56,720b8a098737-062,62,0,1,23,,38,0.28
20261001T111152Z-8adcb79,720b8a098737,4c37252a5d56,720b8a098737-063,63,0,1,22,,37,0.25
20261001T111152Z-8adcb79,720b8a098737,4c37252a5d56,720b8a098737-064,64,0,1,38,,36,0.28
20261001T111152Z-8adcb79,720b8a098737,4c37252a5d56,720b8a098737-065,65,0,1,37,,35,0.27
20261001T111152Z-8adcb79,720b8a098737,4c37252a5d56,720b8a098737-066,66,0,1,13,,34,0.26
20261001T111152Z-8adcb79,720b8a098737,4c37252a5d56,720b8a098737-067,67,0,0,,6,33,0.31
20261001T111152Z-8adcb79,720b8a098737,4c37252a5d56,720b8a098737-068,68,0,1,21,20,32,0.28
20261001T111152Z-8adcb79,720b8a098737,4c37252a5d56,720b8a098737-069,69,0,1,36,,31,0.29
20261001T111152Z-8adcb79,720b8a098737,4c37252a5d56,720b8a098737-070,70,0,1,35,,30,0.26
20261001T111152Z-8adcb79,720b8a098737,4c37252a5d56,720b8a098737-071,71,0,1,34,,29,0.25
20261001T111152Z-8adcb79,720b8a098737,4c37252a5d56,720b8a098737-072,72,0,1,4,28,28,0.29
20261001T111152Z-8adcb79,720b8a098737,4c37252a5d56,720b8a098737-073,73,0,1,33,,27,0.25
20261001T111152Z-8adcb79,720b8a098737,4c37252a5d56,720b8a098737-074,74,0,0,,,26,0.28
20261001T111152Z-8adcb79,720b8a098737,4c37252a5d56,720b8a098737-075,75,0,1,20,,25,0.26
20261001T111152Z-8adcb79,720b8a098737,4c37252a5d56,720b8a098737-076,76,0,1,,,24,0.25
20261001T111152Z-8adcb79,720b8a098737,4c37252a5d56,720b8a098737-077,77,0,1,,7,23,0.25
20261001T111152Z-8adcb79,720b8a098737,4c37252a5d56,720b8a098737-078,78,0,1,19,,22,0.25
20261001T111152Z-8adcb79,720b8a098737,4c37252a5d56,720b8a098737-079,79,0,1,18,30,21,0.28
20261001T111152Z-8adcb79,720b8a098737,4c37252a5d56,720b8a098737-080,80,0,0,,,20,0.27
20261001T111152Z-8adcb79,720b8a098737,4c37252a5d56,720b8a098737-081,81,0,0,,,19,0.28
20261001T111152Z-8adcb79,720b8a098737,4c37252a5d56,720b8a098737-082,82,0,1,32,,18,0.29
20261001T111152Z-8adcb79,720b8a098737,4c37252a5d56,720b8a098737-083,83,0,1,,3,17,0.26
20261001T111152Z-8adcb79,720b8a098737,4c37252a5d56,720b8a098737-084,84,0,1,6,32,16,0.3
20261001T111152Z-8adcb79,720b8a098737,4c37252a5d56,720b8a098737-085,85,0,1,,,15,0.22
20261001T111152Z-8adcb79,720b8a098737,4c37252a5d56,720b8a098737-086,86,0,1,12,,14,0.23
20261001T111152Z-8adcb79,720b8a098737,4c37252a5d56,720b8a098737-087,87,0,1,3,2,13,0.24
20261001T111152Z-8adcb79,720b8a098737,4c37252a5d56,720b8a098737-088,88,0,1,31,,12,0.3
20261001T111152Z-8adcb79,720b8a098737,4c37252a5d56,720b8a098737-089,89,0,1,17,,11,0.25
20261001T111152Z-8adcb79,720b8a098737,4c37252a5d56,720b8a098737-090,90,0,1,11,,10,0.27
20261001T111152Z-8adcb79,720b8a098737,4c37252a5d56,720b8a098737-091,91,0,1,10,,9,0.26
20261001T111152Z-8adcb79,720b8a098737,4c37252a5d56,720b8a098737-092,92,0,1,9,,8,0.25
20261001T111152Z-8adcb79,720b8a098737,4c37252a5d56,720b8a098737-093,93,0,1,1,11,7,0.32
20261001T111152Z-8adcb79,720b8a098737,4c37252a5d56,720b8a098737-094,94,0,0,,,6,0.31
20261001T111152Z-8adcb79,720b8a098737,4c37252a5d56,720b8a098737-095,95,0,1,8,,5,0.26
20261001T111152Z-8adcb79,720b8a098737,4c37252a5d56,720b8a098737-096,96,0,1,30,,4,0.24
20261001T111152Z-8adcb79,720b8a098737,4c37252a5d56,720b8a098737-097,97,0,1,2,,3,0.27
20261001T111152Z-8adcb79,720b8a098737,4c37252a5d56,720b8a098737-098,98,0,1,7,,2,0.27
20261001T111152Z-8adcb79,720b8a098737,4c37252a5d56,720b8a098737-099,99,0,1,5,,1,0.3
20261001T111152Z-8adcb79,732b5e3d2b4a,15f7597c78de,732b5e3d2b4a-001,1,0,0,,138,150,0.23
20261001T111152Z-8adcb79,732b5e3d2b4a,15f7597c78de,732b5e3d2b4a-002,2,0,0,,87,149,0.32
20261001T111152Z-8adcb79,732b5e3d2b4a,15f7597c78de,732b5e3d2b4a-003,3,0,0,,131,148,0.3
20261001T111152Z-8adcb79,732b5e3d2b4a,15f7597c78de,732b5e3d2b4a-004,4,0,0,,63,147,0.34
20261001T111152Z-8adcb79,732b5e3d2b4a,15f7597c78de,732b5e3d2b4a-005,5,0,0,,56,146,0.31
20261001T111152Z-8adcb79,732b5e3d2b4a,15f7597c78de,732b5e3d2b4a-006,6,0,1,69,120,145,0.26
20261001T111152Z-8adcb79,732b5e3d2b4a,15f7597c78de,732b5e3d2b4a-007,7,0,1,68,112,144,0.33
20261001T111152Z-8adcb79,732b5e3d2b4a,15f7597c78de,732b5e3d2b4a-008,8,0,1,32,117,143,0.36
20261001T111152Z-8adcb79,732b5e3d2b4a,15f7597c78de,732b5e3d2b4a-009,9,0,1,67,121,142,0.36
20261001T111152Z-8adcb79,732b5e3d2b4a,15f7597c78de,732b5e3d2b4a-010,10,0,1,31,91,141,0.34
20261001T111152Z-8adcb79,732b5e3d2b4a,15f7597c78de,732b5e3d2b4a-011,11,0,0,,83,140,0.2
20261001T111152Z-8adcb79,732b5e3d2b4a,15f7597c78de,732b5e3d2b4a-012,12,0,0,,93,139,0.27
20261001T111152Z-8adcb79,732b5e3d2b4a,15f7597c78de,732b5e3d2b4a-013,13,0,1,,108,138,0.28
20261001T111152Z-8adcb79,732b5e3d2b4a,15f7597c78de,732b5e3d2b4a-014,14,0,1,66,104,137,0.45
20261001T111152Z-8adcb79,732b5e3d2b4a,15f7597c78de,732b5e3d2b4a-015,15,0,1,14,134,136,0.29
20261001T111152Z-8adcb79,732b5e3d2b4a,15f7597c78de,732b5e3d2b4a-016,16,0,1,,64,135,0.45
20261001T111152Z-8adcb79,732b5e3d2b4a,15f7597c78de,732b5e3d2b4a-017,17,0,1,65,102,134,0.42
20261001T111152Z-8adcb79,732b5e3d2b4a,15f7597c78de,732b5e3d2b4a-018,18,0,1,30,100,133,0.37
20261001T111152Z-8adcb79,732b5e3d2b4a,15f7597c78de,732b5e3d2b4a-019,19,0,1,,,132,0.22
20261001T111152Z-8adcb79,732b5e3d2b4a,15f7597c78de,732b5e3d2b4a-020,20,0,1,29,118,131,0.28
20261001T111152Z-8adcb79,732b5e3d2b4a,15f7597c78de,732b5e3d2b4a-021,21,0,1,,,130,0.21
20261001T111152Z-8adcb79,732b5e3d2b4a,15f7597c78de,732b5e3d2b4a-022,22,0,1,6,123,129,0.32
20261001T111152Z-8adcb79,732b5e3d2b4a,15f7597c78de,732b5e3d2b4a-023,23,0,1,,,128,0.22
20261001T111152Z-8adcb79,732b5e3d2b4a,15f7597c78de,732b5e3d2b4a-024,24,0,1,,73,127,0.4
20261001T111152Z-8adcb79,732b5e3d2b4a,15f7597c78de,732b5e3d2b4a-025,25,1,1,64,80,126,0.7
20261001T111152Z-8adcb79,732b5e3d2b4a,15f7597c78de,732b5e3d2b4a-026,26,1,1,63,74,125,0.54
20261001T111152Z-8adcb79,732b5e3d2b4a,15f7597c78de,732b5e3d2b4a-027,27,0,1,,116,124,0.45
20261001T111152Z-8adcb79,732b5e3d2b4a,15f7597c78de,732b5e3d2b4a-028,28,0,1,,95,123,0.41
20261001T111152Z-8adcb79,732b5e3d2b4a,15f7597c78de,732b5e3d2b4a-029,29,0,0,,97,122,0.45
20261001T111152Z-8adcb79,732b5e3d2b4a,15f7597c78de,732b5e3d2b4a-030,30,0,0,,99,121,0.27
20261001T111152Z-8adcb79,732b5e3d2b4a,15f7597c78de,732b5e3d2b4a-031,31,0,1,13,135,120,0.42
20261001T111152Z-8adcb79,732b5e3d2b4a,15f7597c78de,732b5e3d2b4a-032,32,0,1,8,32,119,0.4
20261001T111152Z-8adcb79,732b5e3d2b4a,15f7597c78de,732b5e3d2b4a-033,33,0,1,,85,118,0.47
20261001T111152Z-8adcb79,732b5e3d2b4a,15f7597c78de,732b5e3d2b4a-034,34,0,1,62,16,117,0.38
20261001T111152Z-8adcb79,732b5e3d2b4a,15f7597c78de,732b5e3d2b4a-035,35,0,1,,46,116,0.37
20261001T111152Z-8adcb79,732b5e3d2b4a,15f7597c78de,732b5e3d2b4a-036,36,0,0,,119,115,0.33
20261001T111152Z-8adcb79,732b5e3d2b4a,15f7597c78de,732b5e3d2b4a-037,37,0,0,,89,114,0.27
20261001T111152Z-8adcb79,732b5e3d2b4a,15f7597c78de,732b5e3d2b4a-038,38,0,0,,130,113,0.32
20261001T111152Z-8adcb79,732b5e3d2b4a,15f7597c78de,732b5e3d2b4a-039,39,0,0,,47,112,0.26
20261001T111152Z-8adcb79,732b5e3d2b4a,15f7597c78de,732b5e3d2b4a-040,40,0,1,28,35,111,0.32
20261001T111152Z-8adcb79,732b5e3d2b4a,15f7597c78de,732b5e3d2b4a-041,41,0,1,27,5,110,0.38
20261001T111152Z-8adcb79,732b5e3d2b4a,15f7597c78de,732b5e3d2b4a-042,42,0,0,,,109,0.39
20261001T111152Z-8adcb79,732b5e3d2b4a,15f7597c78de,732b5e3d2b4a-043,43,1,0,,,108,0.5
20261001T111152Z-8adcb79,732b5e3d2b4a,15f7597c78de,732b5e3d2b4a-044,44,0,1,12,60,107,0.44
20261001T111152Z-8adcb79,732b5e3d2b4a,15f7597c78de,732b5e3d2b4a-045,45,0,1,26,122,106,0.4
20261001T111152Z-8adcb79,732b5e3d2b4a,15f7597c78de,732b5e3d2b4a-046,46,0,0,,,105,0.46
20261001T111152Z-8adcb79,732b5e3d2b4a,15f7597c78de,732b5e3d2b4a-047,47,0,0,,,104,0.42
20261001T111152Z-8adcb79,732b5e3d2b4a,15f7597c78de,732b5e3d2b4a-048,48,0,1,25,44,103,0.32
20261001T111152Z-8adcb79,732b5e3d2b4a,15f7597c78de,732b5e3d2b4a-049,49,0,1,61,15,102,0.34
20261001T111152Z-8adcb79,732b5e3d2b4a,15f7597c78de,732b5e3d2b4a-050,50,0,1,11,84,101,0.33
20261001T111152Z-8adcb79,732b5e3d2b4a,15f7597c78de,732b5e3d2b4a-051,51,0,1,,11,100,0.42
20261001T111152Z-8adcb79,732b5e3d2b4a,15f7597c78de,732b5e3d2b4a-052,52,1,1,,50,99,0.55
20261001T111152Z-8adcb79,732b5e3d2b4a,15f7597c78de,732b5e3d2b4a-053,53,1,1,,113,98,0.63
20261001T111152Z-8adcb79,732b5e3d2b4a,15f7597c78de,732b5e3d2b4a-054,54,1,1,,33,97,0.54
20261001T111152Z-8adcb79,732b5e3d2b4a,15f7597c78de,732b5e3d2b4a-055,55,0,1,60,14,96,0.46
20261001T111152Z-8adcb79,732b5e3d2b4a,15f7597c78de,732b5e3d2b4a-056,56,0,1,,13,95,0.44
20261001T111152Z-8adcb79,732b5e3d2b4a,15f7597c78de,732b5e3d2b4a-057,57,0,1,,12,94,0.39
20261001T111152Z-8adcb79,732b5e3d2b4a,15f7597c78de,732b5e3d2b4a-058,58,0,1,,129,93,0.42
20261001T111152Z-8adcb79,732b5e3d2b4a,15f7597c78de,732b5e3d2b4a-059,59,0,1,,103,92,0.48
20261001T111152Z-8adcb79,732b5e3d2b4a,15f7597c78de,732b5e3d2b4a-060,60,0,1,59,59,91,0.38
20261001T111152Z-8adcb79,732b5e3d2b4a,15f7597c78de,732b5e3d2b4a-061,61,0,1,,114,90,0.33
20261001T111152Z-8adcb79,732b5e3d2b4a,15f7597c78de,732b5e3d2b4a-062,62,0,1,,43,89,0.44
20261001T111152Z-8adcb79,732b5e3d2b4a,15f7597c78de,732b5e3d2b4a-063,63,0,1,24,53,88,0.33
20261001T111152Z-8adcb79,732b5e3d2b4a,15f7597c78de,732b5e3d2b4a-064,64,0,1,,45,87,0.39
20261001T111152Z-8adcb79,732b5e3d2b4a,15f7597c78de,732b5e3d2b4a-065,65,0,1,,20,86,0.38
20261001T111152Z-8adcb79,732b5e3d2b4a,15f7597c78de,732b5e3d2b4a-066,66,0,1,,127,85,0.39
20261001T111152Z-8adcb79,732b5e3d2b4a,15f7597c78de,732b5e3d2b4a-067,67,0,1,,30,84,0.41
20261001T111152Z-8adcb79,732b5e3d2b4a,15f7597c78de,732b5e3d2b4a-068,68,0,1,,57,83,0.43
20261001T111152Z-8adcb79,732b5e3d2b4a,15f7597c78de,732b5e3d2b4a-069,69,0,1,,31,82,0.39
20261001T111152Z-8adcb79,732b5e3d2b4a,15f7597c78de,732b5e3d2b4a-070,70,0,1,,76,81,0.36
20261001T111152Z-8adcb79,732b5e3d2b4a,15f7597c78de,732b5e3d2b4a-071,71,0,1,,34,80,0.37
20261001T111152Z-8adcb79,732b5e3d2b4a,15f7597c78de,732b5e3d2b4a-072,72,0,1,,58,79,0.32
20261001T111152Z-8adcb79,732b5e3d2b4a,15f7597c78de,732b5e3d2b4a-073,73,0,1,,88,78,0.33
20261001T111152Z-8adcb79,732b5e3d2b4a,15f7597c78de,732b5e3d2b4a-074,74,0,1,,22,77,0.41
20261001T111152Z-8adcb79,732b5e3d2b4a,15f7597c78de,732b5e3d2b4a-075,75,0,1,,137,76,0.4
20261001T111152Z-8adcb79,732b5e3d2b4a,15f7597c78de,732b5e3d2b4a-076,76,0,1,,128,75,0.34
20261001T111152Z-8adcb79,732b5e3d2b4a,15f7597c78de,732b5e3d2b4a-077,77,0,1,,48,74,0.38
20261001T111152Z-8adcb79,732b5e3d2b4a,15f7597c78de,732b5e3d2b4a-078,78,0,1,,65,73,0.43
20261001T111152Z-8adcb79,732b5e3d2b4a,15f7597c78de,732b5e3d2b4a-079,79,0,1,,42,72,0.36
20261001T111152Z-8adcb79,732b5e3d2b4a,15f7597c78de,732b5e3d2b4a-080,80,0,1,,69,71,0.42
20261001T111152Z-8adcb79,732b5e3d2b4a,15f7597c78de,732b5e3d2b4a-081,81,0,1,,29,70,0.39
20261001T111152Z-8adcb79,732b5e3d2b4a,15f7597c78de,732b5e3d2b4a-082,82,0,1,,124,69,0.36
20261001T111152Z-8adcb79,732b5e3d2b4a,15f7597c78de,732b5e3d2b4a-083,83,0,1,,49,68,0.37
20261001T111152Z-8adcb79,732b5e3d2b4a,15f7597c78de,732b5e3d2b4a-084,84,0,1,,115,67,0.41
20261001T111152Z-8adcb79,732b5e3d2b4a,15f7597c78de,732b5e3d2b4a-085,85,0,1,58,28,66,0.36
20261001T111152Z-8adcb79,732b5e3d2b4a,15f7597c78de,732b5e3d2b4a-086,86,0,1,57,71,65,0.38
20261001T111152Z-8adcb79,732b5e3d2b4a,15f7597c78de,732b5e3d2b4a-087,87,0,1,56,55,64,0.46
20261001T111152Z-8adcb79,732b5e3d2b4a,15f7597c78de,732b5e3d2b4a-088,88,0,1,,105,63,0.36
20261001T111152Z-8adcb79,732b5e3d2b4a,15f7597c78de,732b5e3d2b4a-089,89,0,1,,,62,0.4
20261001T111152Z-8adcb79,732b5e3d2b4a,15f7597c78de,732b5e3d2b4a-090,90,0,1,,79,61,0.46
20261001T111152Z-8adcb79,732b5e3d2b4a,15f7597c78de,732b5e3d2b4a-091,91,0,1,,92,60,0.38
20261001T111152Z-8adcb79,732b5e3d2b4a,15f7597c78de,732b5e3d2b4a-092,92,0,1,55,52,59,0.4
20261001T111152Z-8adcb79,732b5e3d2b4a,15f7597c78de,732b5e3d2b4a-093,93,0,1,54,90,58,0.4
20261001T111152Z-8adcb79,732b5e3d2b4a,15f7597c78de,732b5e3d2b4a-094,94,0,1,53,133,57,0.39
20261001T111152Z-8adcb79,732b5e3d2b4a,15f7597c78de,732b5e3d2b4a-095,95,0,1,52,132,56,0.41
20261001T111152Z-8adcb79,732b5e3d2b4a,15f7597c78de,732b5e3d2b4a-096,96,0,1,51,126,55,0.32
20261001T111152Z-8adcb79,732b5e3d2b4a,15f7597c78de,732b5e3d2b4a-097,97,0,1,23,101,54,0.28
20261001T111152Z-8adcb79,732b5e3d2b4a,15f7597c78de,732b5e3d2b4a-098,98,0,1,22,110,53,0.33
20261001T111152Z-8adcb79,732b5e3d2b4a,15f7597c78de,732b5e3d2b4a-099,99,0,1,50,41,52,0.44
20261001T111152Z-8adcb79,732b5e3d2b4a,15f7597c78de,732b5e3d2b4a-100,100,0,1,21,77,51,0.31
20261001T111152Z-8adcb79,732b5e3d2b4a,15f7597c78de,732b5e3d2b4a-101,101,0,1,49,86,50,0.36
20261001T111152Z-8adcb79,732b5e3d2b4a,15f7597c78de,732b5e3d2b4a-102,102,0,1,20,109,49,0.35
20261001T111152Z-8adcb79,732b5e3d2b4a,15f7597c78de,732b5e3d2b4a-103,103,0,0,,,48,0.38
20261001T111152Z-8adcb79,732b5e3d2b4a,15f7597c78de,732b5e3d2b4a-104,104,1,0,,,47,0.52
20261001T111152Z-8adcb79,732b5e3d2b4a,15f7597c78de,732b5e3d2b4a-105,105,0,1,48,139,46,0.33
20261001T111152Z-8adcb79,732b5e3d2b4a,15f7597c78de,732b5e3d2b4a-106,106,1,1,,136,45,0.5
20261001T111152Z-8adcb79,732b5e3d2b4a,15f7597c78de,732b5e3d2b4a-107,107,0,1,,66,44,0.38
20261001T111152Z-8adcb79,732b5e3d2b4a,15f7597c78de,732b5e3d2b4a-108,108,0,1,19,37,43,0.34
20261001T111152Z-8adcb79,732b5e3d2b4a,15f7597c78de,732b5e3d2b4a-109,109,0,1,47,98,42,0.4
20261001T111152Z-8adcb79,732b5e3d2b4a,15f7597c78de,732b5e3d2b4a-110,110,0,1,4,40,41,0.39
20261001T111152Z-8adcb79,732b5e3d2b4a,15f7597c78de,732b5e3d2b4a-111,111,1,1,,67,40,0.52
20261001T111152Z-8adcb79,732b5e3d2b4a,15f7597c78de,732b5e3d2b4a-112,112,0,1,46,21,39,0.37
20261001T111152Z-8adcb79,732b5e3d2b4a,15f7597c78de,732b5e3d2b4a-113,113,0,1,,75,38,0.32
20261001T111152Z-8adcb79,732b5e3d2b4a,15f7597c78de,732b5e3d2b4a-114,114,0,1,,78,37,0.38
20261001T111152Z-8adcb79,732b5e3d2b4a,15f7597c78de,732b5e3d2b4a-115,115,0,1,,51,36,0.34
20261001T111152Z-8adcb79,732b5e3d2b4a,15f7597c78de,732b5e3d2b4a-116,116,0,1,45,4,35,0.39
20261001T111152Z-8adcb79,732b5e3d2b4a,15f7597c78de,732b5e3d2b4a-117,117,0,1,,9,34,0.46
20261001T111152Z-8adcb79,732b5e3d2b4a,15f7597c78de,732b5e3d2b4a-118,118,0,1,44,19,33,0.4
20261001T111152Z-8adcb79,732b5e3d2b4a,15f7597c78de,732b5e3d2b4a-119,119,0,1,43,17,32,0.49
20261001T111152Z-8adcb79,732b5e3d2b4a,15f7597c78de,732b5e3d2b4a-120,120,0,1,42,54,31,0.37
20261001T111152Z-8adcb79,732b5e3d2b4a,15f7597c78de,732b5e3d2b4a-121,121,0,1,10,1,30,0.4
20261001T111152Z-8adcb79,732b5e3d2b4a,15f7597c78de,732b5e3d2b4a-122,122,0,1,18,8,29,0.41
20261001T111152Z-8adcb79,732b5e3d2b4a,15f7597c78de,732b5e3d2b4a-123,123,0,1,41,82,28,0.44
20261001T111152Z-8adcb79,732b5e3d2b4a,15f7597c78de,732b5e3d2b4a-124,124,0,1,40,96,27,0.47
20261001T111152Z-8adcb79,732b5e3d2b4a,15f7597c78de,732b5e3d2b4a-125,125,0,1,39,23,26,0.46
20261001T111152Z-8adcb79,732b5e3d2b4a,15f7597c78de,732b5e3d2b4a-126,126,0,1,38,25,25,0.35
20261001T111152Z-8adcb79,732b5e3d2b4a,15f7597c78de,732b5e3d2b4a-127,127,0,1,37,27,24,0.32
20261001T111152Z-8adcb79,732b5e3d2b4a,15f7597c78de,732b5e3d2b4a-128,128,0,1,36,39,23,0.37
20261001T111152Z-8adcb79,732b5e3d2b4a,15f7597c78de,732b5e3d2b4a-129,129,0,1,17,111,22,0.39
20261001T111152Z-8adcb79,732b5e3d2b4a,15f7597c78de,732b5e3d2b4a-130,130,0,1,35,24,21,0.37
20261001T111152Z-8adcb79,732b5e3d2b4a,15f7597c78de,732b5e3d2b4a-131,131,0,1,1,38,20,0.38
20261001T111152Z-8adcb79,732b5e3d2b4a,15f7597c78de,732b5e3d2b4a-132,132,0,1,5,2,19,0.36
20261001T111152Z-8adcb79,732b5e3d2b4a,15f7597c78de,732b5e3d2b4a-133,133,0,1,2,70,18,0.39
20261001T111152Z-8adcb79,732b5e3d2b4a,15f7597c78de,732b5e3d2b4a-134,134,0,1,3,125,17,0.48
20261001T111152Z-8adcb79,732b5e3d2b4a,15f7597c78de,732b5e3d2b4a-135,135,0,1,16,107,16,0.35
20261001T111152Z-8adcb79,732b5e3d2b4a,15f7597c78de,732b5e3d2b4a-136,136,0,1,7,81,15,0.44
20261001T111152Z-8adcb79,732b5e3d2b4a,15f7597c78de,732b5e3d2b4a-137,137,0,0,,,14,0.46
20261001T111152Z-8adcb79,732b5e3d2b4a,15f7597c78de,732b5e3d2b4a-138,138,1,1,9,106,13,0.51
20261001T111152Z-8adcb79,732b5e3d2b4a,15f7597c78de,732b5e3d2b4a-139,139,1,1,34,68,12,0.53
20261001T111152Z-8adcb79,732b5e3d2b4a,15f7597c78de,732b5e3d2b4a-140,140,0,0,,72,11,0.41
20261001T111152Z-8adcb79,732b5e3d2b4a,15f7597c78de,732b5e3d2b4a-141,141,0,0,,7,10,0.36
20261001T111152Z-8adcb79,732b5e3d2b4a,15f7597c78de,732b5e3d2b4a-142,142,0,0,,3,9,0.41
20261001T111152Z-8adcb79,732b5e3d2b4a,15f7597c78de,732b5e3d2b4a-143,143,0,0,,61,8,0.35
20261001T111152Z-8adcb79,732b5e3d2b4a,15f7597c78de,732b5e3d2b4a-144,144,0,0,,10,7,0.45
20261001T111152Z-8adcb79,732b5e3d2b4a,15f7597c78de,732b5e3d2b4a-145,145,0,0,,18,6,0.39
20261001T111152Z-8adcb79,732b5e3d2b4a,15f7597c78de,732b5e3d2b4a-146,146,0,0,,26,5,0.32
20261001T111152Z-8adcb79,732b5e3d2b4a,15f7597c78de,732b5e3d2b4a-147,147,0,0,,36,4,0.39
20261001T111152Z-8adcb79,732b5e3d2b4a,15f7597c78de,732b5e3d2b4a-148,148,0,0,,62,3,0.37
20261001T111152Z-8adcb79,732b5e3d2b4a,15f7597c78de,732b5e3d2b4a-149,149,1,1,15,6,2,0.63
20261001T111152Z-8adcb79,732b5e3d2b4a,15f7597c78de,732b5e3d2b4a-150,150,0,1,33,94,1,0.46
20261001T111152Z-8adcb79,79fda4b6f423,0afd8613df00,79fda4b6f423-001,1,1,1,103,72,112,0.53
20261001T111152Z-8adcb79,79fda4b6f423,0afd8613df00,79fda4b6f423-002,2,0,1,76,37,111,0.42
20261001T111152Z-8adcb79,79fda4b6f423,0afd8613df00,79fda4b6f423-003,3,0,1,75,30,110,0.41
20261001T111152Z-8adcb79,79fda4b6f423,0afd8613df00,79fda4b6f423-004,4,0,1,18,34,109,0.32
20261001T111152Z-8adcb79,79fda4b6f423,0afd8613df00,79fda4b6f423-005,5,0,1,74,66,108,0.3
20261001T111152Z-8adcb79,79fda4b6f423,0afd8613df00,79fda4b6f423-006,6,0,1,102,62,107,0.41
20261001T111152Z-8adcb79,79fda4b6f423,0afd8613df00,79fda4b6f423-007,7,0,1,101,41,106,0.34
20261001T111152Z-8adcb79,79fda4b6f423,0afd8613df00,79fda4b6f423-008,8,0,1,,87,105,0.31
20261001T111152Z-8adcb79,79fda4b6f423,0afd8613df00,79fda4b6f423-009,9,0,1,100,75,104,0.36
20261001T111152Z-8adcb79,79fda4b6f423,0afd8613df00,79fda4b6f423-010,10,0,0,,,103,0.34
20261001T111152Z-8adcb79,79fda4b6f423,0afd8613df00,79fda4b6f423-011,11,0,0,,76,102,0.36
20261001T111152Z-8adcb79,79fda4b6f423,0afd8613df00,79fda4b6f423-012,12,0,1,99,43,101,0.28
20261001T111152Z-8adcb79,79fda4b6f423,0afd8613df00,79fda4b6f423-013,13,0,1,73,58,100,0.43
20261001T111152Z-8adcb79,79fda4b6f423,0afd8613df00,79fda4b6f423-014,14,0,1,98,10,99,0.46
20261001T111152Z-8adcb79,79fda4b6f423,0afd8613df00,79fda4b6f423-015,15,1,1,97,2,98,0.53
20261001T111152Z-8adcb79,79fda4b6f423,0afd8613df00,79fda4b6f423-016,16,0,1,96,8,97,0.39
20261001T111152Z-8adcb79,79fda4b6f423,0afd8613df00,79fda4b6f423-017,17,0,1,95,53,96,0.3
20261001T111152Z-8adcb79,79fda4b6f423,0afd8613df00,79fda4b6f423-018,18,0,1,,,95,0.3
20261001T111152Z-8adcb79,79fda4b6f423,0afd8613df00,79fda4b6f423-019,19,0,0,,4,94,0.29
20261001T111152Z-8adcb79,79fda4b6f423,0afd8613df00,79fda4b6f423-020,20,0,0,,36,93,0.32
20261001T111152Z-8adcb79,79fda4b6f423,0afd8613df00,79fda4b6f423-021,21,0,1,57,49,92,0.32
20261001T111152Z-8adcb79,79fda4b6f423,0afd8613df00,79fda4b6f423-022,22,0,1,,61,91,0.22
20261001T111152Z-8adcb79,79fda4b6f423,0afd8613df00,79fda4b6f423-023,23,0,1,94,40,90,0.22
20261001T111152Z-8adcb79,79fda4b6f423,0afd8613df00,79fda4b6f423-024,24,0,1,72,55,89,0.32
20261001T111152Z-8adcb79,79fda4b6f423,0afd8613df00,79fda4b6f423-025,25,0,1,71,51,88,0.33
20261001T111152Z-8adcb79,79fda4b6f423,0afd8613df00,79fda4b6f423-026,26,0,1,70,15,87,0.4
20261001T111152Z-8adcb79,79fda4b6f423,0afd8613df00,79fda4b6f423-027,27,0,1,69,33,86,0.45
20261001T111152Z-8adcb79,79fda4b6f423,0afd8613df00,79fda4b6f423-028,28,0,1,56,12,85,0.44
20261001T111152Z-8adcb79,79fda4b6f423,0afd8613df00,79fda4b6f423-029,29,0,1,68,77,84,0.41
20261001T111152Z-8adcb79,79fda4b6f423,0afd8613df00,79fda4b6f423-030,30,1,1,67,42,83,0.51
20261001T111152Z-8adcb79,79fda4b6f423,0afd8613df00,79fda4b6f423-031,31,0,1,50,32,82,0.36
20261001T111152Z-8adcb79,79fda4b6f423,0afd8613df00,79fda4b6f423-032,32,0,1,93,65,81,0.31
20261001T111152Z-8adcb79,79fda4b6f423,0afd8613df00,79fda4b6f423-033,33,0,1,15,70,80,0.35
20261001T111152Z-8adcb79,79fda4b6f423,0afd8613df00,79fda4b6f423-034,34,0,1,11,60,79,0.32
20261001T111152Z-8adcb79,79fda4b6f423,0afd8613df00,79fda4b6f423-035,35,0,1,35,31,78,0.39
20261001T111152Z-8adcb79,79fda4b6f423,0afd8613df00,79fda4b6f423-036,36,0,1,7,67,77,0.38
20261001T111152Z-8adcb79,79fda4b6f423,0afd8613df00,79fda4b6f423-037,37,0,1,92,64,76,0.49
20261001T111152Z-8adcb79,79fda4b6f423,0afd8613df00,79fda4b6f423-038,38,0,1,66,59,75,0.26
20261001T111152Z-8adcb79,79fda4b6f423,0afd8613df00,79fda4b6f423-039,39,0,1,14,83,74,0.34
20261001T111152Z-8adcb79,79fda4b6f423,0afd8613df00,79fda4b6f423-040,40,0,1,55,56,73,0.42
20261001T111152Z-8adcb79,79fda4b6f423,0afd8613df00,79fda4b6f423-041,41,0,1,17,,72,0.32
20261001T111152Z-8adcb79,79fda4b6f423,0afd8613df00,79fda4b6f423-042,42,0,1,49,46,71,0.2
20261001T111152Z-8adcb79,79fda4b6f423,0afd8613df00,79fda4b6f423-043,43,0,1,54,50,70,0.17
20261001T111152Z-8adcb79,79fda4b6f423,0afd8613df00,79fda4b6f423-044,44,0,1,25,47,69,0.25
20261001T111152Z-8adcb79,79fda4b6f423,0afd8613df00,79fda4b6f423-045,45,0,1,4,,68,0.36
20261001T111152Z-8adcb79,79fda4b6f423,0afd8613df00,79fda4b6f423-046,46,0,1,3,39,67,0.26
20261001T111152Z-8adcb79,79fda4b6f423,0afd8613df00,79fda4b6f423-047,47,0,1,48,52,66,0.42
20261001T111152Z-8adcb79,79fda4b6f423,0afd8613df00,79fda4b6f423-048,48,0,1,24,57,65,0.26
20261001T111152Z-8adcb79,79fda4b6f423,0afd8613df00,79fda4b6f423-049,49,0,1,91,44,64,0.37
20261001T111152Z-8adcb79,79fda4b6f423,0afd8613df00,79fda4b6f423-050,50,0,1,5,11,63,0.41
20261001T111152Z-8adcb79,79fda4b6f423,0afd8613df00,79fda4b6f423-051,51,0,1,23,19,62,0.24
20261001T111152Z-8adcb79,79fda4b6f423,0afd8613df00,79fda4b6f423-052,52,0,1,90,5,61,0.4
20261001T111152Z-8adcb79,79fda4b6f423,0afd8613df00,79fda4b6f423-053,53,0,1,89,16,60,0.31
20261001T111152Z-8adcb79,79fda4b6f423,0afd8613df00,79fda4b6f423-054,54,0,1,88,69,59,0.32
20261001T111152Z-8adcb79,79fda4b6f423,0afd8613df00,79fda4b6f423-055,55,0,1,87,,58,0.35
20261001T111152Z-8adcb79,79fda4b6f423,0afd8613df00,79fda4b6f423-056,56,0,1,65,63,57,0.37
20261001T111152Z-8adcb79,79fda4b6f423,0afd8613df00,79fda4b6f423-057,57,0,1,86,,56,0.45
20261001T111152Z-8adcb79,79fda4b6f423,0afd8613df00,79fda4b6f423-058,58,0,1,64,29,55,0.44
20261001T111152Z-8adcb79,79fda4b6f423,0afd8613df00,79fda4b6f423-059,59,0,1,22,,54,0.34
20261001T111152Z-8adcb79,79fda4b6f423,0afd8613df00,79fda4b6f423-060,60,0,1,63,17,53,0.41
20261001T111152Z-8adcb79,79fda4b6f423,0afd8613df00,79fda4b6f423-061,61,0,1,34,3,52,0.38
20261001T111152Z-8adcb79,79fda4b6f423,0afd8613df00,79fda4b6f423-062,62,0,1,21,20,51,0.3
20261001T111152Z-8adcb79,79fda4b6f423,0afd8613df00,79fda4b6f423-063,63,0,1,33,21,50,0.32
20261001T111152Z-8adcb79,79fda4b6f423,0afd8613df00,79fda4b6f423-064,64,0,1,47,22,49,0.36
20261001T111152Z-8adcb79,79fda4b6f423,0afd8613df00,79fda4b6f423-065,65,0,1,32,45,48,0.32
20261001T111152Z-8adcb79,79fda4b6f423,0afd8613df00,79fda4b6f423-066,66,0,1,46,54,47,0.28
20261001T111152Z-8adcb79,79fda4b6f423,0afd8613df00,79fda4b6f423-067,67,0,1,31,,46,0.24
20261001T111152Z-8adcb79,79fda4b6f423,0afd8613df00,79fda4b6f423-068,68,0,1,45,,45,0.27
20261001T111152Z-8adcb79,79fda4b6f423,0afd8613df00,79fda4b6f423-069,69,0,1,13,26,44,0.31
20261001T111152Z-8adcb79,79fda4b6f423,0afd8613df00,79fda4b6f423-070,70,0,1,44,85,43,0.32
20261001T111152Z-8adcb79,79fda4b6f423,0afd8613df00,79fda4b6f423-071,71,0,1,43,35,42,0.4
20261001T111152Z-8adcb79,79fda4b6f423,0afd8613df00,79fda4b6f423-072,72,0,1,10,14,41,0.38
20261001T111152Z-8adcb79,79fda4b6f423,0afd8613df00,79fda4b6f423-073,73,0,1,30,81,40,0.42
20261001T111152Z-8adcb79,79fda4b6f423,0afd8613df00,79fda4b6f423-074,74,0,1,42,84,39,0.41
20261001T111152Z-8adcb79,79fda4b6f423,0afd8613df00,79fda4b6f423-075,75,0,1,41,,38,0.28
20261001T111152Z-8adcb79,79fda4b6f423,0afd8613df00,79fda4b6f423-076,76,0,1,29,28,37,0.32
20261001T111152Z-8adcb79,79fda4b6f423,0afd8613df00,79fda4b6f423-077,77,0,1,62,,36,0.27
20261001T111152Z-8adcb79,79fda4b6f423,0afd8613df00,79fda4b6f423-078,78,0,1,12,71,35,0.25
20261001T111152Z-8adcb79,79fda4b6f423,0afd8613df00,79fda4b6f423-079,79,0,1,40,24,34,0.33
20261001T111152Z-8adcb79,79fda4b6f423,0afd8613df00,79fda4b6f423-080,80,0,1,39,38,33,0.33
20261001T111152Z-8adcb79,79fda4b6f423,0afd8613df00,79fda4b6f423-081,81,0,1,53,89,32,0.28
20261001T111152Z-8adcb79,79fda4b6f423,0afd8613df00,79fda4b6f423-082,82,0,1,38,86,31,0.46
20261001T111152Z-8adcb79,79fda4b6f423,0afd8613df00,79fda4b6f423-083,83,0,1,37,74,30,0.32
20261001T111152Z-8adcb79,79fda4b6f423,0afd8613df00,79fda4b6f423-084,84,0,1,52,88,29,0.39
20261001T111152Z-8adcb79,79fda4b6f423,0afd8613df00,79fda4b6f423-085,85,0,1,85,48,28,0.25
20261001T111152Z-8adcb79,79fda4b6f423,0afd8613df00,79fda4b6f423-086,86,0,1,9,,27,0.27
20261001T111152Z-8adcb79,79fda4b6f423,0afd8613df00,79fda4b6f423-087,87,0,1,28,82,26,0.41
20261001T111152Z-8adcb79,79fda4b6f423,0afd8613df00,79fda4b6f423-088,88,0,1,20,91,25,0.45
20261001T111152Z-8adcb79,79fda4b6f423,0afd8613df00,79fda4b6f423-089,89,0,1,16,,24,0.31
20261001T111152Z-8adcb79,79fda4b6f423,0afd8613df00,79fda4b6f423-090,90,0,1,61,68,23,0.38
20261001T111152Z-8adcb79,79fda4b6f423,0afd8613df00,79fda4b6f423-091,91,0,1,6,80,22,0.24
20261001T111152Z-8adcb79,79fda4b6f423,0afd8613df00,79fda4b6f423-092,92,0,1,60,,21,0.32
20261001T111152Z-8adcb79,79fda4b6f423,0afd8613df00,79fda4b6f423-093,93,0,1,59,79,20,0.32
20261001T111152Z-8adcb79,79fda4b6f423,0afd8613df00,79fda4b6f423-094,94,0,0,,90,19,0.21
20261001T111152Z-8adcb79,79fda4b6f423,0afd8613df00,79fda4b6f423-095,95,0,0,,,18,0.25
20261001T111152Z-8adcb79,79fda4b6f423,0afd8613df00,79fda4b6f423-096,96,0,1,1,,17,0.28
20261001T111152Z-8adcb79,79fda4b6f423,0afd8613df00,79fda4b6f423-097,97,0,1,19,73,16,0.36
20261001T111152Z-8adcb79,79fda4b6f423,0afd8613df00,79fda4b6f423-098,98,1,1,84,,15,0.5
20261001T111152Z-8adcb79,79fda4b6f423,0afd8613df00,79fda4b6f423-099,99,0,1,36,,14,0.43
20261001T111152Z-8adcb79,79fda4b6f423,0afd8613df00,79fda4b6f423-100,100,0,1,2,25,13,0.3
20261001T111152Z-8adcb79,79fda4b6f423,0afd8613df00,79fda4b6f423-101,101,0,1,8,1,12,0.39
20261001T111152Z-8adcb79,79fda4b6f423,0afd8613df00,79fda4b6f423-102,102,0,1,83,13,11,0.38
20261001T111152Z-8adcb79,79fda4b6f423,0afd8613df00,79fda4b6f423-103,103,0,1,82,7,10,0.45
20261001T111152Z-8adcb79,79fda4b6f423,0afd8613df00,79fda4b6f423-104,104,0,1,81,9,9,0.43
20261001T111152Z-8adcb79,79fda4b6f423,0afd8613df00,79fda4b6f423-105,105,0,1,80,6,8,0.42
20261001T111152Z-8adcb79,79fda4b6f423,0afd8613df00,79fda4b6f423-106,106,0,1,51,,7,0.3
20261001T111152Z-8adcb79,79fda4b6f423,0afd8613df00,79fda4b6f423-107,107,0,1,27,78,6,0.27
20261001T111152Z-8adcb79,79fda4b6f423,0afd8613df00,79fda4b6f423-108,108,0,1,26,,5,0.22
20261001T111152Z-8adcb79,79fda4b6f423,0afd8613df00,79fda4b6f423-109,109,0,1,79,,4,0.39
20261001T111152Z-8adcb79,79fda4b6f423,0afd8613df00,79fda4b6f423-110,110,0,1,78,27,3,0.36
20261001T111152Z-8adcb79,79fda4b6f423,0afd8613df00,79fda4b6f423-111,111,0,1,77,23,2,0.32
20261001T111152Z-8adcb79,79fda4b6f423,0afd8613df00,79fda4b6f423-112,112,0,1,58,18,1,0.44
20261001T111152Z-8adcb79,7a09a04a8bf8,34ce4ea44846,7a09a04a8bf8-001,1,0,1,,45,54,0.44
20261001T111152Z-8adcb79,7a09a04a8bf8,34ce4ea44846,7a09a04a8bf8-002,2,0,1,,29,53,0.35
20261001T111152Z-8adcb79,7a09a04a8bf8,34ce4ea44846,7a09a04a8bf8-003,3,0,1,,11,52,0.21
20261001T111152Z-8adcb79,7a09a04a8bf8,34ce4ea44846,7a09a04a8bf8-004,4,0,1,,39,51,0.24
20261001T111152Z-8adcb79,7a09a04a8bf8,34ce4ea44846,7a09a04a8bf8-005,5,0,1,,53,50,0.27
20261001T111152Z-8adcb79,7a09a04a8bf8,34ce4ea44846,7a09a04a8bf8-006,6,0,1,,,49,0.33
20261001T111152Z-8adcb79,7a09a04a8bf8,34ce4ea44846,7a09a04a8bf8-007,7,0,1,,49,48,0.31
20261001T111152Z-8adcb79,7a09a04a8bf8,34ce4ea44846,7a09a04a8bf8-008,8,0,1,,38,47,0.3
20261001T111152Z-8adcb79,7a09a04a8bf8,34ce4ea44846,7a09a04a8bf8-009,9,0,1,,34,46,0.36
20261001T111152Z-8adcb79,7a09a04a8bf8,34ce4ea44846,7a09a04a8bf8-010,10,0,1,,41,45,0.34
20261001T111152Z-8adcb79,7a09a04a8bf8,34ce4ea44846,7a09a04a8bf8-011,11,0,1,,46,44,0.33
20261001T111152Z-8adcb79,7a09a04a8bf8,34ce4ea44846,7a09a04a8bf8-012,12,0,0,,47,43,0.27
20261001T111152Z-8adcb79,7a09a04a8bf8,34ce4ea44846,7a09a04a8bf8-013,13,0,1,,28,42,0.37
20261001T111152Z-8adcb79,7a09a04a8bf8,34ce4ea44846,7a09a04a8bf8-014,14,0,1,,13,41,0.24
20261001T111152Z-8adcb79,7a09a04a8bf8,34ce4ea44846,7a09a04a8bf8-015,15,0,1,,22,40,0.22
20261001T111152Z-8adcb79,7a09a04a8bf8,34ce4ea44846,7a09a04a8bf8-016,16,0,1,,33,39,0.3
20261001T111152Z-8adcb79,7a09a04a8bf8,34ce4ea44846,7a09a04a8bf8-017,17,0,1,,24,38,0.3
20261001T111152Z-8adcb79,7a09a04a8bf8,34ce4ea44846,7a09a04a8bf8-018,18,0,1,,42,37,0.39
20261001T111152Z-8adcb79,7a09a04a8bf8,34ce4ea44846,7a09a04a8bf8-019,19,0,1,6,18,36,0.28
20261001T111152Z-8adcb79,7a09a04a8bf8,34ce4ea44846,7a09a04a8bf8-020,20,0,1,,12,35,0.16
20261001T111152Z-8adcb79,7a09a04a8bf8,34ce4ea44846,7a09a04a8bf8-021,21,0,1,,10,34,0.22
20261001T111152Z-8adcb79,7a09a04a8bf8,34ce4ea44846,7a09a04a8bf8-022,22,0,0,,8,33,0.3
20261001T111152Z-8adcb79,7a09a04a8bf8,34ce4ea44846,7a09a04a8bf8-023,23,0,1,,1,32,0.2
20261001T111152Z-8adcb79,7a09a04a8bf8,34ce4ea44846,7a09a04a8bf8-024,24,0,1,5,9,31,0.2
20261001T111152Z-8adcb79,7a09a04a8bf8,34ce4ea44846,7a09a04a8bf8-025,25,0,1,4,14,30,0.23
20261001T111152Z-8adcb79,7a09a04a8bf8,34ce4ea44846,7a09a04a8bf8-026,26,0,0,,5,29,0.36
20261001T111152Z-8adcb79,7a09a04a8bf8,34ce4ea44846,7a09a04a8bf8-027,27,0,1,13,23,28,0.34
20261001T111152Z-8adcb79,7a09a04a8bf8,34ce4ea44846,7a09a04a8bf8-028,28,0,1,,32,27,0.35
20261001T111152Z-8adcb79,7a09a04a8bf8,34ce4ea44846,7a09a04a8bf8-029,29,0,1,,19,26,0.32
20261001T111152Z-8adcb79,7a09a04a8bf8,34ce4ea44846,7a09a04a8bf8-030,30,0,1,,50,25,0.26
20261001T111152Z-8adcb79,7a09a04a8bf8,34ce4ea44846,7a09a04a8bf8-031,31,0,1,,26,24,0.28
20261001T111152Z-8adcb79,7a09a04a8bf8,34ce4ea44846,7a09a04a8bf8-032,32,0,1,,36,23,0.32
20261001T111152Z-8adcb79,7a09a04a8bf8,34ce4ea44846,7a09a04a8bf8-033,33,0,1,,27,22,0.27
20261001T111152Z-8adcb79,7a09a04a8bf8,34ce4ea44846,7a09a04a8bf8-034,34,0,1,,40,21,0.36
20261001T111152Z-8adcb79,7a09a04a8bf8,34ce4ea44846,7a09a04a8bf8-035,35,0,1,,15,20,0.26
20261001T111152Z-8adcb79,7a09a04a8bf8,34ce4ea44846,7a09a04a8bf8-036,36,0,1,12,30,19,0.3
20261001T111152Z-8adcb79,7a09a04a8bf8,34ce4ea44846,7a09a04a8bf8-037,37,0,1,,31,18,0.36
20261001T111152Z-8adcb79,7a09a04a8bf8,34ce4ea44846,7a09a04a8bf8-038,38,0,1,,37,17,0.39
20261001T111152Z-8adcb79,7a09a04a8bf8,34ce4ea44846,7a09a04a8bf8-039,39,0,1,3,44,16,0.37
20261001T111152Z-8adcb79,7a09a04a8bf8,34ce4ea44846,7a09a04a8bf8-040,40,0,1,,52,15,0.3
20261001T111152Z-8adcb79,7a09a04a8bf8,34ce4ea44846,7a09a04a8bf8-041,41,0,1,,7,14,0.3
20261001T111152Z-8adcb79,7a09a04a8bf8,34ce4ea44846,7a09a04a8bf8-042,42,0,1,,16,13,0.34
20261001T111152Z-8adcb79,7a09a04a8bf8,34ce4ea44846,7a09a04a8bf8-043,43,0,1,,21,12,0.39
20261001T111152Z-8adcb79,7a09a04a8bf8,34ce4ea44846,7a09a04a8bf8-044,44,0,1,,35,11,0.29
20261001T111152Z-8adcb79,7a09a04a8bf8,34ce4ea44846,7a09a04a8bf8-045,45,0,1,,25,10,0.27
20261001T111152Z-8adcb79,7a09a04a8bf8,34ce4ea44846,7a09a04a8bf8-046,46,0,1,2,20,9,0.26
20261001T111152Z-8adcb79,7a09a04a8bf8,34ce4ea44846,7a09a04a8bf8-047,47,0,1,1,17,8,0.31
20261001T111152Z-8adcb79,7a09a04a8bf8,34ce4ea44846,7a09a04a8bf8-048,48,0,1,9,4,7,0.23
20261001T111152Z-8adcb79,7a09a04a8bf8,34ce4ea44846,7a09a04a8bf8-049,49,0,1,11,43,6,0.23
20261001T111152Z-8adcb79,7a09a04a8bf8,34ce4ea44846,7a09a04a8bf8-050,50,0,0,,6,5,0.18
20261001T111152Z-8adcb79,7a09a04a8bf8,34ce4ea44846,7a09a04a8bf8-051,51,0,1,7,51,4,0.29
20261001T111152Z-8adcb79,7a09a04a8bf8,34ce4ea44846,7a09a04a8bf8-052,52,0,1,8,3,3,0.25
20261001T111152Z-8adcb79,7a09a04a8bf8,34ce4ea44846,7a09a04a8bf8-053,53,0,1,10,48,2,0.39
20261001T111152Z-8adcb79,7a09a04a8bf8,34ce4ea44846,7a09a04a8bf8-054,54,0,0,,2,1,0.39
20261001T111152Z-8adcb79,81ede30a33a1,d1a4b481f07f,81ede30a33a1-001,1,1,1,17,8,53,0.55
20261001T111152Z-8adcb79,81ede30a33a1,d1a4b481f07f,81ede30a33a1-002,2,1,1,53,7,52,0.53
20261001T111152Z-8adcb79,81ede30a33a1,d1a4b481f07f,81ede30a33a1-003,3,1,1,52,4,51,0.62
20261001T111152Z-8adcb79,81ede30a33a1,d1a4b481f07f,81ede30a33a1-004,4,1,1,51,3,50,0.58
20261001T111152Z-8adcb79,81ede30a33a1,d1a4b481f07f,81ede30a33a1-005,5,1,1,50,1,49,0.66
20261001T111152Z-8adcb79,81ede30a33a1,d1a4b481f07f,81ede30a33a1-006,6,1,1,42,11,48,0.52
20261001T111152Z-8adcb79,81ede30a33a1,d1a4b481f07f,81ede30a33a1-007,7,1,1,41,24,47,0.55
20261001T111152Z-8adcb79,81ede30a33a1,d1a4b481f07f,81ede30a33a1-008,8,0,1,25,50,46,0.49
20261001T111152Z-8adcb79,81ede30a33a1,d1a4b481f07f,81ede30a33a1-009,9,0,1,40,44,45,0.38
20261001T111152Z-8adcb79,81ede30a33a1,d1a4b481f07f,81ede30a33a1-010,10,0,1,33,46,44,0.47
20261001T111152Z-8adcb79,81ede30a33a1,d1a4b481f07f,81ede30a33a1-011,11,1,1,5,34,43,0.58
20261001T111152Z-8adcb79,81ede30a33a1,d1a4b481f07f,81ede30a33a1-012,12,1,1,16,26,42,0.52
20261001T111152Z-8adcb79,81ede30a33a1,d1a4b481f07f,81ede30a33a1-013,13,1,1,15,28,41,0.56
20261001T111152Z-8adcb79,81ede30a33a1,d1a4b481f07f,81ede30a33a1-014,14,1,1,14,25,40,0.56
20261001T111152Z-8adcb79,81ede30a33a1,d1a4b481f07f,81ede30a33a1-015,15,1,1,39,15,39,0.57
20261001T111152Z-8adcb79,81ede30a33a1,d1a4b481f07f,81ede30a33a1-016,16,0,1,49,17,38,0.49
20261001T111152Z-8adcb79,81ede30a33a1,d1a4b481f07f,81ede30a33a1-017,17,1,1,48,10,37,0.57
20261001T111152Z-8adcb79,81ede30a33a1,d1a4b481f07f,81ede30a33a1-018,18,0,1,47,2,36,0.46
20261001T111152Z-8adcb79,81ede30a33a1,d1a4b481f07f,81ede30a33a1-019,19,1,1,24,45,35,0.59
20261001T111152Z-8adcb79,81ede30a33a1,d1a4b481f07f,81ede30a33a1-020,20,0,1,23,47,34,0.42
20261001T111152Z-8adcb79,81ede30a33a1,d1a4b481f07f,81ede30a33a1-021,21,0,1,32,53,33,0.48
20261001T111152Z-8adcb79,81ede30a33a1,d1a4b481f07f,81ede30a33a1-022,22,1,1,6,6,32,0.6
20261001T111152Z-8adcb79,81ede30a33a1,d1a4b481f07f,81ede30a33a1-023,23,1,1,13,31,31,0.59
20261001T111152Z-8adcb79,81ede30a33a1,d1a4b481f07f,81ede30a33a1-024,24,1,1,22,43,30,0.55
20261001T111152Z-8adcb79,81ede30a33a1,d1a4b481f07f,81ede30a33a1-025,25,1,1,38,21,29,0.56
20261001T111152Z-8adcb79,81ede30a33a1,d1a4b481f07f,81ede30a33a1-026,26,0,1,46,37,28,0.44
20261001T111152Z-8adcb79,81ede30a33a1,d1a4b481f07f,81ede30a33a1-027,27,0,1,37,29,27,0.49
20261001T111152Z-8adcb79,81ede30a33a1,d1a4b481f07f,81ede30a33a1-028,28,1,1,21,13,26,0.58
20261001T111152Z-8adcb79,81ede30a33a1,d1a4b481f07f,81ede30a33a1-029,29,1,1,20,48,25,0.65
20261001T111152Z-8adcb79,81ede30a33a1,d1a4b481f07f,81ede30a33a1-030,30,1,1,19,19,24,0.6
20261001T111152Z-8adcb79,81ede30a33a1,d1a4b481f07f,81ede30a33a1-031,31,1,1,31,52,23,0.54
20261001T111152Z-8adcb79,81ede30a33a1,d1a4b481f07f,81ede30a33a1-032,32,1,1,9,40,22,0.53
20261001T111152Z-8adcb79,81ede30a33a1,d1a4b481f07f,81ede30a33a1-033,33,1,1,8,18,21,0.6
20261001T111152Z-8adcb79,81ede30a33a1,d1a4b481f07f,81ede30a33a1-034,34,1,1,30,35,20,0.53
20261001T111152Z-8adcb79,81ede30a33a1,d1a4b481f07f,81ede30a33a1-035,35,1,1,29,30,19,0.57
20261001T111152Z-8adcb79,81ede30a33a1,d1a4b481f07f,81ede30a33a1-036,36,1,1,18,14,18,0.57
20261001T111152Z-8adcb79,81ede30a33a1,d1a4b481f07f,81ede30a33a1-037,37,1,1,28,49,17,0.54
20261001T111152Z-8adcb79,81ede30a33a1,d1a4b481f07f,81ede30a33a1-038,38,1,1,27,23,16,0.52
20261001T111152Z-8adcb79,81ede30a33a1,d1a4b481f07f,81ede30a33a1-039,39,1,1,36,42,15,0.64
20261001T111152Z-8adcb79,81ede30a33a1,d1a4b481f07f,81ede30a33a1-040,40,1,1,35,51,14,0.64
20261001T111152Z-8adcb79,81ede30a33a1,d1a4b481f07f,81ede30a33a1-041,41,1,1,45,16,13,0.55
20261001T111152Z-8adcb79,81ede30a33a1,d1a4b481f07f,81ede30a33a1-042,42,0,1,3,41,12,0.44
20261001T111152Z-8adcb79,81ede30a33a1,d1a4b481f07f,81ede30a33a1-043,43,1,1,44,5,11,0.51
20261001T111152Z-8adcb79,81ede30a33a1,d1a4b481f07f,81ede30a33a1-044,44,1,1,7,32,10,0.59
20261001T111152Z-8adcb79,81ede30a33a1,d1a4b481f07f,81ede30a33a1-045,45,1,1,34,36,9,0.59
20261001T111152Z-8adcb79,81ede30a33a1,d1a4b481f07f,81ede30a33a1-046,46,1,1,43,20,8,0.6
20261001T111152Z-8adcb79,81ede30a33a1,d1a4b481f07f,81ede30a33a1-047,47,0,1,4,38,7,0.46
20261001T111152Z-8adcb79,81ede30a33a1,d1a4b481f07f,81ede30a33a1-048,48,1,1,12,39,6,0.51
20261001T111152Z-8adcb79,81ede30a33a1,d1a4b481f07f,81ede30a33a1-049,49,1,1,26,12,5,0.55
20261001T111152Z-8adcb79,81ede30a33a1,d1a4b481f07f,81ede30a33a1-050,50,1,1,11,27,4,0.58
20261001T111152Z-8adcb79,81ede30a33a1,d1a4b481f07f,81ede30a33a1-051,51,0,1,10,9,3,0.43
20261001T111152Z-8adcb79,81ede30a33a1,d1a4b481f07f,81ede30a33a1-052,52,0,1,1,33,2,0.44
20261001T111152Z-8adcb79,81ede30a33a1,d1a4b481f07f,81ede30a33a1-053,53,1,1,2,22,1,0.52
20261001T111152Z-8adcb79,84b09d5d23b0,19101cd92bc9,84b09d5d23b0-001,1,0,1,54,31,100,0.3
20261001T111152Z-8adcb79,84b09d5d23b0,19101cd92bc9,84b09d5d23b0-002,2,0,0,,57,99,0.36
20261001T111152Z-8adcb79,84b09d5d23b0,19101cd92bc9,84b09d5d23b0-003,3,0,1,,34,98,0.25
20261001T111152Z-8adcb79,84b09d5d23b0,19101cd92bc9,84b09d5d23b0-004,4,0,1,,27,97,0.39
20261001T111152Z-8adcb79,84b09d5d23b0,19101cd92bc9,84b09d5d23b0-005,5,0,1,,14,96,0.41
20261001T111152Z-8adcb79,84b09d5d23b0,19101cd92bc9,84b09d5d23b0-006,6,0,1,,9,95,0.34
20261001T111152Z-8adcb79,84b09d5d23b0,19101cd92bc9,84b09d5d23b0-007,7,0,1,,18,94,0.35
20261001T111152Z-8adcb79,84b09d5d23b0,19101cd92bc9,84b09d5d23b0-008,8,0,1,,43,93,0.18
20261001T111152Z-8adcb79,84b09d5d23b0,19101cd92bc9,84b09d5d23b0-009,9,1,1,,44,92,0.51
20261001T111152Z-8adcb79,84b09d5d23b0,19101cd92bc9,84b09d5d23b0-010,10,0,1,,76,91,0.16
20261001T111152Z-8adcb79,84b09d5d23b0,19101cd92bc9,84b09d5d23b0-011,11,0,1,,90,90,0.26
20261001T111152Z-8adcb79,84b09d5d23b0,19101cd92bc9,84b09d5d23b0-012,12,0,1,,74,89,0.25
20261001T111152Z-8adcb79,84b09d5d23b0,19101cd92bc9,84b09d5d23b0-013,13,0,1,72,75,88,0.2
20261001T111152Z-8adcb79,84b09d5d23b0,19101cd92bc9,84b09d5d23b0-014,14,0,1,,30,87,0.48
20261001T111152Z-8adcb79,84b09d5d23b0,19101cd92bc9,84b09d5d23b0-015,15,0,1,,50,86,0.32
20261001T111152Z-8adcb79,84b09d5d23b0,19101cd92bc9,84b09d5d23b0-016,16,0,1,16,52,85,0.3
20261001T111152Z-8adcb79,84b09d5d23b0,19101cd92bc9,84b09d5d23b0-017,17,0,1,15,7,84,0.3
20261001T111152Z-8adcb79,84b09d5d23b0,19101cd92bc9,84b09d5d23b0-018,18,0,1,53,54,83,0.33
20261001T111152Z-8adcb79,84b09d5d23b0,19101cd92bc9,84b09d5d23b0-019,19,0,1,36,5,82,0.26
20261001T111152Z-8adcb79,84b09d5d23b0,19101cd92bc9,84b09d5d23b0-020,20,0,1,52,87,81,0.28
20261001T111152Z-8adcb79,84b09d5d23b0,19101cd92bc9,84b09d5d23b0-021,21,0,1,51,49,80,0.2
20261001T111152Z-8adcb79,84b09d5d23b0,19101cd92bc9,84b09d5d23b0-022,22,0,1,,62,79,0.22
20261001T111152Z-8adcb79,84b09d5d23b0,19101cd92bc9,84b09d5d23b0-023,23,0,1,71,36,78,0.18
20261001T111152Z-8adcb79,84b09d5d23b0,19101cd92bc9,84b09d5d23b0-024,24,0,1,77,60,77,0.39
20261001T111152Z-8adcb79,84b09d5d23b0,19101cd92bc9,84b09d5d23b0-025,25,0,1,23,51,76,0.33
20261001T111152Z-8adcb79,84b09d5d23b0,19101cd92bc9,84b09d5d23b0-026,26,0,1,70,96,75,0.25
20261001T111152Z-8adcb79,84b09d5d23b0,19101cd92bc9,84b09d5d23b0-027,27,0,1,,63,74,0.22
20261001T111152Z-8adcb79,84b09d5d23b0,19101cd92bc9,84b09d5d23b0-028,28,0,1,69,8,73,0.39
20261001T111152Z-8adcb79,84b09d5d23b0,19101cd92bc9,84b09d5d23b0-029,29,0,1,76,45,72,0.3
20261001T111152Z-8adcb79,84b09d5d23b0,19101cd92bc9,84b09d5d23b0-030,30,0,1,,26,71,0.27
20261001T111152Z-8adcb79,84b09d5d23b0,19101cd92bc9,84b09d5d23b0-031,31,0,1,35,58,70,0.23
20261001T111152Z-8adcb79,84b09d5d23b0,19101cd92bc9,84b09d5d23b0-032,32,0,1,,19,69,0.24
20261001T111152Z-8adcb79,84b09d5d23b0,19101cd92bc9,84b09d5d23b0-033,33,0,1,68,93,68,0.24
20261001T111152Z-8adcb79,84b09d5d23b0,19101cd92bc9,84b09d5d23b0-034,34,0,1,,88,67,0.21
20261001T111152Z-8adcb79,84b09d5d23b0,19101cd92bc9,84b09d5d23b0-035,35,0,1,67,85,66,0.22
20261001T111152Z-8adcb79,84b09d5d23b0,19101cd92bc9,84b09d5d23b0-036,36,0,1,50,59,65,0.22
20261001T111152Z-8adcb79,84b09d5d23b0,19101cd92bc9,84b09d5d23b0-037,37,0,1,49,66,64,0.23
20261001T111152Z-8adcb79,84b09d5d23b0,19101cd92bc9,84b09d5d23b0-038,38,0,1,48,65,63,0.25
20261001T111152Z-8adcb79,84b09d5d23b0,19101cd92bc9,84b09d5d23b0-039,39,0,1,47,100,62,0.22
20261001T111152Z-8adcb79,84b09d5d23b0,19101cd92bc9,84b09d5d23b0-040,40,0,1,,83,61,0.24
20261001T111152Z-8adcb79,84b09d5d23b0,19101cd92bc9,84b09d5d23b0-041,41,0,1,,41,60,0.29
20261001T111152Z-8adcb79,84b09d5d23b0,19101cd92bc9,84b09d5d23b0-042,42,0,1,,48,59,0.31
20261001T111152Z-8adcb79,84b09d5d23b0,19101cd92bc9,84b09d5d23b0-043,43,0,1,34,46,58,0.2
20261001T111152Z-8adcb79,84b09d5d23b0,19101cd92bc9,84b09d5d23b0-044,44,0,1,22,68,57,0.2
20261001T111152Z-8adcb79,84b09d5d23b0,19101cd92bc9,84b09d5d23b0-045,45,0,1,9,67,56,0.23
20261001T111152Z-8adcb79,84b09d5d23b0,19101cd92bc9,84b09d5d23b0-046,46,0,1,66,86,55,0.18
20261001T111152Z-8adcb79,84b09d5d23b0,19101cd92bc9,84b09d5d23b0-047,47,0,1,65,53,54,0.21
20261001T111152Z-8adcb79,84b09d5d23b0,19101cd92bc9,84b09d5d23b0-048,48,0,1,75,15,53,0.32
20261001T111152Z-8adcb79,84b09d5d23b0,19101cd92bc9,84b09d5d23b0-049,49,0,1,46,25,52,0.21
20261001T111152Z-8adcb79,84b09d5d23b0,19101cd92bc9,84b09d5d23b0-050,50,0,1,,28,51,0.34
20261001T111152Z-8adcb79,84b09d5d23b0,19101cd92bc9,84b09d5d23b0-051,51,0,1,,29,50,0.4
20261001T111152Z-8adcb79,84b09d5d23b0,19101cd92bc9,84b09d5d23b0-052,52,0,1,45,81,49,0.2
20261001T111152Z-8adcb79,84b09d5d23b0,19101cd92bc9,84b09d5d23b0-053,53,0,1,74,11,48,0.21
20261001T111152Z-8adcb79,84b09d5d23b0,19101cd92bc9,84b09d5d23b0-054,54,0,1,64,64,47,0.27
20261001T111152Z-8adcb79,84b09d5d23b0,19101cd92bc9,84b09d5d23b0-055,55,0,1,44,13,46,0.24
20261001T111152Z-8adcb79,84b09d5d23b0,19101cd92bc9,84b09d5d23b0-056,56,0,1,33,22,45,0.25
20261001T111152Z-8adcb79,84b09d5d23b0,19101cd92bc9,84b09d5d23b0-057,57,0,1,43,23,44,0.21
20261001T111152Z-8adcb79,84b09d5d23b0,19101cd92bc9,84b09d5d23b0-058,58,0,1,63,6,43,0.29
20261001T111152Z-8adcb79,84b09d5d23b0,19101cd92bc9,84b09d5d23b0-059,59,0,1,62,35,42,0.29
20261001T111152Z-8adcb79,84b09d5d23b0,19101cd92bc9,84b09d5d23b0-060,60,0,1,10,37,41,0.36
20261001T111152Z-8adcb79,84b09d5d23b0,19101cd92bc9,84b09d5d23b0-061,61,0,1,21,56,40,0.24
20261001T111152Z-8adcb79,84b09d5d23b0,19101cd92bc9,84b09d5d23b0-062,62,0,1,42,24,39,0.19
20261001T111152Z-8adcb79,84b09d5d23b0,19101cd92bc9,84b09d5d23b0-063,63,0,1,20,89,38,0.2
20261001T111152Z-8adcb79,84b09d5d23b0,19101cd92bc9,84b09d5d23b0-064,64,0,1,61,80,37,0.33
20261001T111152Z-8adcb79,84b09d5d23b0,19101cd92bc9,84b09d5d23b0-065,65,0,1,32,79,36,0.23
20261001T111152Z-8adcb79,84b09d5d23b0,19101cd92bc9,84b09d5d23b0-066,66,0,1,14,12,35,0.23
20261001T111152Z-8adcb79,84b09d5d23b0,19101cd92bc9,84b09d5d23b0-067,67,0,1,60,4,34,0.27
20261001T111152Z-8adcb79,84b09d5d23b0,19101cd92bc9,84b09d5d23b0-068,68,0,1,59,2,33,0.27
20261001T111152Z-8adcb79,84b09d5d23b0,19101cd92bc9,84b09d5d23b0-069,69,0,1,6,95,32,0.18
20261001T111152Z-8adcb79,84b09d5d23b0,19101cd92bc9,84b09d5d23b0-070,70,0,1,31,98,31,0.2
20261001T111152Z-8adcb79,84b09d5d23b0,19101cd92bc9,84b09d5d23b0-071,71,0,1,41,32,30,0.29
20261001T111152Z-8adcb79,84b09d5d23b0,19101cd92bc9,84b09d5d23b0-072,72,0,1,13,82,29,0.22
20261001T111152Z-8adcb79,84b09d5d23b0,19101cd92bc9,84b09d5d23b0-073,73,0,1,19,72,28,0.2
20261001T111152Z-8adcb79,84b09d5d23b0,19101cd92bc9,84b09d5d23b0-074,74,0,1,30,97,27,0.23
20261001T111152Z-8adcb79,84b09d5d23b0,19101cd92bc9,84b09d5d23b0-075,75,0,1,40,33,26,0.23
20261001T111152Z-8adcb79,84b09d5d23b0,19101cd92bc9,84b09d5d23b0-076,76,0,1,39,17,25,0.28
20261001T111152Z-8adcb79,84b09d5d23b0,19101cd92bc9,84b09d5d23b0-077,77,0,1,38,55,24,0.28
20261001T111152Z-8adcb79,84b09d5d23b0,19101cd92bc9,84b09d5d23b0-078,78,0,1,29,61,23,0.19
20261001T111152Z-8adcb79,84b09d5d23b0,19101cd92bc9,84b09d5d23b0-079,79,0,1,58,21,22,0.21
20261001T111152Z-8adcb79,84b09d5d23b0,19101cd92bc9,84b09d5d23b0-080,80,0,1,18,39,21,0.19
20261001T111152Z-8adcb79,84b09d5d23b0,19101cd92bc9,84b09d5d23b0-081,81,0,1,28,69,20,0.19
20261001T111152Z-8adcb79,84b09d5d23b0,19101cd92bc9,84b09d5d23b0-082,82,0,1,17,73,19,0.25
20261001T111152Z-8adcb79,84b09d5d23b0,19101cd92bc9,84b09d5d23b0-083,83,0,1,27,84,18,0.33
20261001T111152Z-8adcb79,84b09d5d23b0,19101cd92bc9,84b09d5d23b0-084,84,0,1,26,77,17,0.18
20261001T111152Z-8adcb79,84b09d5d23b0,19101cd92bc9,84b09d5d23b0-085,85,0,1,4,71,16,0.21
20261001T111152Z-8adcb79,84b09d5d23b0,19101cd92bc9,84b09d5d23b0-086,86,0,1,25,16,15,0.21
20261001T111152Z-8adcb79,84b09d5d23b0,19101cd92bc9,84b09d5d23b0-087,87,0,1,12,92,14,0.24
20261001T111152Z-8adcb79,84b09d5d23b0,19101cd92bc9,84b09d5d23b0-088,88,0,1,8,40,13,0.21
20261001T111152Z-8adcb79,84b09d5d23b0,19101cd92bc9,84b09d5d23b0-089,89,0,1,57,47,12,0.23
20261001T111152Z-8adcb79,84b09d5d23b0,19101cd92bc9,84b09d5d23b0-090,90,0,1,73,94,11,0.25
20261001T111152Z-8adcb79,84b09d5d23b0,19101cd92bc9,84b09d5d23b0-091,91,0,1,56,99,10,0.29
20261001T111152Z-8adcb79,84b09d5d23b0,19101cd92bc9,84b09d5d23b0-092,92,0,1,24,70,9,0.32
20261001T111152Z-8adcb79,84b09d5d23b0,19101cd92bc9,84b09d5d23b0-093,93,0,1,11,78,8,0.22
20261001T111152Z-8adcb79,84b09d5d23b0,19101cd92bc9,84b09d5d23b0-094,94,0,1,1,91,7,0.27
20261001T111152Z-8adcb79,84b09d5d23b0,19101cd92bc9,84b09d5d23b0-095,95,0,1,7,20,6,0.23
20261001T111152Z-8adcb79,84b09d5d23b0,19101cd92bc9,84b09d5d23b0-096,96,0,1,55,1,5,0.31
20261001T111152Z-8adcb79,84b09d5d23b0,19101cd92bc9,84b09d5d23b0-097,97,0,1,2,38,4,0.25
20261001T111152Z-8adcb79,84b09d5d23b0,19101cd92bc9,84b09d5d23b0-098,98,0,1,37,10,3,0.29
20261001T111152Z-8adcb79,84b09d5d23b0,19101cd92bc9,84b09d5d23b0-099,99,0,1,5,42,2,0.2
20261001T111152Z-8adcb79,84b09d5d23b0,19101cd92bc9,84b09d5d23b0-100,100,0,1,3,3,1,0.27
20261001T111152Z-8adcb79,940c5e76bb5a,3891295cfcc1,940c5e76bb5a-001,1,0,1,,138,150,0.44
20261001T111152Z-8adcb79,940c5e76bb5a,3891295cfcc1,940c5e76bb5a-002,2,0,1,59,91,149,0.45
20261001T111152Z-8adcb79,940c5e76bb5a,3891295cfcc1,940c5e76bb5a-003,3,1,1,117,88,148,0.54
20261001T111152Z-8adcb79,940c5e76bb5a,3891295cfcc1,940c5e76bb5a-004,4,0,1,116,143,147,0.49
20261001T111152Z-8adcb79,940c5e76bb5a,3891295cfcc1,940c5e76bb5a-005,5,0,1,,132,146,0.45
20261001T111152Z-8adcb79,940c5e76bb5a,3891295cfcc1,940c5e76bb5a-006,6,0,1,4,42,145,0.45
20261001T111152Z-8adcb79,940c5e76bb5a,3891295cfcc1,940c5e76bb5a-007,7,1,1,,123,144,0.54
20261001T111152Z-8adcb79,940c5e76bb5a,3891295cfcc1,940c5e76bb5a-008,8,0,1,,92,143,0.47
20261001T111152Z-8adcb79,940c5e76bb5a,3891295cfcc1,940c5e76bb5a-009,9,0,1,31,46,142,0.41
20261001T111152Z-8adcb79,940c5e76bb5a,3891295cfcc1,940c5e76bb5a-010,10,0,1,17,99,141,0.45
20261001T111152Z-8adcb79,940c5e76bb5a,3891295cfcc1,940c5e76bb5a-011,11,1,1,115,134,140,0.52
20261001T111152Z-8adcb79,940c5e76bb5a,3891295cfcc1,940c5e76bb5a-012,12,0,0,,,139,0.36
20261001T111152Z-8adcb79,940c5e76bb5a,3891295cfcc1,940c5e76bb5a-013,13,0,0,,,138,0.38
20261001T111152Z-8adcb79,940c5e76bb5a,3891295cfcc1,940c5e76bb5a-014,14,0,0,,,137,0.34
20261001T111152Z-8adcb79,940c5e76bb5a,3891295cfcc1,940c5e76bb5a-015,15,0,1,25,68,136,0.45
20261001T111152Z-8adcb79,940c5e76bb5a,3891295cfcc1,940c5e76bb5a-016,16,0,1,114,115,135,0.42
20261001T111152Z-8adcb79,940c5e76bb5a,3891295cfcc1,940c5e76bb5a-017,17,0,1,52,85,134,0.31
20261001T111152Z-8adcb79,940c5e76bb5a,3891295cfcc1,940c5e76bb5a-018,18,0,1,113,136,133,0.42
20261001T111152Z-8adcb79,940c5e76bb5a,3891295cfcc1,940c5e76bb5a-019,19,0,0,,77,132,0.3
20261001T111152Z-8adcb79,940c5e76bb5a,3891295cfcc1,940c5e76bb5a-020,20,0,1,112,108,131,0.26
20261001T111152Z-8adcb79,940c5e76bb5a,3891295cfcc1,940c5e76bb5a-021,21,0,1,51,94,130,0.3
20261001T111152Z-8adcb79,940c5e76bb5a,3891295cfcc1,940c5e76bb5a-022,22,1,1,,107,129,0.5
20261001T111152Z-8adcb79,940c5e76bb5a,3891295cfcc1,940c5e76bb5a-023,23,1,1,58,58,128,0.5
20261001T111152Z-8adcb79,940c5e76bb5a,3891295cfcc1,940c5e76bb5a-024,24,1,1,73,102,127,0.57
20261001T111152Z-8adcb79,940c5e76bb5a,3891295cfcc1,940c5e76bb5a-025,25,0,1,26,112,126,0.47
20261001T111152Z-8adcb79,940c5e76bb5a,3891295cfcc1,940c5e76bb5a-026,26,1,1,43,34,125,0.51
20261001T111152Z-8adcb79,940c5e76bb5a,3891295cfcc1,940c5e76bb5a-027,27,0,0,,121,124,0.32
20261001T111152Z-8adcb79,940c5e76bb5a,3891295cfcc1,940c5e76bb5a-028,28,0,1,,140,123,0.46
20261001T111152Z-8adcb79,940c5e76bb5a,3891295cfcc1,940c5e76bb5a-029,29,0,1,111,96,122,0.49
20261001T111152Z-8adcb79,940c5e76bb5a,3891295cfcc1,940c5e76bb5a-030,30,0,1,110,120,121,0.49
20261001T111152Z-8adcb79,940c5e76bb5a,3891295cfcc1,940c5e76bb5a-031,31,0,1,39,114,120,0.41
20261001T111152Z-8adcb79,940c5e76bb5a,3891295cfcc1,940c5e76bb5a-032,32,1,1,50,129,119,0.61
20261001T111152Z-8adcb79,940c5e76bb5a,3891295cfcc1,940c5e76bb5a-033,33,0,1,109,133,118,0.41
20261001T111152Z-8adcb79,940c5e76bb5a,3891295cfcc1,940c5e76bb5a-034,34,0,1,72,84,117,0.49
20261001T111152Z-8adcb79,940c5e76bb5a,3891295cfcc1,940c5e76bb5a-035,35,0,1,21,75,116,0.36
20261001T111152Z-8adcb79,940c5e76bb5a,3891295cfcc1,940c5e76bb5a-036,36,0,1,38,105,115,0.4
20261001T111152Z-8adcb79,940c5e76bb5a,3891295cfcc1,940c5e76bb5a-037,37,0,0,,,114,0.31
20261001T111152Z-8adcb79,940c5e76bb5a,3891295cfcc1,940c5e76bb5a-038,38,0,1,,139,113,0.47
20261001T111152Z-8adcb79,940c5e76bb5a,3891295cfcc1,940c5e76bb5a-039,39,0,1,108,130,112,0.31
20261001T111152Z-8adcb79,940c5e76bb5a,3891295cfcc1,940c5e76bb5a-040,40,0,1,107,101,111,0.35
20261001T111152Z-8adcb79,940c5e76bb5a,3891295cfcc1,940c5e76bb5a-041,41,0,1,106,89,110,0.3
20261001T111152Z-8adcb79,940c5e76bb5a,3891295cfcc1,940c5e76bb5a-042,42,0,1,42,125,109,0.26
20261001T111152Z-8adcb79,940c5e76bb5a,3891295cfcc1,940c5e76bb5a-043,43,0,1,105,116,108,0.39
20261001T111152Z-8adcb79,940c5e76bb5a,3891295cfcc1,940c5e76bb5a-044,44,0,1,104,144,107,0.43
20261001T111152Z-8adcb79,940c5e76bb5a,3891295cfcc1,940c5e76bb5a-045,45,0,1,71,95,106,0.47
20261001T111152Z-8adcb79,940c5e76bb5a,3891295cfcc1,940c5e76bb5a-046,46,0,1,103,90,105,0.43
20261001T111152Z-8adcb79,940c5e76bb5a,3891295cfcc1,940c5e76bb5a-047,47,0,0,,2,104,0.45
20261001T111152Z-8adcb79,940c5e76bb5a,3891295cfcc1,940c5e76bb5a-048,48,1,1,,24,103,0.62
20261001T111152Z-8adcb79,940c5e76bb5a,3891295cfcc1,940c5e76bb5a-049,49,0,1,34,12,102,0.44
20261001T111152Z-8adcb79,940c5e76bb5a,3891295cfcc1,940c5e76bb5a-050,50,0,1,102,61,101,0.37
20261001T111152Z-8adcb79,940c5e76bb5a,3891295cfcc1,940c5e76bb5a-051,51,1,1,101,83,100,0.59
20261001T111152Z-8adcb79,940c5e76bb5a,3891295cfcc1,940c5e76bb5a-052,52,1,1,,54,99,0.57
20261001T111152Z-8adcb79,940c5e76bb5a,3891295cfcc1,940c5e76bb5a-053,53,0,1,49,65,98,0.48
20261001T111152Z-8adcb79,940c5e76bb5a,3891295cfcc1,940c5e76bb5a-054,54,0,1,22,35,97,0.44
20261001T111152Z-8adcb79,940c5e76bb5a,3891295cfcc1,940c5e76bb5a-055,55,1,1,,37,96,0.61
20261001T111152Z-8adcb79,940c5e76bb5a,3891295cfcc1,940c5e76bb5a-056,56,1,1,70,81,95,0.58
20261001T111152Z-8adcb79,940c5e76bb5a,3891295cfcc1,940c5e76bb5a-057,57,0,1,57,76,94,0.41
20261001T111152Z-8adcb79,940c5e76bb5a,3891295cfcc1,940c5e76bb5a-058,58,0,0,,23,93,0.49
20261001T111152Z-8adcb79,940c5e76bb5a,3891295cfcc1,940c5e76bb5a-059,59,1,1,,72,92,0.55
20261001T111152Z-8adcb79,940c5e76bb5a,3891295cfcc1,940c5e76bb5a-060,60,0,1,16,47,91,0.34
20261001T111152Z-8adcb79,940c5e76bb5a,3891295cfcc1,940c5e76bb5a-061,61,0,1,100,119,90,0.33
20261001T111152Z-8adcb79,940c5e76bb5a,3891295cfcc1,940c5e76bb5a-062,62,0,1,69,135,89,0.46
20261001T111152Z-8adcb79,940c5e76bb5a,3891295cfcc1,940c5e76bb5a-063,63,0,1,99,64,88,0.43
20261001T111152Z-8adcb79,940c5e76bb5a,3891295cfcc1,940c5e76bb5a-064,64,0,1,,67,87,0.48
20261001T111152Z-8adcb79,940c5e76bb5a,3891295cfcc1,940c5e76bb5a-065,65,0,1,11,59,86,0.45
20261001T111152Z-8adcb79,940c5e76bb5a,3891295cfcc1,940c5e76bb5a-066,66,0,1,33,57,85,0.48
20261001T111152Z-8adcb79,940c5e76bb5a,3891295cfcc1,940c5e76bb5a-067,67,0,1,30,110,84,0.29
20261001T111152Z-8adcb79,940c5e76bb5a,3891295cfcc1,940c5e76bb5a-068,68,0,1,29,118,83,0.28
20261001T111152Z-8adcb79,940c5e76bb5a,3891295cfcc1,940c5e76bb5a-069,69,0,1,28,117,82,0.41
20261001T111152Z-8adcb79,940c5e76bb5a,3891295cfcc1,940c5e76bb5a-070,70,0,0,,,81,0.34
20261001T111152Z-8adcb79,940c5e76bb5a,3891295cfcc1,940c5e76bb5a-071,71,0,1,,109,80,0.44
20261001T111152Z-8adcb79,940c5e76bb5a,3891295cfcc1,940c5e76bb5a-072,72,1,1,,80,79,0.58
20261001T111152Z-8adcb79,940c5e76bb5a,3891295cfcc1,940c5e76bb5a-073,73,1,1,48,100,78,0.55
20261001T111152Z-8adcb79,940c5e76bb5a,3891295cfcc1,940c5e76bb5a-074,74,0,1,56,97,77,0.36
20261001T111152Z-8adcb79,940c5e76bb5a,3891295cfcc1,940c5e76bb5a-075,75,1,1,,21,76,0.58
20261001T111152Z-8adcb79,940c5e76bb5a,3891295cfcc1,940c5e76bb5a-076,76,0,1,24,28,75,0.45
20261001T111152Z-8adcb79,940c5e76bb5a,3891295cfcc1,940c5e76bb5a-077,77,1,1,27,53,74,0.53
20261001T111152Z-8adcb79,940c5e76bb5a,3891295cfcc1,940c5e76bb5a-078,78,0,0,,128,73,0.35
20261001T111152Z-8adcb79,940c5e76bb5a,3891295cfcc1,940c5e76bb5a-079,79,1,1,,4,72,0.53
20261001T111152Z-8adcb79,940c5e76bb5a,3891295cfcc1,940c5e76bb5a-080,80,1,1,98,66,71,0.53
20261001T111152Z-8adcb79,940c5e76bb5a,3891295cfcc1,940c5e76bb5a-081,81,0,1,14,79,70,0.43
20261001T111152Z-8adcb79,940c5e76bb5a,3891295cfcc1,940c5e76bb5a-082,82,0,1,97,98,69,0.45
20261001T111152Z-8adcb79,940c5e76bb5a,3891295cfcc1,940c5e76bb5a-083,83,0,1,96,124,68,0.24
20261001T111152Z-8adcb79,940c5e76bb5a,3891295cfcc1,940c5e76bb5a-084,84,0,1,68,111,67,0.36
20261001T111152Z-8adcb79,940c5e76bb5a,3891295cfcc1,940c5e76bb5a-085,85,0,1,41,142,66,0.44
20261001T111152Z-8adcb79,940c5e76bb5a,3891295cfcc1,940c5e76bb5a-086,86,0,1,,39,65,0.41
20261001T111152Z-8adcb79,940c5e76bb5a,3891295cfcc1,940c5e76bb5a-087,87,0,1,95,52,64,0.44
20261001T111152Z-8adcb79,940c5e76bb5a,3891295cfcc1,940c5e76bb5a-088,88,0,1,67,122,63,0.46
20261001T111152Z-8adcb79,940c5e76bb5a,3891295cfcc1,940c5e76bb5a-089,89,0,1,66,145,62,0.49
20261001T111152Z-8adcb79,940c5e76bb5a,3891295cfcc1,940c5e76bb5a-090,90,0,1,,15,61,0.45
20261001T111152Z-8adcb79,940c5e76bb5a,3891295cfcc1,940c5e76bb5a-091,91,1,1,94,78,60,0.51
20261001T111152Z-8adcb79,940c5e76bb5a,3891295cfcc1,940c5e76bb5a-092,92,1,1,65,131,59,0.57
20261001T111152Z-8adcb79,940c5e76bb5a,3891295cfcc1,940c5e76bb5a-093,93,0,1,93,38,58,0.41
20261001T111152Z-8adcb79,940c5e76bb5a,3891295cfcc1,940c5e76bb5a-094,94,1,1,92,63,57,0.53
20261001T111152Z-8adcb79,940c5e76bb5a,3891295cfcc1,940c5e76bb5a-095,95,0,1,15,31,56,0.42
20261001T111152Z-8adcb79,940c5e76bb5a,3891295cfcc1,940c5e76bb5a-096,96,0,1,91,86,55,0.39
20261001T111152Z-8adcb79,940c5e76bb5a,3891295cfcc1,940c5e76bb5a-097,97,1,1,,29,54,0.59
20261001T111152Z-8adcb79,940c5e76bb5a,3891295cfcc1,940c5e76bb5a-098,98,0,1,13,44,53,0.43
20261001T111152Z-8adcb79,940c5e76bb5a,3891295cfcc1,940c5e76bb5a-099,99,0,1,90,50,52,0.35
20261001T111152Z-8adcb79,940c5e76bb5a,3891295cfcc1,940c5e76bb5a-100,100,1,1,,40,51,0.5
20261001T111152Z-8adcb79,940c5e76bb5a,3891295cfcc1,940c5e76bb5a-101,101,1,1,,104,50,0.57
20261001T111152Z-8adcb79,940c5e76bb5a,3891295cfcc1,940c5e76bb5a-102,102,0,1,19,22,49,0.44
20261001T111152Z-8adcb79,940c5e76bb5a,3891295cfcc1,940c5e76bb5a-103,103,0,1,18,7,48,0.49
20261001T111152Z-8adcb79,940c5e76bb5a,3891295cfcc1,940c5e76bb5a-104,104,1,1,89,16,47,0.54
20261001T111152Z-8adcb79,940c5e76bb5a,3891295cfcc1,940c5e76bb5a-105,105,0,1,20,9,46,0.47
20261001T111152Z-8adcb79,940c5e76bb5a,3891295cfcc1,940c5e76bb5a-106,106,0,1,37,127,45,0.41
20261001T111152Z-8adcb79,940c5e76bb5a,3891295cfcc1,940c5e76bb5a-107,107,1,1,88,25,44,0.51
20261001T111152Z-8adcb79,940c5e76bb5a,3891295cfcc1,940c5e76bb5a-108,108,0,1,47,19,43,0.45
20261001T111152Z-8adcb79,940c5e76bb5a,3891295cfcc1,940c5e76bb5a-109,109,1,0,,1,42,0.52
20261001T111152Z-8adcb79,940c5e76bb5a,3891295cfcc1,940c5e76bb5a-110,110,0,1,2,26,41,0.49
20261001T111152Z-8adcb79,940c5e76bb5a,3891295cfcc1,940c5e76bb5a-111,111,1,1,64,20,40,0.59
20261001T111152Z-8adcb79,940c5e76bb5a,3891295cfcc1,940c5e76bb5a-112,112,0,1,7,30,39,0.43
20261001T111152Z-8adcb79,940c5e76bb5a,3891295cfcc1,940c5e76bb5a-113,113,1,1,63,8,38,0.68
20261001T111152Z-8adcb79,940c5e76bb5a,3891295cfcc1,940c5e76bb5a-114,114,1,1,40,48,37,0.62
20261001T111152Z-8adcb79,940c5e76bb5a,3891295cfcc1,940c5e76bb5a-115,115,0,1,36,27,36,0.4
20261001T111152Z-8adcb79,940c5e76bb5a,3891295cfcc1,940c5e76bb5a-116,116,0,1,9,13,35,0.41
20261001T111152Z-8adcb79,940c5e76bb5a,3891295cfcc1,940c5e76bb5a-117,117,1,1,87,103,34,0.53
20261001T111152Z-8adcb79,940c5e76bb5a,3891295cfcc1,940c5e76bb5a-118,118,0,1,62,45,33,0.4
20261001T111152Z-8adcb79,940c5e76bb5a,3891295cfcc1,940c5e76bb5a-119,119,1,1,86,93,32,0.54
20261001T111152Z-8adcb79,940c5e76bb5a,3891295cfcc1,940c5e76bb5a-120,120,0,1,32,113,31,0.33
20261001T111152Z-8adcb79,940c5e76bb5a,3891295cfcc1,940c5e76bb5a-121,121,0,1,61,51,30,0.47
20261001T111152Z-8adcb79,940c5e76bb5a,3891295cfcc1,940c5e76bb5a-122,122,0,0,,49,29,0.41
20261001T111152Z-8adcb79,940c5e76bb5a,3891295cfcc1,940c5e76bb5a-123,123,0,1,85,126,28,0.47
20261001T111152Z-8adcb79,940c5e76bb5a,3891295cfcc1,940c5e76bb5a-124,124,0,1,46,82,27,0.35
20261001T111152Z-8adcb79,940c5e76bb5a,3891295cfcc1,940c5e76bb5a-125,125,0,1,55,73,26,0.44
20261001T111152Z-8adcb79,940c5e76bb5a,3891295cfcc1,940c5e76bb5a-126,126,1,1,84,5,25,0.65
20261001T111152Z-8adcb79,940c5e76bb5a,3891295cfcc1,940c5e76bb5a-127,127,1,1,83,71,24,0.57
20261001T111152Z-8adcb79,940c5e76bb5a,3891295cfcc1,940c5e76bb5a-128,128,0,1,8,17,23,0.42
20261001T111152Z-8adcb79,940c5e76bb5a,3891295cfcc1,940c5e76bb5a-129,129,1,1,23,41,22,0.59
20261001T111152Z-8adcb79,940c5e76bb5a,3891295cfcc1,940c5e76bb5a-130,130,1,1,82,62,21,0.52
20261001T111152Z-8adcb79,940c5e76bb5a,3891295cfcc1,940c5e76bb5a-131,131,0,1,81,43,20,0.35
20261001T111152Z-8adcb79,940c5e76bb5a,3891295cfcc1,940c5e76bb5a-132,132,1,1,45,55,19,0.51
20261001T111152Z-8adcb79,940c5e76bb5a,3891295cfcc1,940c5e76bb5a-133,133,0,1,60,87,18,0.44
20261001T111152Z-8adcb79,940c5e76bb5a,3891295cfcc1,940c5e76bb5a-134,134,1,1,80,106,17,0.59
20261001T111152Z-8adcb79,940c5e76bb5a,3891295cfcc1,940c5e76bb5a-135,135,1,1,79,60,16,0.58
20261001T111152Z-8adcb79,940c5e76bb5a,3891295cfcc1,940c5e76bb5a-136,136,0,1,3,36,15,0.48
20261001T111152Z-8adcb79,940c5e76bb5a,3891295cfcc1,940c5e76bb5a-137,137,0,1,78,70,14,0.47
20261001T111152Z-8adcb79,940c5e76bb5a,3891295cfcc1,940c5e76bb5a-138,138,1,1,44,32,13,0.56
20261001T111152Z-8adcb79,940c5e76bb5a,3891295cfcc1,940c5e76bb5a-139,139,0,1,5,14,12,0.48
20261001T111152Z-8adcb79,940c5e76bb5a,3891295cfcc1,940c5e76bb5a-140,140,1,1,54,10,11,0.63
20261001T111152Z-8adcb79,940c5e76bb5a,3891295cfcc1,940c5e76bb5a-141,141,0,1,35,141,10,0.39
20261001T111152Z-8adcb79,940c5e76bb5a,3891295cfcc1,940c5e76bb5a-142,142,0,1,1,18,9,0.48
20261001T111152Z-8adcb79,940c5e76bb5a,3891295cfcc1,940c5e76bb5a-143,143,1,1,53,3,8,0.58
20261001T111152Z-8adcb79,940c5e76bb5a,3891295cfcc1,940c5e76bb5a-144,144,0,1,6,6,7,0.42
20261001T111152Z-8adcb79,940c5e76bb5a,3891295cfcc1,940c5e76bb5a-145,145,1,1,12,33,6,0.53
20261001T111152Z-8adcb79,940c5e76bb5a,3891295cfcc1,940c5e76bb5a-146,146,0,1,77,74,5,0.43
20261001T111152Z-8adcb79,940c5e76bb5a,3891295cfcc1,940c5e76bb5a-147,147,1,1,76,11,4,0.62
20261001T111152Z-8adcb79,940c5e76bb5a,3891295cfcc1,940c5e76bb5a-148,148,1,1,75,137,3,0.5
20261001T111152Z-8adcb79,940c5e76bb5a,3891295cfcc1,940c5e76bb5a-149,149,0,1,10,56,2,0.44
20261001T111152Z-8adcb79,940c5e76bb5a,3891295cfcc1,940c5e76bb5a-150,150,0,1,74,69,1,0.47
20261001T111152Z-8adcb79,950db4bcdbdb,3891295cfcc1,950db4bcdbdb-001,1,0,1,30,121,150,0.29
20261001T111152Z-8adcb79,950db4bcdbdb,3891295cfcc1,950db4bcdbdb-002,2,0,1,114,95,149,0.42
20261001T111152Z-8adcb79,950db4bcdbdb,3891295cfcc1,950db4bcdbdb-003,3,0,0,,,148,0.33
20261001T111152Z-8adcb79,950db4bcdbdb,3891295cfcc1,950db4bcdbdb-004,4,0,1,26,101,147,0.33
20261001T111152Z-8adcb79,950db4bcdbdb,3891295cfcc1,950db4bcdbdb-005,5,0,1,41,131,146,0.44
20261001T111152Z-8adcb79,950db4bcdbdb,3891295cfcc1,950db4bcdbdb-006,6,0,1,,109,145,0.45
20261001T111152Z-8adcb79,950db4bcdbdb,3891295cfcc1,950db4bcdbdb-007,7,0,1,113,73,144,0.36
20261001T111152Z-8adcb79,950db4bcdbdb,3891295cfcc1,950db4bcdbdb-008,8,0,1,52,139,143,0.36
20261001T111152Z-8adcb79,950db4bcdbdb,3891295cfcc1,950db4bcdbdb-009,9,0,1,70,88,142,0.32
20261001T111152Z-8adcb79,950db4bcdbdb,3891295cfcc1,950db4bcdbdb-010,10,0,0,,134,141,0.25
20261001T111152Z-8adcb79,950db4bcdbdb,3891295cfcc1,950db4bcdbdb-011,11,0,0,,42,140,0.42
20261001T111152Z-8adcb79,950db4bcdbdb,3891295cfcc1,950db4bcdbdb-012,12,0,1,112,129,139,0.3
20261001T111152Z-8adcb79,950db4bcdbdb,3891295cfcc1,950db4bcdbdb-013,13,1,1,,40,138,0.51
20261001T111152Z-8adcb79,950db4bcdbdb,3891295cfcc1,950db4bcdbdb-014,14,0,1,69,26,137,0.33
20261001T111152Z-8adcb79,950db4bcdbdb,3891295cfcc1,950db4bcdbdb-015,15,0,1,68,35,136,0.35
20261001T111152Z-8adcb79,950db4bcdbdb,3891295cfcc1,950db4bcdbdb-016,16,0,1,111,41,135,0.42
20261001T111152Z-8adcb79,950db4bcdbdb,3891295cfcc1,950db4bcdbdb-017,17,0,1,51,32,134,0.46
20261001T111152Z-8adcb79,950db4bcdbdb,3891295cfcc1,950db4bcdbdb-018,18,0,1,25,90,133,0.37
20261001T111152Z-8adcb79,950db4bcdbdb,3891295cfcc1,950db4bcdbdb-019,19,0,1,67,,132,0.45
20261001T111152Z-8adcb79,950db4bcdbdb,3891295cfcc1,950db4bcdbdb-020,20,0,1,66,61,131,0.41
20261001T111152Z-8adcb79,950db4bcdbdb,3891295cfcc1,950db4bcdbdb-021,21,0,1,40,71,130,0.47
20261001T111152Z-8adcb79,950db4bcdbdb,3891295cfcc1,950db4bcdbdb-022,22,0,1,110,65,129,0.28
20261001T111152Z-8adcb79,950db4bcdbdb,3891295cfcc1,950db4bcdbdb-023,23,0,1,109,72,128,0.43
20261001T111152Z-8adcb79,950db4bcdbdb,3891295cfcc1,950db4bcdbdb-024,24,1,1,108,68,127,0.6
20261001T111152Z-8adcb79,950db4bcdbdb,3891295cfcc1,950db4bcdbdb-025,25,0,1,50,81,126,0.39
20261001T111152Z-8adcb79,950db4bcdbdb,3891295cfcc1,950db4bcdbdb-026,26,0,1,39,38,125,0.29
20261001T111152Z-8adcb79,950db4bcdbdb,3891295cfcc1,950db4bcdbdb-027,27,0,1,107,123,124,0.37
20261001T111152Z-8adcb79,950db4bcdbdb,3891295cfcc1,950db4bcdbdb-028,28,0,1,106,75,123,0.43
20261001T111152Z-8adcb79,950db4bcdbdb,3891295cfcc1,950db4bcdbdb-029,29,1,1,65,138,122,0.51
20261001T111152Z-8adcb79,950db4bcdbdb,3891295cfcc1,950db4bcdbdb-030,30,0,1,64,122,121,0.39
20261001T111152Z-8adcb79,950db4bcdbdb,3891295cfcc1,950db4bcdbdb-031,31,1,1,63,69,120,0.5
20261001T111152Z-8adcb79,950db4bcdbdb,3891295cfcc1,950db4bcdbdb-032,32,0,1,,108,119,0.41
20261001T111152Z-8adcb79,950db4bcdbdb,3891295cfcc1,950db4bcdbdb-033,33,0,1,62,132,118,0.49
20261001T111152Z-8adcb79,950db4bcdbdb,3891295cfcc1,950db4bcdbdb-034,34,0,1,105,,117,0.49
20261001T111152Z-8adcb79,950db4bcdbdb,3891295cfcc1,950db4bcdbdb-035,35,0,1,61,57,116,0.37
20261001T111152Z-8adcb79,950db4bcdbdb,3891295cfcc1,950db4bcdbdb-036,36,0,1,104,86,115,0.39
20261001T111152Z-8adcb79,950db4bcdbdb,3891295cfcc1,950db4bcdbdb-037,37,1,1,103,21,114,0.71
20261001T111152Z-8adcb79,950db4bcdbdb,3891295cfcc1,950db4bcdbdb-038,38,1,1,102,6,113,0.68
20261001T111152Z-8adcb79,950db4bcdbdb,3891295cfcc1,950db4bcdbdb-039,39,1,1,49,58,112,0.5
20261001T111152Z-8adcb79,950db4bcdbdb,3891295cfcc1,950db4bcdbdb-040,40,0,1,,102,111,0.47
20261001T111152Z-8adcb79,950db4bcdbdb,3891295cfcc1,950db4bcdbdb-041,41,1,1,,1,110,0.5
20261001T111152Z-8adcb79,950db4bcdbdb,3891295cfcc1,950db4bcdbdb-042,42,0,1,,111,109,0.49
20261001T111152Z-8adcb79,950db4bcdbdb,3891295cfcc1,950db4bcdbdb-043,43,0,1,60,87,108,0.45
20261001T111152Z-8adcb79,950db4bcdbdb,3891295cfcc1,950db4bcdbdb-044,44,1,1,101,44,107,0.59
20261001T111152Z-8adcb79,950db4bcdbdb,3891295cfcc1,950db4bcdbdb-045,45,1,1,100,15,106,0.52
20261001T111152Z-8adcb79,950db4bcdbdb,3891295cfcc1,950db4bcdbdb-046,46,0,1,,,105,0.41
20261001T111152Z-8adcb79,950db4bcdbdb,3891295cfcc1,950db4bcdbdb-047,47,0,1,7,3,104,0.47
20261001T111152Z-8adcb79,950db4bcdbdb,3891295cfcc1,950db4bcdbdb-048,48,1,1,,107,103,0.53
20261001T111152Z-8adcb79,950db4bcdbdb,3891295cfcc1,950db4bcdbdb-049,49,0,1,,98,102,0.43
20261001T111152Z-8adcb79,950db4bcdbdb,3891295cfcc1,950db4bcdbdb-050,50,0,1,38,8,101,0.41
20261001T111152Z-8adcb79,950db4bcdbdb,3891295cfcc1,950db4bcdbdb-051,51,0,1,14,20,100,0.28
20261001T111152Z-8adcb79,950db4bcdbdb,3891295cfcc1,950db4bcdbdb-052,52,1,1,99,130,99,0.51
20261001T111152Z-8adcb79,950db4bcdbdb,3891295cfcc1,950db4bcdbdb-053,53,1,0,,,98,0.51
20261001T111152Z-8adcb79,950db4bcdbdb,3891295cfcc1,950db4bcdbdb-054,54,0,0,,,97,0.34
20261001T111152Z-8adcb79,950db4bcdbdb,3891295cfcc1,950db4bcdbdb-055,55,0,0,,,96,0.35
20261001T111152Z-8adcb79,950db4bcdbdb,3891295cfcc1,950db4bcdbdb-056,56,0,1,22,92,95,0.36
20261001T111152Z-8adcb79,950db4bcdbdb,3891295cfcc1,950db4bcdbdb-057,57,0,1,98,94,94,0.37
20261001T111152Z-8adcb79,950db4bcdbdb,3891295cfcc1,950db4bcdbdb-058,58,0,1,48,51,93,0.22
20261001T111152Z-8adcb79,950db4bcdbdb,3891295cfcc1,950db4bcdbdb-059,59,0,1,97,125,92,0.35
20261001T111152Z-8adcb79,950db4bcdbdb,3891295cfcc1,950db4bcdbdb-060,60,0,0,,46,91,0.3
20261001T111152Z-8adcb79,950db4bcdbdb,3891295cfcc1,950db4bcdbdb-061,61,0,1,96,120,90,0.22
20261001T111152Z-8adcb79,950db4bcdbdb,3891295cfcc1,950db4bcdbdb-062,62,0,1,47,53,89,0.21
20261001T111152Z-8adcb79,950db4bcdbdb,3891295cfcc1,950db4bcdbdb-063,63,0,1,,74,88,0.44
20261001T111152Z-8adcb79,950db4bcdbdb,3891295cfcc1,950db4bcdbdb-064,64,0,1,59,80,87,0.47
20261001T111152Z-8adcb79,950db4bcdbdb,3891295cfcc1,950db4bcdbdb-065,65,1,1,37,83,86,0.57
20261001T111152Z-8adcb79,950db4bcdbdb,3891295cfcc1,950db4bcdbdb-066,66,0,1,13,56,85,0.36
20261001T111152Z-8adcb79,950db4bcdbdb,3891295cfcc1,950db4bcdbdb-067,67,0,1,58,64,84,0.37
20261001T111152Z-8adcb79,950db4bcdbdb,3891295cfcc1,950db4bcdbdb-068,68,0,0,,,83,0.33
20261001T111152Z-8adcb79,950db4bcdbdb,3891295cfcc1,950db4bcdbdb-069,69,0,1,,77,82,0.44
20261001T111152Z-8adcb79,950db4bcdbdb,3891295cfcc1,950db4bcdbdb-070,70,0,1,95,66,81,0.45
20261001T111152Z-8adcb79,950db4bcdbdb,3891295cfcc1,950db4bcdbdb-071,71,0,1,94,136,80,0.4
20261001T111152Z-8adcb79,950db4bcdbdb,3891295cfcc1,950db4bcdbdb-072,72,0,1,24,128,79,0.44
20261001T111152Z-8adcb79,950db4bcdbdb,3891295cfcc1,950db4bcdbdb-073,73,1,1,36,93,78,0.55
20261001T111152Z-8adcb79,950db4bcdbdb,3891295cfcc1,950db4bcdbdb-074,74,0,1,93,100,77,0.38
20261001T111152Z-8adcb79,950db4bcdbdb,3891295cfcc1,950db4bcdbdb-075,75,0,1,57,14,76,0.37
20261001T111152Z-8adcb79,950db4bcdbdb,3891295cfcc1,950db4bcdbdb-076,76,0,1,9,43,75,0.27
20261001T111152Z-8adcb79,950db4bcdbdb,3891295cfcc1,950db4bcdbdb-077,77,0,1,35,36,74,0.32
20261001T111152Z-8adcb79,950db4bcdbdb,3891295cfcc1,950db4bcdbdb-078,78,0,0,,,73,0.35
20261001T111152Z-8adcb79,950db4bcdbdb,3891295cfcc1,950db4bcdbdb-079,79,0,1,,76,72,0.37
20261001T111152Z-8adcb79,950db4bcdbdb,3891295cfcc1,950db4bcdbdb-080,80,0,1,92,106,71,0.31
20261001T111152Z-8adcb79,950db4bcdbdb,3891295cfcc1,950db4bcdbdb-081,81,0,1,91,59,70,0.34
20261001T111152Z-8adcb79,950db4bcdbdb,3891295cfcc1,950db4bcdbdb-082,82,0,1,90,85,69,0.29
20261001T111152Z-8adcb79,950db4bcdbdb,3891295cfcc1,950db4bcdbdb-083,83,0,1,29,82,68,0.25
20261001T111152Z-8adcb79,950db4bcdbdb,3891295cfcc1,950db4bcdbdb-084,84,0,1,89,104,67,0.34
20261001T111152Z-8adcb79,950db4bcdbdb,3891295cfcc1,950db4bcdbdb-085,85,0,1,88,99,66,0.35
20261001T111152Z-8adcb79,950db4bcdbdb,3891295cfcc1,950db4bcdbdb-086,86,0,1,87,118,65,0.34
20261001T111152Z-8adcb79,950db4bcdbdb,3891295cfcc1,950db4bcdbdb-087,87,0,1,86,124,64,0.39
20261001T111152Z-8adcb79,950db4bcdbdb,3891295cfcc1,950db4bcdbdb-088,88,0,0,,24,63,0.41
20261001T111152Z-8adcb79,950db4bcdbdb,3891295cfcc1,950db4bcdbdb-089,89,1,1,,5,62,0.54
20261001T111152Z-8adcb79,950db4bcdbdb,3891295cfcc1,950db4bcdbdb-090,90,0,1,10,23,61,0.49
20261001T111152Z-8adcb79,950db4bcdbdb,3891295cfcc1,950db4bcdbdb-091,91,0,1,85,96,60,0.32
20261001T111152Z-8adcb79,950db4bcdbdb,3891295cfcc1,950db4bcdbdb-092,92,1,1,,60,59,0.51
20261001T111152Z-8adcb79,950db4bcdbdb,3891295cfcc1,950db4bcdbdb-093,93,0,1,,12,58,0.48
20261001T111152Z-8adcb79,950db4bcdbdb,3891295cfcc1,950db4bcdbdb-094,94,0,1,34,50,57,0.34
20261001T111152Z-8adcb79,950db4bcdbdb,3891295cfcc1,950db4bcdbdb-095,95,0,1,12,25,56,0.44
20261001T111152Z-8adcb79,950db4bcdbdb,3891295cfcc1,950db4bcdbdb-096,96,1,1,,47,55,0.55
20261001T111152Z-8adcb79,950db4bcdbdb,3891295cfcc1,950db4bcdbdb-097,97,0,1,46,89,54,0.46
20261001T111152Z-8adcb79,950db4bcdbdb,3891295cfcc1,950db4bcdbdb-098,98,0,1,45,84,53,0.3
20261001T111152Z-8adcb79,950db4bcdbdb,3891295cfcc1,950db4bcdbdb-099,99,0,0,,30,52,0.45
20261001T111152Z-8adcb79,950db4bcdbdb,3891295cfcc1,950db4bcdbdb-100,100,0,1,,62,51,0.48
20261001T111152Z-8adcb79,950db4bcdbdb,3891295cfcc1,950db4bcdbdb-101,101,0,1,8,49,50,0.33
20261001T111152Z-8adcb79,950db4bcdbdb,3891295cfcc1,950db4bcdbdb-102,102,0,1,84,137,49,0.29
20261001T111152Z-8adcb79,950db4bcdbdb,3891295cfcc1,950db4bcdbdb-103,103,0,1,83,4,48,0.43
20261001T111152Z-8adcb79,950db4bcdbdb,3891295cfcc1,950db4bcdbdb-104,104,0,1,82,48,47,0.31
20261001T111152Z-8adcb79,950db4bcdbdb,3891295cfcc1,950db4bcdbdb-105,105,0,1,,52,46,0.42
20261001T111152Z-8adcb79,950db4bcdbdb,3891295cfcc1,950db4bcdbdb-106,106,0,1,15,2,45,0.42
20261001T111152Z-8adcb79,950db4bcdbdb,3891295cfcc1,950db4bcdbdb-107,107,0,1,33,127,44,0.36
20261001T111152Z-8adcb79,950db4bcdbdb,3891295cfcc1,950db4bcdbdb-108,108,0,1,21,114,43,0.32
20261001T111152Z-8adcb79,950db4bcdbdb,3891295cfcc1,950db4bcdbdb-109,109,0,1,20,113,42,0.29
20261001T111152Z-8adcb79,950db4bcdbdb,3891295cfcc1,950db4bcdbdb-110,110,0,1,19,112,41,0.33
20261001T111152Z-8adcb79,950db4bcdbdb,3891295cfcc1,950db4bcdbdb-111,111,0,0,,,40,0.33
20261001T111152Z-8adcb79,950db4bcdbdb,3891295cfcc1,950db4bcdbdb-112,112,0,1,,78,39,0.34
20261001T111152Z-8adcb79,950db4bcdbdb,3891295cfcc1,950db4bcdbdb-113,113,1,1,,63,38,0.52
20261001T111152Z-8adcb79,950db4bcdbdb,3891295cfcc1,950db4bcdbdb-114,114,0,1,32,126,37,0.46
20261001T111152Z-8adcb79,950db4bcdbdb,3891295cfcc1,950db4bcdbdb-115,115,0,1,44,67,36,0.28
20261001T111152Z-8adcb79,950db4bcdbdb,3891295cfcc1,950db4bcdbdb-116,116,1,1,,37,35,0.5
20261001T111152Z-8adcb79,950db4bcdbdb,3891295cfcc1,950db4bcdbdb-117,117,0,1,11,34,34,0.39
20261001T111152Z-8adcb79,950db4bcdbdb,3891295cfcc1,950db4bcdbdb-118,118,0,1,28,79,33,0.46
20261001T111152Z-8adcb79,950db4bcdbdb,3891295cfcc1,950db4bcdbdb-119,119,0,0,,,32,0.33
20261001T111152Z-8adcb79,950db4bcdbdb,3891295cfcc1,950db4bcdbdb-120,120,0,1,,70,31,0.36
20261001T111152Z-8adcb79,950db4bcdbdb,3891295cfcc1,950db4bcdbdb-121,121,0,1,81,27,30,0.49
20261001T111152Z-8adcb79,950db4bcdbdb,3891295cfcc1,950db4bcdbdb-122,122,0,1,6,17,29,0.38
20261001T111152Z-8adcb79,950db4bcdbdb,3891295cfcc1,950db4bcdbdb-123,123,0,1,80,105,28,0.36
20261001T111152Z-8adcb79,950db4bcdbdb,3891295cfcc1,950db4bcdbdb-124,124,0,1,43,115,27,0.2
20261001T111152Z-8adcb79,950db4bcdbdb,3891295cfcc1,950db4bcdbdb-125,125,0,1,56,13,26,0.2
20261001T111152Z-8adcb79,950db4bcdbdb,3891295cfcc1,950db4bcdbdb-126,126,0,1,18,135,25,0.42
20261001T111152Z-8adcb79,950db4bcdbdb,3891295cfcc1,950db4bcdbdb-127,127,0,1,79,31,24,0.32
20261001T111152Z-8adcb79,950db4bcdbdb,3891295cfcc1,950db4bcdbdb-128,128,0,1,23,116,23,0.43
20261001T111152Z-8adcb79,950db4bcdbdb,3891295cfcc1,950db4bcdbdb-129,129,1,1,55,103,22,0.56
20261001T111152Z-8adcb79,950db4bcdbdb,3891295cfcc1,950db4bcdbdb-130,130,0,1,27,110,21,0.47
20261001T111152Z-8adcb79,950db4bcdbdb,3891295cfcc1,950db4bcdbdb-131,131,0,1,78,10,20,0.48
20261001T111152Z-8adcb79,950db4bcdbdb,3891295cfcc1,950db4bcdbdb-132,132,1,1,77,119,19,0.66
20261001T111152Z-8adcb79,950db4bcdbdb,3891295cfcc1,950db4bcdbdb-133,133,1,1,42,133,18,0.52
20261001T111152Z-8adcb79,950db4bcdbdb,3891295cfcc1,950db4bcdbdb-134,134,1,1,31,18,17,0.57
20261001T111152Z-8adcb79,950db4bcdbdb,3891295cfcc1,950db4bcdbdb-135,135,0,1,54,16,16,0.48
20261001T111152Z-8adcb79,950db4bcdbdb,3891295cfcc1,950db4bcdbdb-136,136,0,1,3,33,15,0.31
20261001T111152Z-8adcb79,950db4bcdbdb,3891295cfcc1,950db4bcdbdb-137,137,0,1,76,97,14,0.32
20261001T111152Z-8adcb79,950db4bcdbdb,3891295cfcc1,950db4bcdbdb-138,138,1,1,75,9,13,0.53
20261001T111152Z-8adcb79,950db4bcdbdb,3891295cfcc1,950db4bcdbdb-139,139,0,1,1,7,12,0.41
20261001T111152Z-8adcb79,950db4bcdbdb,3891295cfcc1,950db4bcdbdb-140,140,0,1,74,91,11,0.32
20261001T111152Z-8adcb79,950db4bcdbdb,3891295cfcc1,950db4bcdbdb-141,141,0,1,73,28,10,0.43
20261001T111152Z-8adcb79,950db4bcdbdb,3891295cfcc1,950db4bcdbdb-142,142,0,1,72,45,9,0.45
20261001T111152Z-8adcb79,950db4bcdbdb,3891295cfcc1,950db4bcdbdb-143,143,0,1,5,29,8,0.39
20261001T111152Z-8adcb79,950db4bcdbdb,3891295cfcc1,950db4bcdbdb-144,144,0,1,2,11,7,0.4
20261001T111152Z-8adcb79,950db4bcdbdb,3891295cfcc1,950db4bcdbdb-145,145,1,1,53,54,6,0.5
20261001T111152Z-8adcb79,950db4bcdbdb,3891295cfcc1,950db4bcdbdb-146,146,0,1,4,22,5,0.43
20261001T111152Z-8adcb79,950db4bcdbdb,3891295cfcc1,950db4bcdbdb-147,147,0,1,17,117,4,0.36
20261001T111152Z-8adcb79,950db4bcdbdb,3891295cfcc1,950db4bcdbdb-148,148,0,1,71,55,3,0.34
20261001T111152Z-8adcb79,950db4bcdbdb,3891295cfcc1,950db4bcdbdb-149,149,0,1,16,39,2,0.34
20261001T111152Z-8adcb79,950db4bcdbdb,3891295cfcc1,950db4bcdbdb-150,150,0,0,,19,1,0.4
20261001T111152Z-8adcb79,9741b6b4838f,3891295cfcc1,9741b6b4838f-001,1,0,1,29,97,150,0.38
20261001T111152Z-8adcb79,9741b6b4838f,3891295cfcc1,9741b6b4838f-002,2,0,1,43,84,149,0.47
20261001T111152Z-8adcb79,9741b6b4838f,3891295cfcc1,9741b6b4838f-003,3,0,1,,138,148,0.4
20261001T111152Z-8adcb79,9741b6b4838f,3891295cfcc1,9741b6b4838f-004,4,0,1,115,67,147,0.32
20261001T111152Z-8adcb79,9741b6b4838f,3891295cfcc1,9741b6b4838f-005,5,0,1,42,96,146,0.36
20261001T111152Z-8adcb79,9741b6b4838f,3891295cfcc1,9741b6b4838f-006,6,0,1,52,81,145,0.42
20261001T111152Z-8adcb79,9741b6b4838f,3891295cfcc1,9741b6b4838f-007,7,0,0,,88,144,0.41
20261001T111152Z-8adcb79,9741b6b4838f,3891295cfcc1,9741b6b4838f-008,8,0,0,,148,143,0.35
20261001T111152Z-8adcb79,9741b6b4838f,3891295cfcc1,9741b6b4838f-009,9,0,1,114,116,142,0.29
20261001T111152Z-8adcb79,9741b6b4838f,3891295cfcc1,9741b6b4838f-010,10,0,1,,37,141,0.43
20261001T111152Z-8adcb79,9741b6b4838f,3891295cfcc1,9741b6b4838f-011,11,0,1,75,22,140,0.31
20261001T111152Z-8adcb79,9741b6b4838f,3891295cfcc1,9741b6b4838f-012,12,0,1,74,21,139,0.34
20261001T111152Z-8adcb79,9741b6b4838f,3891295cfcc1,9741b6b4838f-013,13,0,1,113,31,138,0.41
20261001T111152Z-8adcb79,9741b6b4838f,3891295cfcc1,9741b6b4838f-014,14,0,1,51,49,137,0.46
20261001T111152Z-8adcb79,9741b6b4838f,3891295cfcc1,9741b6b4838f-015,15,0,1,35,86,136,0.37
20261001T111152Z-8adcb79,9741b6b4838f,3891295cfcc1,9741b6b4838f-016,16,0,1,73,99,135,0.42
20261001T111152Z-8adcb79,9741b6b4838f,3891295cfcc1,9741b6b4838f-017,17,0,1,72,17,134,0.35
20261001T111152Z-8adcb79,9741b6b4838f,3891295cfcc1,9741b6b4838f-018,18,0,1,41,80,133,0.44
20261001T111152Z-8adcb79,9741b6b4838f,3891295cfcc1,9741b6b4838f-019,19,0,1,112,71,132,0.31
20261001T111152Z-8adcb79,9741b6b4838f,3891295cfcc1,9741b6b4838f-020,20,0,1,71,123,131,0.38
20261001T111152Z-8adcb79,9741b6b4838f,3891295cfcc1,9741b6b4838f-021,21,1,1,70,40,130,0.55
20261001T111152Z-8adcb79,9741b6b4838f,3891295cfcc1,9741b6b4838f-022,22,0,1,50,121,129,0.44
20261001T111152Z-8adcb79,9741b6b4838f,3891295cfcc1,9741b6b4838f-023,23,0,1,34,27,128,0.32
20261001T111152Z-8adcb79,9741b6b4838f,3891295cfcc1,9741b6b4838f-024,24,0,1,111,124,127,0.26
20261001T111152Z-8adcb79,9741b6b4838f,3891295cfcc1,9741b6b4838f-025,25,0,1,110,58,126,0.41
20261001T111152Z-8adcb79,9741b6b4838f,3891295cfcc1,9741b6b4838f-026,26,0,1,109,131,125,0.4
20261001T111152Z-8adcb79,9741b6b4838f,3891295cfcc1,9741b6b4838f-027,27,0,1,69,120,124,0.34
20261001T111152Z-8adcb79,9741b6b4838f,3891295cfcc1,9741b6b4838f-028,28,0,1,68,105,123,0.46
20261001T111152Z-8adcb79,9741b6b4838f,3891295cfcc1,9741b6b4838f-029,29,0,1,,132,122,0.39
20261001T111152Z-8adcb79,9741b6b4838f,3891295cfcc1,9741b6b4838f-030,30,0,1,67,109,121,0.43
20261001T111152Z-8adcb79,9741b6b4838f,3891295cfcc1,9741b6b4838f-031,31,0,1,108,128,120,0.45
20261001T111152Z-8adcb79,9741b6b4838f,3891295cfcc1,9741b6b4838f-032,32,0,1,66,11,119,0.41
20261001T111152Z-8adcb79,9741b6b4838f,3891295cfcc1,9741b6b4838f-033,33,0,1,107,69,118,0.32
20261001T111152Z-8adcb79,9741b6b4838f,3891295cfcc1,9741b6b4838f-034,34,1,1,65,89,117,0.57
20261001T111152Z-8adcb79,9741b6b4838f,3891295cfcc1,9741b6b4838f-035,35,1,1,64,133,116,0.58
20261001T111152Z-8adcb79,9741b6b4838f,3891295cfcc1,9741b6b4838f-036,36,0,1,63,101,115,0.38
20261001T111152Z-8adcb79,9741b6b4838f,3891295cfcc1,9741b6b4838f-037,37,0,1,,136,114,0.44
20261001T111152Z-8adcb79,9741b6b4838f,3891295cfcc1,9741b6b4838f-038,38,0,1,,70,113,0.42
20261001T111152Z-8adcb79,9741b6b4838f,3891295cfcc1,9741b6b4838f-039,39,1,1,,122,112,0.5
20261001T111152Z-8adcb79,9741b6b4838f,3891295cfcc1,9741b6b4838f-040,40,0,1,62,104,111,0.38
20261001T111152Z-8adcb79,9741b6b4838f,3891295cfcc1,9741b6b4838f-041,41,0,1,106,35,110,0.49
20261001T111152Z-8adcb79,9741b6b4838f,3891295cfcc1,9741b6b4838f-042,42,0,1,105,64,109,0.44
20261001T111152Z-8adcb79,9741b6b4838f,3891295cfcc1,9741b6b4838f-043,43,0,1,,149,108,0.37
20261001T111152Z-8adcb79,9741b6b4838f,3891295cfcc1,9741b6b4838f-044,44,0,1,5,39,107,0.39
20261001T111152Z-8adcb79,9741b6b4838f,3891295cfcc1,9741b6b4838f-045,45,0,1,,135,106,0.49
20261001T111152Z-8adcb79,9741b6b4838f,3891295cfcc1,9741b6b4838f-046,46,0,1,,98,105,0.44
20261001T111152Z-8adcb79,9741b6b4838f,3891295cfcc1,9741b6b4838f-047,47,0,1,26,93,104,0.41
20261001T111152Z-8adcb79,9741b6b4838f,3891295cfcc1,9741b6b4838f-048,48,0,1,15,18,103,0.42
20261001T111152Z-8adcb79,9741b6b4838f,3891295cfcc1,9741b6b4838f-049,49,0,1,104,119,102,0.47
20261001T111152Z-8adcb79,9741b6b4838f,3891295cfcc1,9741b6b4838f-050,50,0,0,,,101,0.42
20261001T111152Z-8adcb79,9741b6b4838f,3891295cfcc1,9741b6b4838f-051,51,0,0,,146,100,0.27
20261001T111152Z-8adcb79,9741b6b4838f,3891295cfcc1,9741b6b4838f-052,52,0,0,,141,99,0.33
20261001T111152Z-8adcb79,9741b6b4838f,3891295cfcc1,9741b6b4838f-053,53,0,1,21,102,98,0.4
20261001T111152Z-8adcb79,9741b6b4838f,3891295cfcc1,9741b6b4838f-054,54,0,1,103,85,97,0.36
20261001T111152Z-8adcb79,9741b6b4838f,3891295cfcc1,9741b6b4838f-055,55,0,1,49,32,96,0.32
20261001T111152Z-8adcb79,9741b6b4838f,3891295cfcc1,9741b6b4838f-056,56,0,1,102,114,95,0.3
20261001T111152Z-8adcb79,9741b6b4838f,3891295cfcc1,9741b6b4838f-057,57,0,0,,33,94,0.29
20261001T111152Z-8adcb79,9741b6b4838f,3891295cfcc1,9741b6b4838f-058,58,0,1,101,94,93,0.24
20261001T111152Z-8adcb79,9741b6b4838f,3891295cfcc1,9741b6b4838f-059,59,0,1,48,29,92,0.29
20261001T111152Z-8adcb79,9741b6b4838f,3891295cfcc1,9741b6b4838f-060,60,0,1,,147,91,0.45
20261001T111152Z-8adcb79,9741b6b4838f,3891295cfcc1,9741b6b4838f-061,61,0,1,61,77,90,0.48
20261001T111152Z-8adcb79,9741b6b4838f,3891295cfcc1,9741b6b4838f-062,62,1,1,40,63,89,0.53
20261001T111152Z-8adcb79,9741b6b4838f,3891295cfcc1,9741b6b4838f-063,63,0,1,17,9,88,0.44
20261001T111152Z-8adcb79,9741b6b4838f,3891295cfcc1,9741b6b4838f-064,64,0,1,60,54,87,0.41
20261001T111152Z-8adcb79,9741b6b4838f,3891295cfcc1,9741b6b4838f-065,65,0,0,,144,86,0.33
20261001T111152Z-8adcb79,9741b6b4838f,3891295cfcc1,9741b6b4838f-066,66,0,1,,134,85,0.43
20261001T111152Z-8adcb79,9741b6b4838f,3891295cfcc1,9741b6b4838f-067,67,1,1,100,78,84,0.52
20261001T111152Z-8adcb79,9741b6b4838f,3891295cfcc1,9741b6b4838f-068,68,0,1,99,59,83,0.44
20261001T111152Z-8adcb79,9741b6b4838f,3891295cfcc1,9741b6b4838f-069,69,0,1,25,126,82,0.41
20261001T111152Z-8adcb79,9741b6b4838f,3891295cfcc1,9741b6b4838f-070,70,1,1,39,83,81,0.5
20261001T111152Z-8adcb79,9741b6b4838f,3891295cfcc1,9741b6b4838f-071,71,0,1,98,110,80,0.33
20261001T111152Z-8adcb79,9741b6b4838f,3891295cfcc1,9741b6b4838f-072,72,0,1,59,15,79,0.36
20261001T111152Z-8adcb79,9741b6b4838f,3891295cfcc1,9741b6b4838f-073,73,0,1,12,68,78,0.31
20261001T111152Z-8adcb79,9741b6b4838f,3891295cfcc1,9741b6b4838f-074,74,0,1,33,56,77,0.45
20261001T111152Z-8adcb79,9741b6b4838f,3891295cfcc1,9741b6b4838f-075,75,0,0,,125,76,0.33
20261001T111152Z-8adcb79,9741b6b4838f,3891295cfcc1,9741b6b4838f-076,76,0,1,,145,75,0.37
20261001T111152Z-8adcb79,9741b6b4838f,3891295cfcc1,9741b6b4838f-077,77,0,1,97,47,74,0.37
20261001T111152Z-8adcb79,9741b6b4838f,3891295cfcc1,9741b6b4838f-078,78,0,1,96,111,73,0.37
20261001T111152Z-8adcb79,9741b6b4838f,3891295cfcc1,9741b6b4838f-079,79,0,1,95,30,72,0.33
20261001T111152Z-8adcb79,9741b6b4838f,3891295cfcc1,9741b6b4838f-080,80,0,1,32,79,71,0.28
20261001T111152Z-8adcb79,9741b6b4838f,3891295cfcc1,9741b6b4838f-081,81,0,1,94,107,70,0.34
20261001T111152Z-8adcb79,9741b6b4838f,3891295cfcc1,9741b6b4838f-082,82,0,1,93,92,69,0.42
20261001T111152Z-8adcb79,9741b6b4838f,3891295cfcc1,9741b6b4838f-083,83,1,1,92,34,68,0.52
20261001T111152Z-8adcb79,9741b6b4838f,3891295cfcc1,9741b6b4838f-084,84,0,1,91,115,67,0.31
20261001T111152Z-8adcb79,9741b6b4838f,3891295cfcc1,9741b6b4838f-085,85,0,0,,100,66,0.42
20261001T111152Z-8adcb79,9741b6b4838f,3891295cfcc1,9741b6b4838f-086,86,1,1,,25,65,0.58
20261001T111152Z-8adcb79,9741b6b4838f,3891295cfcc1,9741b6b4838f-087,87,0,1,14,4,64,0.45
20261001T111152Z-8adcb79,9741b6b4838f,3891295cfcc1,9741b6b4838f-088,88,0,1,90,75,63,0.29
20261001T111152Z-8adcb79,9741b6b4838f,3891295cfcc1,9741b6b4838f-089,89,1,1,,28,62,0.51
20261001T111152Z-8adcb79,9741b6b4838f,3891295cfcc1,9741b6b4838f-090,90,0,1,,7,61,0.36
20261001T111152Z-8adcb79,9741b6b4838f,3891295cfcc1,9741b6b4838f-091,91,0,1,38,50,60,0.44
20261001T111152Z-8adcb79,9741b6b4838f,3891295cfcc1,9741b6b4838f-092,92,0,1,16,13,59,0.44
20261001T111152Z-8adcb79,9741b6b4838f,3891295cfcc1,9741b6b4838f-093,93,1,1,,19,58,0.54
20261001T111152Z-8adcb79,9741b6b4838f,3891295cfcc1,9741b6b4838f-094,94,1,1,47,106,57,0.52
20261001T111152Z-8adcb79,9741b6b4838f,3891295cfcc1,9741b6b4838f-095,95,0,1,46,52,56,0.38
20261001T111152Z-8adcb79,9741b6b4838f,3891295cfcc1,9741b6b4838f-096,96,0,0,,76,55,0.46
20261001T111152Z-8adcb79,9741b6b4838f,3891295cfcc1,9741b6b4838f-097,97,0,1,,42,54,0.4
20261001T111152Z-8adcb79,9741b6b4838f,3891295cfcc1,9741b6b4838f-098,98,0,1,11,108,53,0.31
20261001T111152Z-8adcb79,9741b6b4838f,3891295cfcc1,9741b6b4838f-099,99,0,1,89,73,52,0.29
20261001T111152Z-8adcb79,9741b6b4838f,3891295cfcc1,9741b6b4838f-100,100,0,1,58,38,51,0.42
20261001T111152Z-8adcb79,9741b6b4838f,3891295cfcc1,9741b6b4838f-101,101,0,1,88,127,50,0.36
20261001T111152Z-8adcb79,9741b6b4838f,3891295cfcc1,9741b6b4838f-102,102,0,1,,45,49,0.4
20261001T111152Z-8adcb79,9741b6b4838f,3891295cfcc1,9741b6b4838f-103,103,0,1,7,10,48,0.4
20261001T111152Z-8adcb79,9741b6b4838f,3891295cfcc1,9741b6b4838f-104,104,0,1,28,90,47,0.41
20261001T111152Z-8adcb79,9741b6b4838f,3891295cfcc1,9741b6b4838f-105,105,0,1,20,53,46,0.3
20261001T111152Z-8adcb79,9741b6b4838f,3891295cfcc1,9741b6b4838f-106,106,0,1,19,51,45,0.28
20261001T111152Z-8adcb79,9741b6b4838f,3891295cfcc1,9741b6b4838f-107,107,0,1,18,57,44,0.32
20261001T111152Z-8adcb79,9741b6b4838f,3891295cfcc1,9741b6b4838f-108,108,0,0,,143,43,0.32
20261001T111152Z-8adcb79,9741b6b4838f,3891295cfcc1,9741b6b4838f-109,109,0,1,,139,42,0.36
20261001T111152Z-8adcb79,9741b6b4838f,3891295cfcc1,9741b6b4838f-110,110,1,1,,46,41,0.55
20261001T111152Z-8adcb79,9741b6b4838f,3891295cfcc1,9741b6b4838f-111,111,1,1,37,118,40,0.52
20261001T111152Z-8adcb79,9741b6b4838f,3891295cfcc1,9741b6b4838f-112,112,0,1,45,74,39,0.36
20261001T111152Z-8adcb79,9741b6b4838f,3891295cfcc1,9741b6b4838f-113,113,0,1,,41,38,0.45
20261001T111152Z-8adcb79,9741b6b4838f,3891295cfcc1,9741b6b4838f-114,114,0,1,13,8,37,0.36
20261001T111152Z-8adcb79,9741b6b4838f,3891295cfcc1,9741b6b4838f-115,115,0,1,27,82,36,0.44
20261001T111152Z-8adcb79,9741b6b4838f,3891295cfcc1,9741b6b4838f-116,116,0,0,,142,35,0.31
20261001T111152Z-8adcb79,9741b6b4838f,3891295cfcc1,9741b6b4838f-117,117,0,1,,140,34,0.34
20261001T111152Z-8adcb79,9741b6b4838f,3891295cfcc1,9741b6b4838f-118,118,0,1,87,55,33,0.43
20261001T111152Z-8adcb79,9741b6b4838f,3891295cfcc1,9741b6b4838f-119,119,0,1,10,65,32,0.33
20261001T111152Z-8adcb79,9741b6b4838f,3891295cfcc1,9741b6b4838f-120,120,0,1,86,62,31,0.37
20261001T111152Z-8adcb79,9741b6b4838f,3891295cfcc1,9741b6b4838f-121,121,0,1,85,112,30,0.23
20261001T111152Z-8adcb79,9741b6b4838f,3891295cfcc1,9741b6b4838f-122,122,0,1,57,91,29,0.24
20261001T111152Z-8adcb79,9741b6b4838f,3891295cfcc1,9741b6b4838f-123,123,0,1,31,130,28,0.4
20261001T111152Z-8adcb79,9741b6b4838f,3891295cfcc1,9741b6b4838f-124,124,0,1,84,66,27,0.37
20261001T111152Z-8adcb79,9741b6b4838f,3891295cfcc1,9741b6b4838f-125,125,0,1,24,72,26,0.41
20261001T111152Z-8adcb79,9741b6b4838f,3891295cfcc1,9741b6b4838f-126,126,0,1,56,117,25,0.43
20261001T111152Z-8adcb79,9741b6b4838f,3891295cfcc1,9741b6b4838f-127,127,0,1,30,137,24,0.45
20261001T111152Z-8adcb79,9741b6b4838f,3891295cfcc1,9741b6b4838f-128,128,0,1,83,23,23,0.44
20261001T111152Z-8adcb79,9741b6b4838f,3891295cfcc1,9741b6b4838f-129,129,1,1,82,113,22,0.63
20261001T111152Z-8adcb79,9741b6b4838f,3891295cfcc1,9741b6b4838f-130,130,1,1,44,129,21,0.57
20261001T111152Z-8adcb79,9741b6b4838f,3891295cfcc1,9741b6b4838f-131,131,1,1,36,87,20,0.57
20261001T111152Z-8adcb79,9741b6b4838f,3891295cfcc1,9741b6b4838f-132,132,0,1,55,14,19,0.44
20261001T111152Z-8adcb79,9741b6b4838f,3891295cfcc1,9741b6b4838f-133,133,0,1,6,61,18,0.33
20261001T111152Z-8adcb79,9741b6b4838f,3891295cfcc1,9741b6b4838f-134,134,0,1,81,103,17,0.32
20261001T111152Z-8adcb79,9741b6b4838f,3891295cfcc1,9741b6b4838f-135,135,0,1,80,20,16,0.39
20261001T111152Z-8adcb79,9741b6b4838f,3891295cfcc1,9741b6b4838f-136,136,0,1,2,43,15,0.37
20261001T111152Z-8adcb79,9741b6b4838f,3891295cfcc1,9741b6b4838f-137,137,0,1,79,60,14,0.26
20261001T111152Z-8adcb79,9741b6b4838f,3891295cfcc1,9741b6b4838f-138,138,0,1,78,6,13,0.43
20261001T111152Z-8adcb79,9741b6b4838f,3891295cfcc1,9741b6b4838f-139,139,0,1,77,36,12,0.41
20261001T111152Z-8adcb79,9741b6b4838f,3891295cfcc1,9741b6b4838f-140,140,0,1,9,12,11,0.38
20261001T111152Z-8adcb79,9741b6b4838f,3891295cfcc1,9741b6b4838f-141,141,0,1,3,1,10,0.49
20261001T111152Z-8adcb79,9741b6b4838f,3891295cfcc1,9741b6b4838f-142,142,0,1,54,26,9,0.33
20261001T111152Z-8adcb79,9741b6b4838f,3891295cfcc1,9741b6b4838f-143,143,0,1,8,3,8,0.36
20261001T111152Z-8adcb79,9741b6b4838f,3891295cfcc1,9741b6b4838f-144,144,0,1,23,48,7,0.41
20261001T111152Z-8adcb79,9741b6b4838f,3891295cfcc1,9741b6b4838f-145,145,0,1,76,44,6,0.39
20261001T111152Z-8adcb79,9741b6b4838f,3891295cfcc1,9741b6b4838f-146,146,0,1,22,2,5,0.32
20261001T111152Z-8adcb79,9741b6b4838f,3891295cfcc1,9741b6b4838f-147,147,0,0,,24,4,0.37
20261001T111152Z-8adcb79,9741b6b4838f,3891295cfcc1,9741b6b4838f-148,148,0,1,1,16,3,0.43
20261001T111152Z-8adcb79,9741b6b4838f,3891295cfcc1,9741b6b4838f-149,149,0,1,53,5,2,0.45
20261001T111152Z-8adcb79,9741b6b4838f,3891295cfcc1,9741b6b4838f-150,150,0,1,4,95,1,0.37
20261001T111152Z-8adcb79,9ec20a677ffd,19101cd92bc9,9ec20a677ffd-001,1,0,1,,92,150,0.18
20261001T111152Z-8adcb79,9ec20a677ffd,19101cd92bc9,9ec20a677ffd-002,2,0,1,81,72,149,0.13
20261001T111152Z-8adcb79,9ec20a677ffd,19101cd92bc9,9ec20a677ffd-003,3,0,1,80,139,148,0.12
20261001T111152Z-8adcb79,9ec20a677ffd,19101cd92bc9,9ec20a677ffd-004,4,0,1,55,62,147,0.16
20261001T111152Z-8adcb79,9ec20a677ffd,19101cd92bc9,9ec20a677ffd-005,5,0,1,54,66,146,0.26
20261001T111152Z-8adcb79,9ec20a677ffd,19101cd92bc9,9ec20a677ffd-006,6,0,1,79,113,145,0.2
20261001T111152Z-8adcb79,9ec20a677ffd,19101cd92bc9,9ec20a677ffd-007,7,0,1,,68,144,0.23
20261001T111152Z-8adcb79,9ec20a677ffd,19101cd92bc9,9ec20a677ffd-008,8,0,1,,104,143,0.13
20261001T111152Z-8adcb79,9ec20a677ffd,19101cd92bc9,9ec20a677ffd-009,9,0,1,,125,142,0.18
20261001T111152Z-8adcb79,9ec20a677ffd,19101cd92bc9,9ec20a677ffd-010,10,0,1,,60,141,0.22
20261001T111152Z-8adcb79,9ec20a677ffd,19101cd92bc9,9ec20a677ffd-011,11,0,1,,109,140,0.14
20261001T111152Z-8adcb79,9ec20a677ffd,19101cd92bc9,9ec20a677ffd-012,12,0,1,78,137,139,0.16
20261001T111152Z-8adcb79,9ec20a677ffd,19101cd92bc9,9ec20a677ffd-013,13,0,1,77,122,138,0.17
20261001T111152Z-8adcb79,9ec20a677ffd,19101cd92bc9,9ec20a677ffd-014,14,0,1,76,131,137,0.2
20261001T111152Z-8adcb79,9ec20a677ffd,19101cd92bc9,9ec20a677ffd-015,15,0,1,75,129,136,0.19
20261001T111152Z-8adcb79,9ec20a677ffd,19101cd92bc9,9ec20a677ffd-016,16,0,1,74,147,135,0.17
20261001T111152Z-8adcb79,9ec20a677ffd,19101cd92bc9,9ec20a677ffd-017,17,0,1,,143,134,0.17
20261001T111152Z-8adcb79,9ec20a677ffd,19101cd92bc9,9ec20a677ffd-018,18,0,1,,144,133,0.24
20261001T111152Z-8adcb79,9ec20a677ffd,19101cd92bc9,9ec20a677ffd-019,19,0,1,,138,132,0.14
20261001T111152Z-8adcb79,9ec20a677ffd,19101cd92bc9,9ec20a677ffd-020,20,0,1,,119,131,0.16
20261001T111152Z-8adcb79,9ec20a677ffd,19101cd92bc9,9ec20a677ffd-021,21,0,1,73,81,130,0.27
20261001T111152Z-8adcb79,9ec20a677ffd,19101cd92bc9,9ec20a677ffd-022,22,0,1,16,63,129,0.22
20261001T111152Z-8adcb79,9ec20a677ffd,19101cd92bc9,9ec20a677ffd-023,23,0,1,,115,128,0.12
20261001T111152Z-8adcb79,9ec20a677ffd,19101cd92bc9,9ec20a677ffd-024,24,0,1,,77,127,0.17
20261001T111152Z-8adcb79,9ec20a677ffd,19101cd92bc9,9ec20a677ffd-025,25,0,1,,128,126,0.1
20261001T111152Z-8adcb79,9ec20a677ffd,19101cd92bc9,9ec20a677ffd-026,26,0,1,,105,125,0.2
20261001T111152Z-8adcb79,9ec20a677ffd,19101cd92bc9,9ec20a677ffd-027,27,0,1,,98,124,0.25
20261001T111152Z-8adcb79,9ec20a677ffd,19101cd92bc9,9ec20a677ffd-028,28,0,1,,44,123,0.18
20261001T111152Z-8adcb79,9ec20a677ffd,19101cd92bc9,9ec20a677ffd-029,29,0,1,,134,122,0.15
20261001T111152Z-8adcb79,9ec20a677ffd,19101cd92bc9,9ec20a677ffd-030,30,0,1,,24,121,0.19
20261001T111152Z-8adcb79,9ec20a677ffd,19101cd92bc9,9ec20a677ffd-031,31,0,1,,73,120,0.34
20261001T111152Z-8adcb79,9ec20a677ffd,19101cd92bc9,9ec20a677ffd-032,32,0,1,53,103,119,0.39
20261001T111152Z-8adcb79,9ec20a677ffd,19101cd92bc9,9ec20a677ffd-033,33,0,1,29,41,118,0.31
20261001T111152Z-8adcb79,9ec20a677ffd,19101cd92bc9,9ec20a677ffd-034,34,0,1,52,87,117,0.26
20261001T111152Z-8adcb79,9ec20a677ffd,19101cd92bc9,9ec20a677ffd-035,35,0,1,72,37,116,0.24
20261001T111152Z-8adcb79,9ec20a677ffd,19101cd92bc9,9ec20a677ffd-036,36,0,1,,107,115,0.25
20261001T111152Z-8adcb79,9ec20a677ffd,19101cd92bc9,9ec20a677ffd-037,37,0,1,,69,114,0.4
20261001T111152Z-8adcb79,9ec20a677ffd,19101cd92bc9,9ec20a677ffd-038,38,0,1,,123,113,0.23
20261001T111152Z-8adcb79,9ec20a677ffd,19101cd92bc9,9ec20a677ffd-039,39,0,1,,86,112,0.18
20261001T111152Z-8adcb79,9ec20a677ffd,19101cd92bc9,9ec20a677ffd-040,40,0,1,71,88,111,0.16
20261001T111152Z-8adcb79,9ec20a677ffd,19101cd92bc9,9ec20a677ffd-041,41,0,1,70,117,110,0.22
20261001T111152Z-8adcb79,9ec20a677ffd,19101cd92bc9,9ec20a677ffd-042,42,0,1,69,106,109,0.23
20261001T111152Z-8adcb79,9ec20a677ffd,19101cd92bc9,9ec20a677ffd-043,43,0,1,68,50,108,0.28
20261001T111152Z-8adcb79,9ec20a677ffd,19101cd92bc9,9ec20a677ffd-044,44,0,1,67,9,107,0.23
20261001T111152Z-8adcb79,9ec20a677ffd,19101cd92bc9,9ec20a677ffd-045,45,0,1,66,19,106,0.2
20261001T111152Z-8adcb79,9ec20a677ffd,19101cd92bc9,9ec20a677ffd-046,46,0,1,,93,105,0.11
20261001T111152Z-8adcb79,9ec20a677ffd,19101cd92bc9,9ec20a677ffd-047,47,0,1,,99,104,0.09
20261001T111152Z-8adcb79,9ec20a677ffd,19101cd92bc9,9ec20a677ffd-048,48,0,1,,110,103,0.26
20261001T111152Z-8adcb79,9ec20a677ffd,19101cd92bc9,9ec20a677ffd-049,49,0,1,,121,102,0.07
20261001T111152Z-8adcb79,9ec20a677ffd,19101cd92bc9,9ec20a677ffd-050,50,0,1,,114,101,0.08
20261001T111152Z-8adcb79,9ec20a677ffd,19101cd92bc9,9ec20a677ffd-051,51,0,1,,100,100,0.13
20261001T111152Z-8adcb79,9ec20a677ffd,19101cd92bc9,9ec20a677ffd-052,52,0,1,,84,99,0.2
20261001T111152Z-8adcb79,9ec20a677ffd,19101cd92bc9,9ec20a677ffd-053,53,0,1,,39,98,0.16
20261001T111152Z-8adcb79,9ec20a677ffd,19101cd92bc9,9ec20a677ffd-054,54,0,1,,58,97,0.1
20261001T111152Z-8adcb79,9ec20a677ffd,19101cd92bc9,9ec20a677ffd-055,55,0,1,,76,96,0.08
20261001T111152Z-8adcb79,9ec20a677ffd,19101cd92bc9,9ec20a677ffd-056,56,0,1,,51,95,0.11
20261001T111152Z-8adcb79,9ec20a677ffd,19101cd92bc9,9ec20a677ffd-057,57,0,1,,61,94,0.24
20261001T111152Z-8adcb79,9ec20a677ffd,19101cd92bc9,9ec20a677ffd-058,58,0,1,,79,93,0.11
20261001T111152Z-8adcb79,9ec20a677ffd,19101cd92bc9,9ec20a677ffd-059,59,0,1,,112,92,0.08
20261001T111152Z-8adcb79,9ec20a677ffd,19101cd92bc9,9ec20a677ffd-060,60,0,1,,126,91,0.18
20261001T111152Z-8adcb79,9ec20a677ffd,19101cd92bc9,9ec20a677ffd-061,61,0,1,,124,90,0.11
20261001T111152Z-8adcb79,9ec20a677ffd,19101cd92bc9,9ec20a677ffd-062,62,0,1,51,64,89,0.17
20261001T111152Z-8adcb79,9ec20a677ffd,19101cd92bc9,9ec20a677ffd-063,63,0,1,65,82,88,0.14
20261001T111152Z-8adcb79,9ec20a677ffd,19101cd92bc9,9ec20a677ffd-064,64,0,1,,97,87,0.18
20261001T111152Z-8adcb79,9ec20a677ffd,19101cd92bc9,9ec20a677ffd-065,65,0,1,,70,86,0.1
20261001T111152Z-8adcb79,9ec20a677ffd,19101cd92bc9,9ec20a677ffd-066,66,0,1,64,85,85,0.18
20261001T111152Z-8adcb79,9ec20a677ffd,19101cd92bc9,9ec20a677ffd-067,67,0,1,,116,84,0.19
20261001T111152Z-8adcb79,9ec20a677ffd,19101cd92bc9,9ec20a677ffd-068,68,0,1,,101,83,0.19
20261001T111152Z-8adcb79,9ec20a677ffd,19101cd92bc9,9ec20a677ffd-069,69,0,1,,111,82,0.16
20261001T111152Z-8adcb79,9ec20a677ffd,19101cd92bc9,9ec20a677ffd-070,70,0,1,,130,81,0.1
20261001T111152Z-8adcb79,9ec20a677ffd,19101cd92bc9,9ec20a677ffd-071,71,0,1,,91,80,0.16
20261001T111152Z-8adcb79,9ec20a677ffd,19101cd92bc9,9ec20a677ffd-072,72,0,1,,118,79,0.16
20261001T111152Z-8adcb79,9ec20a677ffd,19101cd92bc9,9ec20a677ffd-073,73,0,1,,1,78,0.19
20261001T111152Z-8adcb79,9ec20a677ffd,19101cd92bc9,9ec20a677ffd-074,74,0,1,,120,77,0.12
20261001T111152Z-8adcb79,9ec20a677ffd,19101cd92bc9,9ec20a677ffd-075,75,0,1,,30,76,0.19
20261001T111152Z-8adcb79,9ec20a677ffd,19101cd92bc9,9ec20a677ffd-076,76,0,1,63,108,75,0.2
20261001T111152Z-8adcb79,9ec20a677ffd,19101cd92bc9,9ec20a677ffd-077,77,0,1,,80,74,0.17
20261001T111152Z-8adcb79,9ec20a677ffd,19101cd92bc9,9ec20a677ffd-078,78,1,1,22,95,73,0.69
20261001T111152Z-8adcb79,9ec20a677ffd,19101cd92bc9,9ec20a677ffd-079,79,1,1,28,31,72,0.57
20261001T111152Z-8adcb79,9ec20a677ffd,19101cd92bc9,9ec20a677ffd-080,80,0,1,9,3,71,0.43
20261001T111152Z-8adcb79,9ec20a677ffd,19101cd92bc9,9ec20a677ffd-081,81,0,1,7,12,70,0.36
20261001T111152Z-8adcb79,9ec20a677ffd,19101cd92bc9,9ec20a677ffd-082,82,0,1,4,59,69,0.21
20261001T111152Z-8adcb79,9ec20a677ffd,19101cd92bc9,9ec20a677ffd-083,83,0,1,3,49,68,0.31
20261001T111152Z-8adcb79,9ec20a677ffd,19101cd92bc9,9ec20a677ffd-084,84,0,1,6,54,67,0.27
20261001T111152Z-8adcb79,9ec20a677ffd,19101cd92bc9,9ec20a677ffd-085,85,0,1,11,35,66,0.47
20261001T111152Z-8adcb79,9ec20a677ffd,19101cd92bc9,9ec20a677ffd-086,86,0,1,21,53,65,0.37
20261001T111152Z-8adcb79,9ec20a677ffd,19101cd92bc9,9ec20a677ffd-087,87,0,1,50,15,64,0.21
20261001T111152Z-8adcb79,9ec20a677ffd,19101cd92bc9,9ec20a677ffd-088,88,0,1,49,2,63,0.29
20261001T111152Z-8adcb79,9ec20a677ffd,19101cd92bc9,9ec20a677ffd-089,89,0,1,48,34,62,0.38
20261001T111152Z-8adcb79,9ec20a677ffd,19101cd92bc9,9ec20a677ffd-090,90,0,1,47,96,61,0.3
20261001T111152Z-8adcb79,9ec20a677ffd,19101cd92bc9,9ec20a677ffd-091,91,0,1,15,78,60,0.41
20261001T111152Z-8adcb79,9ec20a677ffd,19101cd92bc9,9ec20a677ffd-092,92,0,1,46,71,59,0.36
20261001T111152Z-8adcb79,9ec20a677ffd,19101cd92bc9,9ec20a677ffd-093,93,0,1,20,48,58,0.37
20261001T111152Z-8adcb79,9ec20a677ffd,19101cd92bc9,9ec20a677ffd-094,94,0,1,2,56,57,0.26
20261001T111152Z-8adcb79,9ec20a677ffd,19101cd92bc9,9ec20a677ffd-095,95,0,1,27,132,56,0.28
20261001T111152Z-8adcb79,9ec20a677ffd,19101cd92bc9,9ec20a677ffd-096,96,0,1,62,74,55,0.37
20261001T111152Z-8adcb79,9ec20a677ffd,19101cd92bc9,9ec20a677ffd-097,97,0,1,61,133,54,0.39
20261001T111152Z-8adcb79,9ec20a677ffd,19101cd92bc9,9ec20a677ffd-098,98,0,1,60,142,53,0.33
20261001T111152Z-8adcb79,9ec20a677ffd,19101cd92bc9,9ec20a677ffd-099,99,0,1,45,14,52,0.38
20261001T111152Z-8adcb79,9ec20a677ffd,19101cd92bc9,9ec20a677ffd-100,100,0,1,44,29,51,0.2
20261001T111152Z-8adcb79,9ec20a677ffd,19101cd92bc9,9ec20a677ffd-101,101,0,0,,149,50,0.18
20261001T111152Z-8adcb79,9ec20a677ffd,19101cd92bc9,9ec20a677ffd-102,102,0,0,,145,49,0.18
20261001T111152Z-8adcb79,9ec20a677ffd,19101cd92bc9,9ec20a677ffd-103,103,0,0,,146,48,0.26
20261001T111152Z-8adcb79,9ec20a677ffd,19101cd92bc9,9ec20a677ffd-104,104,0,0,,22,47,0.17
20261001T111152Z-8adcb79,9ec20a677ffd,19101cd92bc9,9ec20a677ffd-105,105,0,0,,17,46,0.25
20261001T111152Z-8adcb79,9ec20a677ffd,19101cd92bc9,9ec20a677ffd-106,106,0,0,,55,45,0.2
20261001T111152Z-8adcb79,9ec20a677ffd,19101cd92bc9,9ec20a677ffd-107,107,0,0,,36,44,0.25
20261001T111152Z-8adcb79,9ec20a677ffd,19101cd92bc9,9ec20a677ffd-108,108,0,0,,11,43,0.22
20261001T111152Z-8adcb79,9ec20a677ffd,19101cd92bc9,9ec20a677ffd-109,109,0,0,,135,42,0.2
20261001T111152Z-8adcb79,9ec20a677ffd,19101cd92bc9,9ec20a677ffd-110,110,0,0,,150,41,0.24
20261001T111152Z-8adcb79,9ec20a677ffd,19101cd92bc9,9ec20a677ffd-111,111,0,0,,140,40,0.24
20261001T111152Z-8adcb79,9ec20a677ffd,19101cd92bc9,9ec20a677ffd-112,112,0,0,,26,39,0.3
20261001T111152Z-8adcb79,9ec20a677ffd,19101cd92bc9,9ec20a677ffd-113,113,0,0,,65,38,0.19
20261001T111152Z-8adcb79,9ec20a677ffd,19101cd92bc9,9ec20a677ffd-114,114,0,0,,75,37,0.2
20261001T111152Z-8adcb79,9ec20a677ffd,19101cd92bc9,9ec20a677ffd-115,115,0,0,,127,36,0.19
20261001T111152Z-8adcb79,9ec20a677ffd,19101cd92bc9,9ec20a677ffd-116,116,0,0,,27,35,0.23
20261001T111152Z-8adcb79,9ec20a677ffd,19101cd92bc9,9ec20a677ffd-117,117,0,0,,7,34,0.22
20261001T111152Z-8adcb79,9ec20a677ffd,19101cd92bc9,9ec20a677ffd-118,118,0,0,,136,33,0.17
20261001T111152Z-8adcb79,9ec20a677ffd,19101cd92bc9,9ec20a677ffd-119,119,1,1,59,94,32,0.56
20261001T111152Z-8adcb79,9ec20a677ffd,19101cd92bc9,9ec20a677ffd-120,120,0,1,58,89,31,0.44
20261001T111152Z-8adcb79,9ec20a677ffd,19101cd92bc9,9ec20a677ffd-121,121,0,1,43,8,30,0.13
20261001T111152Z-8adcb79,9ec20a677ffd,19101cd92bc9,9ec20a677ffd-122,122,0,1,42,38,29,0.27
20261001T111152Z-8adcb79,9ec20a677ffd,19101cd92bc9,9ec20a677ffd-123,123,0,1,41,21,28,0.26
20261001T111152Z-8adcb79,9ec20a677ffd,19101cd92bc9,9ec20a677ffd-124,124,0,1,26,47,27,0.41
20261001T111152Z-8adcb79,9ec20a677ffd,19101cd92bc9,9ec20a677ffd-125,125,0,1,25,33,26,0.39
20261001T111152Z-8adcb79,9ec20a677ffd,19101cd92bc9,9ec20a677ffd-126,126,0,1,40,90,25,0.27
20261001T111152Z-8adcb79,9ec20a677ffd,19101cd92bc9,9ec20a677ffd-127,127,0,1,10,67,24,0.32
20261001T111152Z-8adcb79,9ec20a677ffd,19101cd92bc9,9ec20a677ffd-128,128,0,1,39,102,23,0.27
20261001T111152Z-8adcb79,9ec20a677ffd,19101cd92bc9,9ec20a677ffd-129,129,0,1,38,28,22,0.23
20261001T111152Z-8adcb79,9ec20a677ffd,19101cd92bc9,9ec20a677ffd-130,130,0,1,14,57,21,0.24
20261001T111152Z-8adcb79,9ec20a677ffd,19101cd92bc9,9ec20a677ffd-131,131,0,1,19,32,20,0.17
20261001T111152Z-8adcb79,9ec20a677ffd,19101cd92bc9,9ec20a677ffd-132,132,0,1,37,10,19,0.26
20261001T111152Z-8adcb79,9ec20a677ffd,19101cd92bc9,9ec20a677ffd-133,133,0,1,8,83,18,0.31
20261001T111152Z-8adcb79,9ec20a677ffd,19101cd92bc9,9ec20a677ffd-134,134,0,1,18,46,17,0.26
20261001T111152Z-8adcb79,9ec20a677ffd,19101cd92bc9,9ec20a677ffd-135,135,0,1,24,23,16,0.26
20261001T111152Z-8adcb79,9ec20a677ffd,19101cd92bc9,9ec20a677ffd-136,136,0,1,36,40,15,0.43
20261001T111152Z-8adcb79,9ec20a677ffd,19101cd92bc9,9ec20a677ffd-137,137,0,1,17,20,14,0.17
20261001T111152Z-8adcb79,9ec20a677ffd,19101cd92bc9,9ec20a677ffd-138,138,0,1,35,42,13,0.25
20261001T111152Z-8adcb79,9ec20a677ffd,19101cd92bc9,9ec20a677ffd-139,139,0,1,34,45,12,0.19
20261001T111152Z-8adcb79,9ec20a677ffd,19101cd92bc9,9ec20a677ffd-140,140,0,1,57,148,11,0.39
20261001T111152Z-8adcb79,9ec20a677ffd,19101cd92bc9,9ec20a677ffd-141,141,0,1,23,25,10,0.33
20261001T111152Z-8adcb79,9ec20a677ffd,19101cd92bc9,9ec20a677ffd-142,142,0,1,33,18,9,0.33
20261001T111152Z-8adcb79,9ec20a677ffd,19101cd92bc9,9ec20a677ffd-143,143,1,1,13,4,8,0.54
20261001T111152Z-8adcb79,9ec20a677ffd,19101cd92bc9,9ec20a677ffd-144,144,0,1,1,43,7,0.26
20261001T111152Z-8adcb79,9ec20a677ffd,19101cd92bc9,9ec20a677ffd-145,145,0,1,56,141,6,0.31
20261001T111152Z-8adcb79,9ec20a677ffd,19101cd92bc9,9ec20a677ffd-146,146,0,1,12,52,5,0.46
20261001T111152Z-8adcb79,9ec20a677ffd,19101cd92bc9,9ec20a677ffd-147,147,0,1,5,13,4,0.3
20261001T111152Z-8adcb79,9ec20a677ffd,19101cd92bc9,9ec20a677ffd-148,148,0,1,32,16,3,0.25
20261001T111152Z-8adcb79,9ec20a677ffd,19101cd92bc9,9ec20a677ffd-149,149,0,1,31,5,2,0.26
20261001T111152Z-8adcb79,9ec20a677ffd,19101cd92bc9,9ec20a677ffd-150,150,0,1,30,6,1,0.23
20261001T111152Z-8adcb79,a3dea9027cad,34ce4ea44846,a3dea9027cad-001,1,0,1,,,55,0.43
20261001T111152Z-8adcb79,a3dea9027cad,34ce4ea44846,a3dea9027cad-002,2,0,1,,,54,0.33
20261001T111152Z-8adcb79,a3dea9027cad,34ce4ea44846,a3dea9027cad-003,3,0,1,,7,53,0.32
20261001T111152Z-8adcb79,a3dea9027cad,34ce4ea44846,a3dea9027cad-004,4,0,1,,27,52,0.29
20261001T111152Z-8adcb79,a3dea9027cad,34ce4ea44846,a3dea9027cad-005,5,0,1,,,51,0.28
20261001T111152Z-8adcb79,a3dea9027cad,34ce4ea44846,a3dea9027cad-006,6,0,1,20,,50,0.32
20261001T111152Z-8adcb79,a3dea9027cad,34ce4ea44846,a3dea9027cad-007,7,0,1,,,49,0.33
20261001T111152Z-8adcb79,a3dea9027cad,34ce4ea44846,a3dea9027cad-008,8,0,1,19,,48,0.29
20261001T111152Z-8adcb79,a3dea9027cad,34ce4ea44846,a3dea9027cad-009,9,0,1,,,47,0.39
20261001T111152Z-8adcb79,a3dea9027cad,34ce4ea44846,a3dea9027cad-010,10,0,1,,,46,0.33
20261001T111152Z-8adcb79,a3dea9027cad,34ce4ea44846,a3dea9027cad-011,11,0,1,,8,45,0.35
20261001T111152Z-8adcb79,a3dea9027cad,34ce4ea44846,a3dea9027cad-012,12,0,0,,15,44,0.31
20261001T111152Z-8adcb79,a3dea9027cad,34ce4ea44846,a3dea9027cad-013,13,0,1,,,43,0.35
20261001T111152Z-8adcb79,a3dea9027cad,34ce4ea44846,a3dea9027cad-014,14,0,1,,,42,0.27
20261001T111152Z-8adcb79,a3dea9027cad,34ce4ea44846,a3dea9027cad-015,15,0,1,,,41,0.28
20261001T111152Z-8adcb79,a3dea9027cad,34ce4ea44846,a3dea9027cad-016,16,0,1,,,40,0.3
20261001T111152Z-8adcb79,a3dea9027cad,34ce4ea44846,a3dea9027cad-017,17,0,1,,,39,0.32
20261001T111152Z-8adcb79,a3dea9027cad,34ce4ea44846,a3dea9027cad-018,18,0,1,,22,38,0.35
20261001T111152Z-8adcb79,a3dea9027cad,34ce4ea44846,a3dea9027cad-019,19,0,1,7,24,37,0.26
20261001T111152Z-8adcb79,a3dea9027cad,34ce4ea44846,a3dea9027cad-020,20,0,1,,12,36,0.19
20261001T111152Z-8adcb79,a3dea9027cad,34ce4ea44846,a3dea9027cad-021,21,0,1,18,3,35,0.23
20261001T111152Z-8adcb79,a3dea9027cad,34ce4ea44846,a3dea9027cad-022,22,0,0,,6,34,0.29
20261001T111152Z-8adcb79,a3dea9027cad,34ce4ea44846,a3dea9027cad-023,23,0,1,17,2,33,0.23
20261001T111152Z-8adcb79,a3dea9027cad,34ce4ea44846,a3dea9027cad-024,24,0,1,6,,32,0.24
20261001T111152Z-8adcb79,a3dea9027cad,34ce4ea44846,a3dea9027cad-025,25,0,1,5,,31,0.25
20261001T111152Z-8adcb79,a3dea9027cad,34ce4ea44846,a3dea9027cad-026,26,0,0,,5,30,0.31
20261001T111152Z-8adcb79,a3dea9027cad,34ce4ea44846,a3dea9027cad-027,27,0,1,16,,29,0.33
20261001T111152Z-8adcb79,a3dea9027cad,34ce4ea44846,a3dea9027cad-028,28,0,1,,,28,0.35
20261001T111152Z-8adcb79,a3dea9027cad,34ce4ea44846,a3dea9027cad-029,29,0,1,15,,27,0.33
20261001T111152Z-8adcb79,a3dea9027cad,34ce4ea44846,a3dea9027cad-030,30,0,1,,,26,0.3
20261001T111152Z-8adcb79,a3dea9027cad,34ce4ea44846,a3dea9027cad-031,31,0,1,,9,25,0.31
20261001T111152Z-8adcb79,a3dea9027cad,34ce4ea44846,a3dea9027cad-032,32,0,1,,,24,0.31
20261001T111152Z-8adcb79,a3dea9027cad,34ce4ea44846,a3dea9027cad-033,33,0,1,,,23,0.28
20261001T111152Z-8adcb79,a3dea9027cad,34ce4ea44846,a3dea9027cad-034,34,0,1,,,22,0.34
20261001T111152Z-8adcb79,a3dea9027cad,34ce4ea44846,a3dea9027cad-035,35,0,1,,,21,0.25
20261001T111152Z-8adcb79,a3dea9027cad,34ce4ea44846,a3dea9027cad-036,36,0,1,14,26,20,0.31
20261001T111152Z-8adcb79,a3dea9027cad,34ce4ea44846,a3dea9027cad-037,37,0,1,,18,19,0.36
20261001T111152Z-8adcb79,a3dea9027cad,34ce4ea44846,a3dea9027cad-038,38,0,1,,21,18,0.36
20261001T111152Z-8adcb79,a3dea9027cad,34ce4ea44846,a3dea9027cad-039,39,0,1,4,20,17,0.38
20261001T111152Z-8adcb79,a3dea9027cad,34ce4ea44846,a3dea9027cad-040,40,0,1,,,16,0.3
20261001T111152Z-8adcb79,a3dea9027cad,34ce4ea44846,a3dea9027cad-041,41,0,1,,13,15,0.33
20261001T111152Z-8adcb79,a3dea9027cad,34ce4ea44846,a3dea9027cad-042,42,0,1,,,14,0.32
20261001T111152Z-8adcb79,a3dea9027cad,34ce4ea44846,a3dea9027cad-043,43,0,1,,14,13,0.38
20261001T111152Z-8adcb79,a3dea9027cad,34ce4ea44846,a3dea9027cad-044,44,0,1,13,10,12,0.3
20261001T111152Z-8adcb79,a3dea9027cad,34ce4ea44846,a3dea9027cad-045,45,0,1,,25,11,0.28
20261001T111152Z-8adcb79,a3dea9027cad,34ce4ea44846,a3dea9027cad-046,46,0,1,2,23,10,0.27
20261001T111152Z-8adcb79,a3dea9027cad,34ce4ea44846,a3dea9027cad-047,47,0,1,1,19,9,0.3
20261001T111152Z-8adcb79,a3dea9027cad,34ce4ea44846,a3dea9027cad-048,48,0,1,10,17,8,0.26
20261001T111152Z-8adcb79,a3dea9027cad,34ce4ea44846,a3dea9027cad-049,49,0,1,12,,7,0.26
20261001T111152Z-8adcb79,a3dea9027cad,34ce4ea44846,a3dea9027cad-050,50,0,0,,11,6,0.22
20261001T111152Z-8adcb79,a3dea9027cad,34ce4ea44846,a3dea9027cad-051,51,0,1,8,,5,0.32
20261001T111152Z-8adcb79,a3dea9027cad,34ce4ea44846,a3dea9027cad-052,52,0,1,9,16,4,0.25
20261001T111152Z-8adcb79,a3dea9027cad,34ce4ea44846,a3dea9027cad-053,53,0,1,11,,3,0.41
20261001T111152Z-8adcb79,a3dea9027cad,34ce4ea44846,a3dea9027cad-054,54,0,0,,1,2,0.37
20261001T111152Z-8adcb79,a3dea9027cad,34ce4ea44846,a3dea9027cad-055,55,0,1,3,4,1,0.32
20261001T111152Z-8adcb79,a7a5f78fec98,4c37252a5d56,a7a5f78fec98-001,1,0,1,48,16,77,0.49
20261001T111152Z-8adcb79,a7a5f78fec98,4c37252a5d56,a7a5f78fec98-002,2,0,1,30,,76,0.43
20261001T111152Z-8adcb79,a7a5f78fec98,4c37252a5d56,a7a5f78fec98-003,3,0,1,24,,75,0.25
20261001T111152Z-8adcb79,a7a5f78fec98,4c37252a5d56,a7a5f78fec98-004,4,0,1,62,5,74,0.39
20261001T111152Z-8adcb79,a7a5f78fec98,4c37252a5d56,a7a5f78fec98-005,5,0,1,29,,73,0.28
20261001T111152Z-8adcb79,a7a5f78fec98,4c37252a5d56,a7a5f78fec98-006,6,0,1,61,,72,0.32
20261001T111152Z-8adcb79,a7a5f78fec98,4c37252a5d56,a7a5f78fec98-007,7,1,1,60,2,71,0.6
20261001T111152Z-8adcb79,a7a5f78fec98,4c37252a5d56,a7a5f78fec98-008,8,0,1,23,7,70,0.31
20261001T111152Z-8adcb79,a7a5f78fec98,4c37252a5d56,a7a5f78fec98-009,9,0,1,47,,69,0.2
20261001T111152Z-8adcb79,a7a5f78fec98,4c37252a5d56,a7a5f78fec98-010,10,0,1,,11,68,0.24
20261001T111152Z-8adcb79,a7a5f78fec98,4c37252a5d56,a7a5f78fec98-011,11,0,1,46,,67,0.34
20261001T111152Z-8adcb79,a7a5f78fec98,4c37252a5d56,a7a5f78fec98-012,12,0,1,59,,66,0.24
20261001T111152Z-8adcb79,a7a5f78fec98,4c37252a5d56,a7a5f78fec98-013,13,0,1,,1,65,0.3
20261001T111152Z-8adcb79,a7a5f78fec98,4c37252a5d56,a7a5f78fec98-014,14,0,1,58,,64,0.32
20261001T111152Z-8adcb79,a7a5f78fec98,4c37252a5d56,a7a5f78fec98-015,15,0,1,,,63,0.18
20261001T111152Z-8adcb79,a7a5f78fec98,4c37252a5d56,a7a5f78fec98-016,16,0,1,57,,62,0.3
20261001T111152Z-8adcb79,a7a5f78fec98,4c37252a5d56,a7a5f78fec98-017,17,0,1,,,61,0.23
20261001T111152Z-8adcb79,a7a5f78fec98,4c37252a5d56,a7a5f78fec98-018,18,0,1,,,60,0.24
20261001T111152Z-8adcb79,a7a5f78fec98,4c37252a5d56,a7a5f78fec98-019,19,0,1,45,,59,0.3
20261001T111152Z-8adcb79,a7a5f78fec98,4c37252a5d56,a7a5f78fec98-020,20,0,1,56,,58,0.25
20261001T111152Z-8adcb79,a7a5f78fec98,4c37252a5d56,a7a5f78fec98-021,21,0,1,44,8,57,0.23
20261001T111152Z-8adcb79,a7a5f78fec98,4c37252a5d56,a7a5f78fec98-022,22,0,1,43,,56,0.26
20261001T111152Z-8adcb79,a7a5f78fec98,4c37252a5d56,a7a5f78fec98-023,23,0,1,17,,55,0.27
20261001T111152Z-8adcb79,a7a5f78fec98,4c37252a5d56,a7a5f78fec98-024,24,0,1,42,29,54,0.36
20261001T111152Z-8adcb79,a7a5f78fec98,4c37252a5d56,a7a5f78fec98-025,25,0,1,55,,53,0.33
20261001T111152Z-8adcb79,a7a5f78fec98,4c37252a5d56,a7a5f78fec98-026,26,0,1,54,,52,0.33
20261001T111152Z-8adcb79,a7a5f78fec98,4c37252a5d56,a7a5f78fec98-027,27,0,1,53,,51,0.28
20261001T111152Z-8adcb79,a7a5f78fec98,4c37252a5d56,a7a5f78fec98-028,28,0,1,52,,50,0.43
20261001T111152Z-8adcb79,a7a5f78fec98,4c37252a5d56,a7a5f78fec98-029,29,0,1,51,17,49,0.4
20261001T111152Z-8adcb79,a7a5f78fec98,4c37252a5d56,a7a5f78fec98-030,30,0,1,14,13,48,0.36
20261001T111152Z-8adcb79,a7a5f78fec98,4c37252a5d56,a7a5f78fec98-031,31,0,0,,10,47,0.33
20261001T111152Z-8adcb79,a7a5f78fec98,4c37252a5d56,a7a5f78fec98-032,32,0,0,,15,46,0.33
20261001T111152Z-8adcb79,a7a5f78fec98,4c37252a5d56,a7a5f78fec98-033,33,0,0,,25,45,0.34
20261001T111152Z-8adcb79,a7a5f78fec98,4c37252a5d56,a7a5f78fec98-034,34,0,1,22,27,44,0.39
20261001T111152Z-8adcb79,a7a5f78fec98,4c37252a5d56,a7a5f78fec98-035,35,0,1,41,24,43,0.34
20261001T111152Z-8adcb79,a7a5f78fec98,4c37252a5d56,a7a5f78fec98-036,36,0,0,,,42,0.26
20261001T111152Z-8adcb79,a7a5f78fec98,4c37252a5d56,a7a5f78fec98-037,37,0,0,,31,41,0.28
20261001T111152Z-8adcb79,a7a5f78fec98,4c37252a5d56,a7a5f78fec98-038,38,0,1,40,26,40,0.33
20261001T111152Z-8adcb79,a7a5f78fec98,4c37252a5d56,a7a5f78fec98-039,39,0,1,21,28,39,0.37
20261001T111152Z-8adcb79,a7a5f78fec98,4c37252a5d56,a7a5f78fec98-040,40,0,1,39,,38,0.38
20261001T111152Z-8adcb79,a7a5f78fec98,4c37252a5d56,a7a5f78fec98-041,41,0,1,28,,37,0.35
20261001T111152Z-8adcb79,a7a5f78fec98,4c37252a5d56,a7a5f78fec98-042,42,0,1,20,,36,0.39
20261001T111152Z-8adcb79,a7a5f78fec98,4c37252a5d56,a7a5f78fec98-043,43,0,1,38,,35,0.36
20261001T111152Z-8adcb79,a7a5f78fec98,4c37252a5d56,a7a5f78fec98-044,44,0,1,13,6,34,0.28
20261001T111152Z-8adcb79,a7a5f78fec98,4c37252a5d56,a7a5f78fec98-045,45,0,1,12,,33,0.25
20261001T111152Z-8adcb79,a7a5f78fec98,4c37252a5d56,a7a5f78fec98-046,46,0,1,8,,32,0.27
20261001T111152Z-8adcb79,a7a5f78fec98,4c37252a5d56,a7a5f78fec98-047,47,0,1,27,9,31,0.4
20261001T111152Z-8adcb79,a7a5f78fec98,4c37252a5d56,a7a5f78fec98-048,48,0,1,11,4,30,0.27
20261001T111152Z-8adcb79,a7a5f78fec98,4c37252a5d56,a7a5f78fec98-049,49,0,1,26,,29,0.27
20261001T111152Z-8adcb79,a7a5f78fec98,4c37252a5d56,a7a5f78fec98-050,50,0,1,37,,28,0.4
20261001T111152Z-8adcb79,a7a5f78fec98,4c37252a5d56,a7a5f78fec98-051,51,0,0,,19,27,0.32
20261001T111152Z-8adcb79,a7a5f78fec98,4c37252a5d56,a7a5f78fec98-052,52,0,0,,20,26,0.29
20261001T111152Z-8adcb79,a7a5f78fec98,4c37252a5d56,a7a5f78fec98-053,53,0,0,,23,25,0.26
20261001T111152Z-8adcb79,a7a5f78fec98,4c37252a5d56,a7a5f78fec98-054,54,0,1,16,,24,0.29
20261001T111152Z-8adcb79,a7a5f78fec98,4c37252a5d56,a7a5f78fec98-055,55,0,1,36,14,23,0.28
20261001T111152Z-8adcb79,a7a5f78fec98,4c37252a5d56,a7a5f78fec98-056,56,0,1,10,,22,0.22
20261001T111152Z-8adcb79,a7a5f78fec98,4c37252a5d56,a7a5f78fec98-057,57,0,1,6,,21,0.24
20261001T111152Z-8adcb79,a7a5f78fec98,4c37252a5d56,a7a5f78fec98-058,58,0,1,35,3,20,0.27
20261001T111152Z-8adcb79,a7a5f78fec98,4c37252a5d56,a7a5f78fec98-059,59,0,1,5,,19,0.28
20261001T111152Z-8adcb79,a7a5f78fec98,4c37252a5d56,a7a5f78fec98-060,60,0,1,4,,18,0.24
20261001T111152Z-8adcb79,a7a5f78fec98,4c37252a5d56,a7a5f78fec98-061,61,0,1,7,,17,0.25
20261001T111152Z-8adcb79,a7a5f78fec98,4c37252a5d56,a7a5f78fec98-062,62,0,1,34,12,16,0.33
20261001T111152Z-8adcb79,a7a5f78fec98,4c37252a5d56,a7a5f78fec98-063,63,0,1,9,18,15,0.27
20261001T111152Z-8adcb79,a7a5f78fec98,4c37252a5d56,a7a5f78fec98-064,64,0,1,3,22,14,0.27
20261001T111152Z-8adcb79,a7a5f78fec98,4c37252a5d56,a7a5f78fec98-065,65,0,1,33,,13,0.38
20261001T111152Z-8adcb79,a7a5f78fec98,4c37252a5d56,a7a5f78fec98-066,66,0,1,1,,12,0.23
20261001T111152Z-8adcb79,a7a5f78fec98,4c37252a5d56,a7a5f78fec98-067,67,0,0,,21,11,0.35
20261001T111152Z-8adcb79,a7a5f78fec98,4c37252a5d56,a7a5f78fec98-068,68,0,1,19,,10,0.35
20261001T111152Z-8adcb79,a7a5f78fec98,4c37252a5d56,a7a5f78fec98-069,69,0,1,32,,9,0.4
20261001T111152Z-8adcb79,a7a5f78fec98,4c37252a5d56,a7a5f78fec98-070,70,0,1,18,,8,0.28
20261001T111152Z-8adcb79,a7a5f78fec98,4c37252a5d56,a7a5f78fec98-071,71,0,1,31,,7,0.24
20261001T111152Z-8adcb79,a7a5f78fec98,4c37252a5d56,a7a5f78fec98-072,72,0,1,2,30,6,0.41
20261001T111152Z-8adcb79,a7a5f78fec98,4c37252a5d56,a7a5f78fec98-073,73,0,1,25,,5,0.31
20261001T111152Z-8adcb79,a7a5f78fec98,4c37252a5d56,a7a5f78fec98-074,74,0,0,,,4,0.39
20261001T111152Z-8adcb79,a7a5f78fec98,4c37252a5d56,a7a5f78fec98-075,75,0,1,15,,3,0.25
20261001T111152Z-8adcb79,a7a5f78fec98,4c37252a5d56,a7a5f78fec98-076,76,0,1,50,,2,0.24
20261001T111152Z-8adcb79,a7a5f78fec98,4c37252a5d56,a7a5f78fec98-077,77,0,1,49,,1,0.37
20261001T111152Z-8adcb79,a9ba4cb9dde6,4c37252a5d56,a9ba4cb9dde6-001,1,1,1,,19,124,0.53
20261001T111152Z-8adcb79,a9ba4cb9dde6,4c37252a5d56,a9ba4cb9dde6-002,2,0,1,,,123,0.46
20261001T111152Z-8adcb79,a9ba4cb9dde6,4c37252a5d56,a9ba4cb9dde6-003,3,0,1,34,,122,0.39
20261001T111152Z-8adcb79,a9ba4cb9dde6,4c37252a5d56,a9ba4cb9dde6-004,4,0,1,,20,121,0.46
20261001T111152Z-8adcb79,a9ba4cb9dde6,4c37252a5d56,a9ba4cb9dde6-005,5,0,1,33,,120,0.44
20261001T111152Z-8adcb79,a9ba4cb9dde6,4c37252a5d56,a9ba4cb9dde6-006,6,0,1,,17,119,0.42
20261001T111152Z-8adcb79,a9ba4cb9dde6,4c37252a5d56,a9ba4cb9dde6-007,7,0,1,,,118,0.32
20261001T111152Z-8adcb79,a9ba4cb9dde6,4c37252a5d56,a9ba4cb9dde6-008,8,0,1,32,,117,0.42
20261001T111152Z-8adcb79,a9ba4cb9dde6,4c37252a5d56,a9ba4cb9dde6-009,9,0,1,,,116,0.37
20261001T111152Z-8adcb79,a9ba4cb9dde6,4c37252a5d56,a9ba4cb9dde6-010,10,0,1,,,115,0.29
20261001T111152Z-8adcb79,a9ba4cb9dde6,4c37252a5d56,a9ba4cb9dde6-011,11,0,1,,,114,0.32
20261001T111152Z-8adcb79,a9ba4cb9dde6,4c37252a5d56,a9ba4cb9dde6-012,12,0,1,,,113,0.34
20261001T111152Z-8adcb79,a9ba4cb9dde6,4c37252a5d56,a9ba4cb9dde6-013,13,0,1,,,112,0.36
20261001T111152Z-8adcb79,a9ba4cb9dde6,4c37252a5d56,a9ba4cb9dde6-014,14,0,1,,,111,0.41
20261001T111152Z-8adcb79,a9ba4cb9dde6,4c37252a5d56,a9ba4cb9dde6-015,15,0,1,,,110,0.28
20261001T111152Z-8adcb79,a9ba4cb9dde6,4c37252a5d56,a9ba4cb9dde6-016,16,0,1,,,109,0.34
20261001T111152Z-8adcb79,a9ba4cb9dde6,4c37252a5d56,a9ba4cb9dde6-017,17,0,1,,,108,0.3
20261001T111152Z-8adcb79,a9ba4cb9dde6,4c37252a5d56,a9ba4cb9dde6-018,18,0,1,,,107,0.42
20261001T111152Z-8adcb79,a9ba4cb9dde6,4c37252a5d56,a9ba4cb9dde6-019,19,0,1,,,106,0.41
20261001T111152Z-8adcb79,a9ba4cb9dde6,4c37252a5d56,a9ba4cb9dde6-020,20,0,1,,,105,0.38
20261001T111152Z-8adcb79,a9ba4cb9dde6,4c37252a5d56,a9ba4cb9dde6-021,21,0,1,,,104,0.46
20261001T111152Z-8adcb79,a9ba4cb9dde6,4c37252a5d56,a9ba4cb9dde6-022,22,0,1,,,103,0.41
20261001T111152Z-8adcb79,a9ba4cb9dde6,4c37252a5d56,a9ba4cb9dde6-023,23,0,1,31,18,102,0.36
20261001T111152Z-8adcb79,a9ba4cb9dde6,4c37252a5d56,a9ba4cb9dde6-024,24,1,1,30,11,101,0.56
20261001T111152Z-8adcb79,a9ba4cb9dde6,4c37252a5d56,a9ba4cb9dde6-025,25,0,1,29,,100,0.48
20261001T111152Z-8adcb79,a9ba4cb9dde6,4c37252a5d56,a9ba4cb9dde6-026,26,0,1,,,99,0.35
20261001T111152Z-8adcb79,a9ba4cb9dde6,4c37252a5d56,a9ba4cb9dde6-027,27,0,1,,,98,0.33
20261001T111152Z-8adcb79,a9ba4cb9dde6,4c37252a5d56,a9ba4cb9dde6-028,28,0,1,,,97,0.34
20261001T111152Z-8adcb79,a9ba4cb9dde6,4c37252a5d56,a9ba4cb9dde6-029,29,0,1,,,96,0.32
20261001T111152Z-8adcb79,a9ba4cb9dde6,4c37252a5d56,a9ba4cb9dde6-030,30,0,1,10,,95,0.35
20261001T111152Z-8adcb79,a9ba4cb9dde6,4c37252a5d56,a9ba4cb9dde6-031,31,0,0,,,94,0.33
20261001T111152Z-8adcb79,a9ba4cb9dde6,4c37252a5d56,a9ba4cb9dde6-032,32,0,0,,9,93,0.35
20261001T111152Z-8adcb79,a9ba4cb9dde6,4c37252a5d56,a9ba4cb9dde6-033,33,0,0,,,92,0.49
20261001T111152Z-8adcb79,a9ba4cb9dde6,4c37252a5d56,a9ba4cb9dde6-034,34,0,1,,,91,0.37
20261001T111152Z-8adcb79,a9ba4cb9dde6,4c37252a5d56,a9ba4cb9dde6-035,35,0,1,,8,90,0.36
20261001T111152Z-8adcb79,a9ba4cb9dde6,4c37252a5d56,a9ba4cb9dde6-036,36,0,0,,,89,0.32
20261001T111152Z-8adcb79,a9ba4cb9dde6,4c37252a5d56,a9ba4cb9dde6-037,37,0,0,,,88,0.44
20261001T111152Z-8adcb79,a9ba4cb9dde6,4c37252a5d56,a9ba4cb9dde6-038,38,0,1,,,87,0.35
20261001T111152Z-8adcb79,a9ba4cb9dde6,4c37252a5d56,a9ba4cb9dde6-039,39,0,1,,2,86,0.37
20261001T111152Z-8adcb79,a9ba4cb9dde6,4c37252a5d56,a9ba4cb9dde6-040,40,0,1,,,85,0.3
20261001T111152Z-8adcb79,a9ba4cb9dde6,4c37252a5d56,a9ba4cb9dde6-041,41,0,1,,,84,0.28
20261001T111152Z-8adcb79,a9ba4cb9dde6,4c37252a5d56,a9ba4cb9dde6-042,42,0,1,,,83,0.31
20261001T111152Z-8adcb79,a9ba4cb9dde6,4c37252a5d56,a9ba4cb9dde6-043,43,0,1,,1,82,0.35
20261001T111152Z-8adcb79,a9ba4cb9dde6,4c37252a5d56,a9ba4cb9dde6-044,44,0,1,,21,81,0.32
20261001T111152Z-8adcb79,a9ba4cb9dde6,4c37252a5d56,a9ba4cb9dde6-045,45,0,1,,6,80,0.35
20261001T111152Z-8adcb79,a9ba4cb9dde6,4c37252a5d56,a9ba4cb9dde6-046,46,0,1,,7,79,0.28
20261001T111152Z-8adcb79,a9ba4cb9dde6,4c37252a5d56,a9ba4cb9dde6-047,47,0,1,,,78,0.36
20261001T111152Z-8adcb79,a9ba4cb9dde6,4c37252a5d56,a9ba4cb9dde6-048,48,0,1,,,77,0.28
20261001T111152Z-8adcb79,a9ba4cb9dde6,4c37252a5d56,a9ba4cb9dde6-049,49,0,1,,,76,0.27
20261001T111152Z-8adcb79,a9ba4cb9dde6,4c37252a5d56,a9ba4cb9dde6-050,50,0,1,,16,75,0.38
20261001T111152Z-8adcb79,a9ba4cb9dde6,4c37252a5d56,a9ba4cb9dde6-051,51,0,0,,,74,0.27
20261001T111152Z-8adcb79,a9ba4cb9dde6,4c37252a5d56,a9ba4cb9dde6-052,52,0,0,,,73,0.35
20261001T111152Z-8adcb79,a9ba4cb9dde6,4c37252a5d56,a9ba4cb9dde6-053,53,0,0,,,72,0.33
20261001T111152Z-8adcb79,a9ba4cb9dde6,4c37252a5d56,a9ba4cb9dde6-054,54,0,1,,,71,0.32
20261001T111152Z-8adcb79,a9ba4cb9dde6,4c37252a5d56,a9ba4cb9dde6-055,55,0,1,,,70,0.47
20261001T111152Z-8adcb79,a9ba4cb9dde6,4c37252a5d56,a9ba4cb9dde6-056,56,0,1,,,69,0.33
20261001T111152Z-8adcb79,a9ba4cb9dde6,4c37252a5d56,a9ba4cb9dde6-057,57,0,1,,,68,0.28
20261001T111152Z-8adcb79,a9ba4cb9dde6,4c37252a5d56,a9ba4cb9dde6-058,58,0,1,,,67,0.38
20261001T111152Z-8adcb79,a9ba4cb9dde6,4c37252a5d56,a9ba4cb9dde6-059,59,0,1,28,,66,0.38
20261001T111152Z-8adcb79,a9ba4cb9dde6,4c37252a5d56,a9ba4cb9dde6-060,60,0,1,27,,65,0.31
20261001T111152Z-8adcb79,a9ba4cb9dde6,4c37252a5d56,a9ba4cb9dde6-061,61,0,1,,,64,0.36
20261001T111152Z-8adcb79,a9ba4cb9dde6,4c37252a5d56,a9ba4cb9dde6-062,62,0,1,26,14,63,0.37
20261001T111152Z-8adcb79,a9ba4cb9dde6,4c37252a5d56,a9ba4cb9dde6-063,63,0,1,9,,62,0.34
20261001T111152Z-8adcb79,a9ba4cb9dde6,4c37252a5d56,a9ba4cb9dde6-064,64,0,1,8,,61,0.34
20261001T111152Z-8adcb79,a9ba4cb9dde6,4c37252a5d56,a9ba4cb9dde6-065,65,0,1,,,60,0.39
20261001T111152Z-8adcb79,a9ba4cb9dde6,4c37252a5d56,a9ba4cb9dde6-066,66,0,1,7,,59,0.3
20261001T111152Z-8adcb79,a9ba4cb9dde6,4c37252a5d56,a9ba4cb9dde6-067,67,0,0,,,58,0.35
20261001T111152Z-8adcb79,a9ba4cb9dde6,4c37252a5d56,a9ba4cb9dde6-068,68,0,1,,15,57,0.34
20261001T111152Z-8adcb79,a9ba4cb9dde6,4c37252a5d56,a9ba4cb9dde6-069,69,0,1,,,56,0.38
20261001T111152Z-8adcb79,a9ba4cb9dde6,4c37252a5d56,a9ba4cb9dde6-070,70,0,1,,,55,0.32
20261001T111152Z-8adcb79,a9ba4cb9dde6,4c37252a5d56,a9ba4cb9dde6-071,71,0,1,,,54,0.25
20261001T111152Z-8adcb79,a9ba4cb9dde6,4c37252a5d56,a9ba4cb9dde6-072,72,0,1,25,22,53,0.37
20261001T111152Z-8adcb79,a9ba4cb9dde6,4c37252a5d56,a9ba4cb9dde6-073,73,0,1,,,52,0.34
20261001T111152Z-8adcb79,a9ba4cb9dde6,4c37252a5d56,a9ba4cb9dde6-074,74,0,0,,,51,0.4
20261001T111152Z-8adcb79,a9ba4cb9dde6,4c37252a5d56,a9ba4cb9dde6-075,75,0,1,,,50,0.33
20261001T111152Z-8adcb79,a9ba4cb9dde6,4c37252a5d56,a9ba4cb9dde6-076,76,0,1,,,49,0.25
20261001T111152Z-8adcb79,a9ba4cb9dde6,4c37252a5d56,a9ba4cb9dde6-077,77,0,1,,,48,0.34
20261001T111152Z-8adcb79,a9ba4cb9dde6,4c37252a5d56,a9ba4cb9dde6-078,78,0,1,24,,47,0.32
20261001T111152Z-8adcb79,a9ba4cb9dde6,4c37252a5d56,a9ba4cb9dde6-079,79,0,1,23,,46,0.4
20261001T111152Z-8adcb79,a9ba4cb9dde6,4c37252a5d56,a9ba4cb9dde6-080,80,0,0,,,45,0.27
20261001T111152Z-8adcb79,a9ba4cb9dde6,4c37252a5d56,a9ba4cb9dde6-081,81,0,0,,,44,0.3
20261001T111152Z-8adcb79,a9ba4cb9dde6,4c37252a5d56,a9ba4cb9dde6-082,82,0,1,,,43,0.35
20261001T111152Z-8adcb79,a9ba4cb9dde6,4c37252a5d56,a9ba4cb9dde6-083,83,0,1,,,42,0.28
20261001T111152Z-8adcb79,a9ba4cb9dde6,4c37252a5d56,a9ba4cb9dde6-084,84,0,1,22,,41,0.37
20261001T111152Z-8adcb79,a9ba4cb9dde6,4c37252a5d56,a9ba4cb9dde6-085,85,0,1,,,40,0.33
20261001T111152Z-8adcb79,a9ba4cb9dde6,4c37252a5d56,a9ba4cb9dde6-086,86,0,1,21,,39,0.31
20261001T111152Z-8adcb79,a9ba4cb9dde6,4c37252a5d56,a9ba4cb9dde6-087,87,0,1,,,38,0.38
20261001T111152Z-8adcb79,a9ba4cb9dde6,4c37252a5d56,a9ba4cb9dde6-088,88,0,1,,,37,0.42
20261001T111152Z-8adcb79,a9ba4cb9dde6,4c37252a5d56,a9ba4cb9dde6-089,89,0,1,,,36,0.27
20261001T111152Z-8adcb79,a9ba4cb9dde6,4c37252a5d56,a9ba4cb9dde6-090,90,0,1,,,35,0.32
20261001T111152Z-8adcb79,a9ba4cb9dde6,4c37252a5d56,a9ba4cb9dde6-091,91,0,1,,,34,0.33
20261001T111152Z-8adcb79,a9ba4cb9dde6,4c37252a5d56,a9ba4cb9dde6-092,92,0,1,,,33,0.33
20261001T111152Z-8adcb79,a9ba4cb9dde6,4c37252a5d56,a9ba4cb9dde6-093,93,0,1,,,32,0.35
20261001T111152Z-8adcb79,a9ba4cb9dde6,4c37252a5d56,a9ba4cb9dde6-094,94,0,0,,,31,0.35
20261001T111152Z-8adcb79,a9ba4cb9dde6,4c37252a5d56,a9ba4cb9dde6-095,95,0,1,,,30,0.34
20261001T111152Z-8adcb79,a9ba4cb9dde6,4c37252a5d56,a9ba4cb9dde6-096,96,0,1,,,29,0.25
20261001T111152Z-8adcb79,a9ba4cb9dde6,4c37252a5d56,a9ba4cb9dde6-097,97,0,1,,,28,0.27
20261001T111152Z-8adcb79,a9ba4cb9dde6,4c37252a5d56,a9ba4cb9dde6-098,98,0,1,20,,27,0.37
20261001T111152Z-8adcb79,a9ba4cb9dde6,4c37252a5d56,a9ba4cb9dde6-099,99,0,1,,,26,0.38
20261001T111152Z-8adcb79,a9ba4cb9dde6,4c37252a5d56,a9ba4cb9dde6-100,100,1,1,,4,25,0.51
20261001T111152Z-8adcb79,a9ba4cb9dde6,4c37252a5d56,a9ba4cb9dde6-101,101,0,1,4,,24,0.45
20261001T111152Z-8adcb79,a9ba4cb9dde6,4c37252a5d56,a9ba4cb9dde6-102,102,1,1,19,,23,0.65
20261001T111152Z-8adcb79,a9ba4cb9dde6,4c37252a5d56,a9ba4cb9dde6-103,103,0,1,18,,22,0.46
20261001T111152Z-8adcb79,a9ba4cb9dde6,4c37252a5d56,a9ba4cb9dde6-104,104,0,1,,,21,0.35
20261001T111152Z-8adcb79,a9ba4cb9dde6,4c37252a5d56,a9ba4cb9dde6-105,105,0,1,,,20,0.39
20261001T111152Z-8adcb79,a9ba4cb9dde6,4c37252a5d56,a9ba4cb9dde6-106,106,0,1,17,,19,0.37
20261001T111152Z-8adcb79,a9ba4cb9dde6,4c37252a5d56,a9ba4cb9dde6-107,107,0,1,,,18,0.37
20261001T111152Z-8adcb79,a9ba4cb9dde6,4c37252a5d56,a9ba4cb9dde6-108,108,0,1,,,17,0.33
20261001T111152Z-8adcb79,a9ba4cb9dde6,4c37252a5d56,a9ba4cb9dde6-109,109,0,1,,,16,0.36
20261001T111152Z-8adcb79,a9ba4cb9dde6,4c37252a5d56,a9ba4cb9dde6-110,110,0,1,,,15,0.45
20261001T111152Z-8adcb79,a9ba4cb9dde6,4c37252a5d56,a9ba4cb9dde6-111,111,1,1,16,,14,0.56
20261001T111152Z-8adcb79,a9ba4cb9dde6,4c37252a5d56,a9ba4cb9dde6-112,112,0,1,15,10,13,0.38
20261001T111152Z-8adcb79,a9ba4cb9dde6,4c37252a5d56,a9ba4cb9dde6-113,113,0,1,2,13,12,0.39
20261001T111152Z-8adcb79,a9ba4cb9dde6,4c37252a5d56,a9ba4cb9dde6-114,114,0,1,,5,11,0.43
20261001T111152Z-8adcb79,a9ba4cb9dde6,4c37252a5d56,a9ba4cb9dde6-115,115,0,1,,3,10,0.44
20261001T111152Z-8adcb79,a9ba4cb9dde6,4c37252a5d56,a9ba4cb9dde6-116,116,0,1,,,9,0.39
20261001T111152Z-8adcb79,a9ba4cb9dde6,4c37252a5d56,a9ba4cb9dde6-117,117,0,1,6,,8,0.38
20261001T111152Z-8adcb79,a9ba4cb9dde6,4c37252a5d56,a9ba4cb9dde6-118,118,0,1,3,,7,0.38
20261001T111152Z-8adcb79,a9ba4cb9dde6,4c37252a5d56,a9ba4cb9dde6-119,119,0,1,5,,6,0.32
20261001T111152Z-8adcb79,a9ba4cb9dde6,4c37252a5d56,a9ba4cb9dde6-120,120,0,1,14,,5,0.38
20261001T111152Z-8adcb79,a9ba4cb9dde6,4c37252a5d56,a9ba4cb9dde6-121,121,0,1,13,,4,0.39
20261001T111152Z-8adcb79,a9ba4cb9dde6,4c37252a5d56,a9ba4cb9dde6-122,122,0,1,12,,3,0.41
20261001T111152Z-8adcb79,a9ba4cb9dde6,4c37252a5d56,a9ba4cb9dde6-123,123,0,1,11,,2,0.4
20261001T111152Z-8adcb79,a9ba4cb9dde6,4c37252a5d56,a9ba4cb9dde6-124,124,0,1,1,12,1,0.38
20261001T111152Z-8adcb79,aa1d1caaa3a8,4c37252a5d56,aa1d1caaa3a8-001,1,0,1,,5,117,0.41
20261001T111152Z-8adcb79,aa1d1caaa3a8,4c37252a5d56,aa1d1caaa3a8-002,2,0,1,30,32,116,0.34
20261001T111152Z-8adcb79,aa1d1caaa3a8,4c37252a5d56,aa1d1caaa3a8-003,3,0,1,19,81,115,0.31
20261001T111152Z-8adcb79,aa1d1caaa3a8,4c37252a5d56,aa1d1caaa3a8-004,4,0,1,72,47,114,0.35
20261001T111152Z-8adcb79,aa1d1caaa3a8,4c37252a5d56,aa1d1caaa3a8-005,5,0,1,18,35,113,0.31
20261001T111152Z-8adcb79,aa1d1caaa3a8,4c37252a5d56,aa1d1caaa3a8-006,6,0,1,71,,112,0.3
20261001T111152Z-8adcb79,aa1d1caaa3a8,4c37252a5d56,aa1d1caaa3a8-007,7,0,1,,10,111,0.27
20261001T111152Z-8adcb79,aa1d1caaa3a8,4c37252a5d56,aa1d1caaa3a8-008,8,0,1,29,,110,0.26
20261001T111152Z-8adcb79,aa1d1caaa3a8,4c37252a5d56,aa1d1caaa3a8-009,9,0,1,28,44,109,0.26
20261001T111152Z-8adcb79,aa1d1caaa3a8,4c37252a5d56,aa1d1caaa3a8-010,10,0,1,,,108,0.25
20261001T111152Z-8adcb79,aa1d1caaa3a8,4c37252a5d56,aa1d1caaa3a8-011,11,0,1,,17,107,0.27
20261001T111152Z-8adcb79,aa1d1caaa3a8,4c37252a5d56,aa1d1caaa3a8-012,12,0,1,70,91,106,0.19
20261001T111152Z-8adcb79,aa1d1caaa3a8,4c37252a5d56,aa1d1caaa3a8-013,13,0,1,,29,105,0.24
20261001T111152Z-8adcb79,aa1d1caaa3a8,4c37252a5d56,aa1d1caaa3a8-014,14,0,1,,93,104,0.27
20261001T111152Z-8adcb79,aa1d1caaa3a8,4c37252a5d56,aa1d1caaa3a8-015,15,0,1,,60,103,0.24
20261001T111152Z-8adcb79,aa1d1caaa3a8,4c37252a5d56,aa1d1caaa3a8-016,16,0,1,,,102,0.22
20261001T111152Z-8adcb79,aa1d1caaa3a8,4c37252a5d56,aa1d1caaa3a8-017,17,0,1,,,101,0.19
20261001T111152Z-8adcb79,aa1d1caaa3a8,4c37252a5d56,aa1d1caaa3a8-018,18,0,1,,,100,0.29
20261001T111152Z-8adcb79,aa1d1caaa3a8,4c37252a5d56,aa1d1caaa3a8-019,19,0,1,69,61,99,0.32
20261001T111152Z-8adcb79,aa1d1caaa3a8,4c37252a5d56,aa1d1caaa3a8-020,20,0,1,,90,98,0.26
20261001T111152Z-8adcb79,aa1d1caaa3a8,4c37252a5d56,aa1d1caaa3a8-021,21,0,1,17,54,97,0.33
20261001T111152Z-8adcb79,aa1d1caaa3a8,4c37252a5d56,aa1d1caaa3a8-022,22,0,1,27,37,96,0.35
20261001T111152Z-8adcb79,aa1d1caaa3a8,4c37252a5d56,aa1d1caaa3a8-023,23,0,1,7,92,95,0.21
20261001T111152Z-8adcb79,aa1d1caaa3a8,4c37252a5d56,aa1d1caaa3a8-024,24,0,1,26,14,94,0.37
20261001T111152Z-8adcb79,aa1d1caaa3a8,4c37252a5d56,aa1d1caaa3a8-025,25,0,1,68,49,93,0.27
20261001T111152Z-8adcb79,aa1d1caaa3a8,4c37252a5d56,aa1d1caaa3a8-026,26,0,1,67,55,92,0.29
20261001T111152Z-8adcb79,aa1d1caaa3a8,4c37252a5d56,aa1d1caaa3a8-027,27,0,1,66,45,91,0.23
20261001T111152Z-8adcb79,aa1d1caaa3a8,4c37252a5d56,aa1d1caaa3a8-028,28,0,1,,27,90,0.27
20261001T111152Z-8adcb79,aa1d1caaa3a8,4c37252a5d56,aa1d1caaa3a8-029,29,0,1,,46,89,0.29
20261001T111152Z-8adcb79,aa1d1caaa3a8,4c37252a5d56,aa1d1caaa3a8-030,30,0,1,16,73,88,0.21
20261001T111152Z-8adcb79,aa1d1caaa3a8,4c37252a5d56,aa1d1caaa3a8-031,31,0,0,,7,87,0.23
20261001T111152Z-8adcb79,aa1d1caaa3a8,4c37252a5d56,aa1d1caaa3a8-032,32,0,0,,3,86,0.28
20261001T111152Z-8adcb79,aa1d1caaa3a8,4c37252a5d56,aa1d1caaa3a8-033,33,0,0,,25,85,0.26
20261001T111152Z-8adcb79,aa1d1caaa3a8,4c37252a5d56,aa1d1caaa3a8-034,34,0,1,65,38,84,0.28
20261001T111152Z-8adcb79,aa1d1caaa3a8,4c37252a5d56,aa1d1caaa3a8-035,35,0,1,,23,83,0.28
20261001T111152Z-8adcb79,aa1d1caaa3a8,4c37252a5d56,aa1d1caaa3a8-036,36,0,0,,83,82,0.24
20261001T111152Z-8adcb79,aa1d1caaa3a8,4c37252a5d56,aa1d1caaa3a8-037,37,0,0,,8,81,0.3
20261001T111152Z-8adcb79,aa1d1caaa3a8,4c37252a5d56,aa1d1caaa3a8-038,38,0,1,,12,80,0.25
20261001T111152Z-8adcb79,aa1d1caaa3a8,4c37252a5d56,aa1d1caaa3a8-039,39,0,1,25,36,79,0.33
20261001T111152Z-8adcb79,aa1d1caaa3a8,4c37252a5d56,aa1d1caaa3a8-040,40,0,1,,,78,0.28
20261001T111152Z-8adcb79,aa1d1caaa3a8,4c37252a5d56,aa1d1caaa3a8-041,41,0,1,,96,77,0.26
20261001T111152Z-8adcb79,aa1d1caaa3a8,4c37252a5d56,aa1d1caaa3a8-042,42,0,1,,51,76,0.29
20261001T111152Z-8adcb79,aa1d1caaa3a8,4c37252a5d56,aa1d1caaa3a8-043,43,0,1,,97,75,0.3
20261001T111152Z-8adcb79,aa1d1caaa3a8,4c37252a5d56,aa1d1caaa3a8-044,44,0,1,,95,74,0.22
20261001T111152Z-8adcb79,aa1d1caaa3a8,4c37252a5d56,aa1d1caaa3a8-045,45,0,1,,53,73,0.21
20261001T111152Z-8adcb79,aa1d1caaa3a8,4c37252a5d56,aa1d1caaa3a8-046,46,0,1,,22,72,0.21
20261001T111152Z-8adcb79,aa1d1caaa3a8,4c37252a5d56,aa1d1caaa3a8-047,47,0,1,24,40,71,0.35
20261001T111152Z-8adcb79,aa1d1caaa3a8,4c37252a5d56,aa1d1caaa3a8-048,48,0,1,23,75,70,0.25
20261001T111152Z-8adcb79,aa1d1caaa3a8,4c37252a5d56,aa1d1caaa3a8-049,49,0,1,64,,69,0.25
20261001T111152Z-8adcb79,aa1d1caaa3a8,4c37252a5d56,aa1d1caaa3a8-050,50,0,1,,63,68,0.31
20261001T111152Z-8adcb79,aa1d1caaa3a8,4c37252a5d56,aa1d1caaa3a8-051,51,0,0,,,67,0.24
20261001T111152Z-8adcb79,aa1d1caaa3a8,4c37252a5d56,aa1d1caaa3a8-052,52,0,0,,,66,0.24
20261001T111152Z-8adcb79,aa1d1caaa3a8,4c37252a5d56,aa1d1caaa3a8-053,53,0,0,,,65,0.22
20261001T111152Z-8adcb79,aa1d1caaa3a8,4c37252a5d56,aa1d1caaa3a8-054,54,0,1,63,85,64,0.28
20261001T111152Z-8adcb79,aa1d1caaa3a8,4c37252a5d56,aa1d1caaa3a8-055,55,0,1,62,6,63,0.34
20261001T111152Z-8adcb79,aa1d1caaa3a8,4c37252a5d56,aa1d1caaa3a8-056,56,0,1,22,48,62,0.27
20261001T111152Z-8adcb79,aa1d1caaa3a8,4c37252a5d56,aa1d1caaa3a8-057,57,0,1,61,69,61,0.21
20261001T111152Z-8adcb79,aa1d1caaa3a8,4c37252a5d56,aa1d1caaa3a8-058,58,0,1,21,16,60,0.26
20261001T111152Z-8adcb79,aa1d1caaa3a8,4c37252a5d56,aa1d1caaa3a8-059,59,0,1,15,70,59,0.27
20261001T111152Z-8adcb79,aa1d1caaa3a8,4c37252a5d56,aa1d1caaa3a8-060,60,0,1,20,52,58,0.23
20261001T111152Z-8adcb79,aa1d1caaa3a8,4c37252a5d56,aa1d1caaa3a8-061,61,0,1,60,43,57,0.23
20261001T111152Z-8adcb79,aa1d1caaa3a8,4c37252a5d56,aa1d1caaa3a8-062,62,0,1,59,18,56,0.3
20261001T111152Z-8adcb79,aa1d1caaa3a8,4c37252a5d56,aa1d1caaa3a8-063,63,0,1,6,13,55,0.25
20261001T111152Z-8adcb79,aa1d1caaa3a8,4c37252a5d56,aa1d1caaa3a8-064,64,0,1,5,68,54,0.22
20261001T111152Z-8adcb79,aa1d1caaa3a8,4c37252a5d56,aa1d1caaa3a8-065,65,0,1,58,74,53,0.25
20261001T111152Z-8adcb79,aa1d1caaa3a8,4c37252a5d56,aa1d1caaa3a8-066,66,0,1,14,,52,0.2
20261001T111152Z-8adcb79,aa1d1caaa3a8,4c37252a5d56,aa1d1caaa3a8-067,67,0,0,,57,51,0.2
20261001T111152Z-8adcb79,aa1d1caaa3a8,4c37252a5d56,aa1d1caaa3a8-068,68,0,1,,30,50,0.23
20261001T111152Z-8adcb79,aa1d1caaa3a8,4c37252a5d56,aa1d1caaa3a8-069,69,0,1,57,62,49,0.23
20261001T111152Z-8adcb79,aa1d1caaa3a8,4c37252a5d56,aa1d1caaa3a8-070,70,0,1,56,66,48,0.19
20261001T111152Z-8adcb79,aa1d1caaa3a8,4c37252a5d56,aa1d1caaa3a8-071,71,0,1,55,87,47,0.16
20261001T111152Z-8adcb79,aa1d1caaa3a8,4c37252a5d56,aa1d1caaa3a8-072,72,0,1,13,31,46,0.3
20261001T111152Z-8adcb79,aa1d1caaa3a8,4c37252a5d56,aa1d1caaa3a8-073,73,0,1,,,45,0.25
20261001T111152Z-8adcb79,aa1d1caaa3a8,4c37252a5d56,aa1d1caaa3a8-074,74,0,0,,72,44,0.25
20261001T111152Z-8adcb79,aa1d1caaa3a8,4c37252a5d56,aa1d1caaa3a8-075,75,0,1,54,65,43,0.19
20261001T111152Z-8adcb79,aa1d1caaa3a8,4c37252a5d56,aa1d1caaa3a8-076,76,0,1,,88,42,0.17
20261001T111152Z-8adcb79,aa1d1caaa3a8,4c37252a5d56,aa1d1caaa3a8-077,77,0,1,,34,41,0.26
20261001T111152Z-8adcb79,aa1d1caaa3a8,4c37252a5d56,aa1d1caaa3a8-078,78,0,1,53,67,40,0.28
20261001T111152Z-8adcb79,aa1d1caaa3a8,4c37252a5d56,aa1d1caaa3a8-079,79,0,1,52,50,39,0.3
20261001T111152Z-8adcb79,aa1d1caaa3a8,4c37252a5d56,aa1d1caaa3a8-080,80,0,0,,82,38,0.26
20261001T111152Z-8adcb79,aa1d1caaa3a8,4c37252a5d56,aa1d1caaa3a8-081,81,0,0,,64,37,0.27
20261001T111152Z-8adcb79,aa1d1caaa3a8,4c37252a5d56,aa1d1caaa3a8-082,82,0,1,51,80,36,0.24
20261001T111152Z-8adcb79,aa1d1caaa3a8,4c37252a5d56,aa1d1caaa3a8-083,83,0,1,,89,35,0.2
20261001T111152Z-8adcb79,aa1d1caaa3a8,4c37252a5d56,aa1d1caaa3a8-084,84,0,1,12,39,34,0.26
20261001T111152Z-8adcb79,aa1d1caaa3a8,4c37252a5d56,aa1d1caaa3a8-085,85,0,1,,,33,0.2
20261001T111152Z-8adcb79,aa1d1caaa3a8,4c37252a5d56,aa1d1caaa3a8-086,86,0,1,50,99,32,0.24
20261001T111152Z-8adcb79,aa1d1caaa3a8,4c37252a5d56,aa1d1caaa3a8-087,87,0,1,49,11,31,0.23
20261001T111152Z-8adcb79,aa1d1caaa3a8,4c37252a5d56,aa1d1caaa3a8-088,88,0,1,48,20,30,0.32
20261001T111152Z-8adcb79,aa1d1caaa3a8,4c37252a5d56,aa1d1caaa3a8-089,89,0,1,47,56,29,0.19
20261001T111152Z-8adcb79,aa1d1caaa3a8,4c37252a5d56,aa1d1caaa3a8-090,90,0,1,46,26,28,0.24
20261001T111152Z-8adcb79,aa1d1caaa3a8,4c37252a5d56,aa1d1caaa3a8-091,91,0,1,45,42,27,0.23
20261001T111152Z-8adcb79,aa1d1caaa3a8,4c37252a5d56,aa1d1caaa3a8-092,92,0,1,44,58,26,0.2
20261001T111152Z-8adcb79,aa1d1caaa3a8,4c37252a5d56,aa1d1caaa3a8-093,93,0,1,,77,25,0.28
20261001T111152Z-8adcb79,aa1d1caaa3a8,4c37252a5d56,aa1d1caaa3a8-094,94,0,0,,24,24,0.26
20261001T111152Z-8adcb79,aa1d1caaa3a8,4c37252a5d56,aa1d1caaa3a8-095,95,0,1,43,33,23,0.25
20261001T111152Z-8adcb79,aa1d1caaa3a8,4c37252a5d56,aa1d1caaa3a8-096,96,0,1,,71,22,0.17
20261001T111152Z-8adcb79,aa1d1caaa3a8,4c37252a5d56,aa1d1caaa3a8-097,97,0,1,,79,21,0.21
20261001T111152Z-8adcb79,aa1d1caaa3a8,4c37252a5d56,aa1d1caaa3a8-098,98,0,1,42,76,20,0.29
20261001T111152Z-8adcb79,aa1d1caaa3a8,4c37252a5d56,aa1d1caaa3a8-099,99,0,1,41,15,19,0.34
20261001T111152Z-8adcb79,aa1d1caaa3a8,4c37252a5d56,aa1d1caaa3a8-100,100,0,1,40,41,18,0.38
20261001T111152Z-8adcb79,aa1d1caaa3a8,4c37252a5d56,aa1d1caaa3a8-101,101,0,1,1,94,17,0.3
20261001T111152Z-8adcb79,aa1d1caaa3a8,4c37252a5d56,aa1d1caaa3a8-102,102,0,1,9,4,16,0.38
20261001T111152Z-8adcb79,aa1d1caaa3a8,4c37252a5d56,aa1d1caaa3a8-103,103,0,1,39,,15,0.26
20261001T111152Z-8adcb79,aa1d1caaa3a8,4c37252a5d56,aa1d1caaa3a8-104,104,0,1,38,,14,0.23
20261001T111152Z-8adcb79,aa1d1caaa3a8,4c37252a5d56,aa1d1caaa3a8-105,105,0,1,11,86,13,0.24
20261001T111152Z-8adcb79,aa1d1caaa3a8,4c37252a5d56,aa1d1caaa3a8-106,106,0,1,37,,12,0.26
20261001T111152Z-8adcb79,aa1d1caaa3a8,4c37252a5d56,aa1d1caaa3a8-107,107,0,1,36,,11,0.22
20261001T111152Z-8adcb79,aa1d1caaa3a8,4c37252a5d56,aa1d1caaa3a8-108,108,0,1,8,84,10,0.24
20261001T111152Z-8adcb79,aa1d1caaa3a8,4c37252a5d56,aa1d1caaa3a8-109,109,0,1,10,59,9,0.23
20261001T111152Z-8adcb79,aa1d1caaa3a8,4c37252a5d56,aa1d1caaa3a8-110,110,0,1,35,21,8,0.33
20261001T111152Z-8adcb79,aa1d1caaa3a8,4c37252a5d56,aa1d1caaa3a8-111,111,0,1,34,9,7,0.35
20261001T111152Z-8adcb79,aa1d1caaa3a8,4c37252a5d56,aa1d1caaa3a8-112,112,0,1,33,28,6,0.29
20261001T111152Z-8adcb79,aa1d1caaa3a8,4c37252a5d56,aa1d1caaa3a8-113,113,0,1,3,19,5,0.22
20261001T111152Z-8adcb79,aa1d1caaa3a8,4c37252a5d56,aa1d1caaa3a8-114,114,1,1,32,1,4,0.51
20261001T111152Z-8adcb79,aa1d1caaa3a8,4c37252a5d56,aa1d1caaa3a8-115,115,0,1,4,2,3,0.37
20261001T111152Z-8adcb79,aa1d1caaa3a8,4c37252a5d56,aa1d1caaa3a8-116,116,0,1,31,78,2,0.34
20261001T111152Z-8adcb79,aa1d1caaa3a8,4c37252a5d56,aa1d1caaa3a8-117,117,0,1,2,98,1,0.25
20261001T111152Z-8adcb79,aceb4fb2ce83,4c37252a5d56,aceb4fb2ce83-001,1,1,1,,16,127,0.53
20261001T111152Z-8adcb79,aceb4fb2ce83,4c37252a5d56,aceb4fb2ce83-002,2,0,1,72,77,126,0.32
20261001T111152Z-8adcb79,aceb4fb2ce83,4c37252a5d56,aceb4fb2ce83-003,3,0,1,30,19,125,0.37
20261001T111152Z-8adcb79,aceb4fb2ce83,4c37252a5d56,aceb4fb2ce83-004,4,0,1,29,9,124,0.47
20261001T111152Z-8adcb79,aceb4fb2ce83,4c37252a5d56,aceb4fb2ce83-005,5,0,1,28,53,123,0.43
20261001T111152Z-8adcb79,aceb4fb2ce83,4c37252a5d56,aceb4fb2ce83-006,6,0,1,71,103,122,0.44
20261001T111152Z-8adcb79,aceb4fb2ce83,4c37252a5d56,aceb4fb2ce83-007,7,0,1,,42,121,0.37
20261001T111152Z-8adcb79,aceb4fb2ce83,4c37252a5d56,aceb4fb2ce83-008,8,0,1,27,,120,0.32
20261001T111152Z-8adcb79,aceb4fb2ce83,4c37252a5d56,aceb4fb2ce83-009,9,0,1,70,78,119,0.33
20261001T111152Z-8adcb79,aceb4fb2ce83,4c37252a5d56,aceb4fb2ce83-010,10,0,1,,120,118,0.24
20261001T111152Z-8adcb79,aceb4fb2ce83,4c37252a5d56,aceb4fb2ce83-011,11,0,1,,61,117,0.3
20261001T111152Z-8adcb79,aceb4fb2ce83,4c37252a5d56,aceb4fb2ce83-012,12,0,1,,98,116,0.28
20261001T111152Z-8adcb79,aceb4fb2ce83,4c37252a5d56,aceb4fb2ce83-013,13,0,1,,23,115,0.3
20261001T111152Z-8adcb79,aceb4fb2ce83,4c37252a5d56,aceb4fb2ce83-014,14,0,1,,21,114,0.35
20261001T111152Z-8adcb79,aceb4fb2ce83,4c37252a5d56,aceb4fb2ce83-015,15,0,1,,109,113,0.21
20261001T111152Z-8adcb79,aceb4fb2ce83,4c37252a5d56,aceb4fb2ce83-016,16,0,1,,39,112,0.28
20261001T111152Z-8adcb79,aceb4fb2ce83,4c37252a5d56,aceb4fb2ce83-017,17,0,1,,91,111,0.22
20261001T111152Z-8adcb79,aceb4fb2ce83,4c37252a5d56,aceb4fb2ce83-018,18,0,1,,125,110,0.45
20261001T111152Z-8adcb79,aceb4fb2ce83,4c37252a5d56,aceb4fb2ce83-019,19,0,1,69,90,109,0.39
20261001T111152Z-8adcb79,aceb4fb2ce83,4c37252a5d56,aceb4fb2ce83-020,20,0,1,,49,108,0.32
20261001T111152Z-8adcb79,aceb4fb2ce83,4c37252a5d56,aceb4fb2ce83-021,21,0,1,68,65,107,0.43
20261001T111152Z-8adcb79,aceb4fb2ce83,4c37252a5d56,aceb4fb2ce83-022,22,0,1,26,70,106,0.43
20261001T111152Z-8adcb79,aceb4fb2ce83,4c37252a5d56,aceb4fb2ce83-023,23,0,1,11,60,105,0.34
20261001T111152Z-8adcb79,aceb4fb2ce83,4c37252a5d56,aceb4fb2ce83-024,24,1,1,25,8,104,0.52
20261001T111152Z-8adcb79,aceb4fb2ce83,4c37252a5d56,aceb4fb2ce83-025,25,0,1,67,12,103,0.44
20261001T111152Z-8adcb79,aceb4fb2ce83,4c37252a5d56,aceb4fb2ce83-026,26,0,1,66,107,102,0.36
20261001T111152Z-8adcb79,aceb4fb2ce83,4c37252a5d56,aceb4fb2ce83-027,27,0,1,65,73,101,0.3
20261001T111152Z-8adcb79,aceb4fb2ce83,4c37252a5d56,aceb4fb2ce83-028,28,0,1,,83,100,0.34
20261001T111152Z-8adcb79,aceb4fb2ce83,4c37252a5d56,aceb4fb2ce83-029,29,0,1,,34,99,0.33
20261001T111152Z-8adcb79,aceb4fb2ce83,4c37252a5d56,aceb4fb2ce83-030,30,0,1,10,25,98,0.3
20261001T111152Z-8adcb79,aceb4fb2ce83,4c37252a5d56,aceb4fb2ce83-031,31,0,0,,40,97,0.24
20261001T111152Z-8adcb79,aceb4fb2ce83,4c37252a5d56,aceb4fb2ce83-032,32,0,0,,7,96,0.25
20261001T111152Z-8adcb79,aceb4fb2ce83,4c37252a5d56,aceb4fb2ce83-033,33,0,0,,32,95,0.3
20261001T111152Z-8adcb79,aceb4fb2ce83,4c37252a5d56,aceb4fb2ce83-034,34,0,1,64,66,94,0.33
20261001T111152Z-8adcb79,aceb4fb2ce83,4c37252a5d56,aceb4fb2ce83-035,35,0,1,,30,93,0.38
20261001T111152Z-8adcb79,aceb4fb2ce83,4c37252a5d56,aceb4fb2ce83-036,36,0,0,,122,92,0.29
20261001T111152Z-8adcb79,aceb4fb2ce83,4c37252a5d56,aceb4fb2ce83-037,37,0,0,,1,91,0.47
20261001T111152Z-8adcb79,aceb4fb2ce83,4c37252a5d56,aceb4fb2ce83-038,38,0,1,,58,90,0.33
20261001T111152Z-8adcb79,aceb4fb2ce83,4c37252a5d56,aceb4fb2ce83-039,39,0,1,,22,89,0.38
20261001T111152Z-8adcb79,aceb4fb2ce83,4c37252a5d56,aceb4fb2ce83-040,40,0,1,,119,88,0.31
20261001T111152Z-8adcb79,aceb4fb2ce83,4c37252a5d56,aceb4fb2ce83-041,41,0,1,,51,87,0.27
20261001T111152Z-8adcb79,aceb4fb2ce83,4c37252a5d56,aceb4fb2ce83-042,42,0,1,,67,86,0.3
20261001T111152Z-8adcb79,aceb4fb2ce83,4c37252a5d56,aceb4fb2ce83-043,43,0,1,,69,85,0.28
20261001T111152Z-8adcb79,aceb4fb2ce83,4c37252a5d56,aceb4fb2ce83-044,44,0,1,,63,84,0.28
20261001T111152Z-8adcb79,aceb4fb2ce83,4c37252a5d56,aceb4fb2ce83-045,45,0,1,,24,83,0.25
20261001T111152Z-8adcb79,aceb4fb2ce83,4c37252a5d56,aceb4fb2ce83-046,46,0,1,,17,82,0.23
20261001T111152Z-8adcb79,aceb4fb2ce83,4c37252a5d56,aceb4fb2ce83-047,47,0,1,63,102,81,0.33
20261001T111152Z-8adcb79,aceb4fb2ce83,4c37252a5d56,aceb4fb2ce83-048,48,0,1,62,72,80,0.27
20261001T111152Z-8adcb79,aceb4fb2ce83,4c37252a5d56,aceb4fb2ce83-049,49,0,1,61,100,79,0.29
20261001T111152Z-8adcb79,aceb4fb2ce83,4c37252a5d56,aceb4fb2ce83-050,50,0,1,,55,78,0.33
20261001T111152Z-8adcb79,aceb4fb2ce83,4c37252a5d56,aceb4fb2ce83-051,51,0,0,,110,77,0.16
20261001T111152Z-8adcb79,aceb4fb2ce83,4c37252a5d56,aceb4fb2ce83-052,52,0,0,,108,76,0.2
20261001T111152Z-8adcb79,aceb4fb2ce83,4c37252a5d56,aceb4fb2ce83-053,53,0,0,,92,75,0.21
20261001T111152Z-8adcb79,aceb4fb2ce83,4c37252a5d56,aceb4fb2ce83-054,54,0,1,60,46,74,0.33
20261001T111152Z-8adcb79,aceb4fb2ce83,4c37252a5d56,aceb4fb2ce83-055,55,0,1,59,3,73,0.43
20261001T111152Z-8adcb79,aceb4fb2ce83,4c37252a5d56,aceb4fb2ce83-056,56,0,1,58,18,72,0.31
20261001T111152Z-8adcb79,aceb4fb2ce83,4c37252a5d56,aceb4fb2ce83-057,57,0,1,57,94,71,0.27
20261001T111152Z-8adcb79,aceb4fb2ce83,4c37252a5d56,aceb4fb2ce83-058,58,0,1,56,5,70,0.36
20261001T111152Z-8adcb79,aceb4fb2ce83,4c37252a5d56,aceb4fb2ce83-059,59,0,1,24,52,69,0.37
20261001T111152Z-8adcb79,aceb4fb2ce83,4c37252a5d56,aceb4fb2ce83-060,60,0,1,23,85,68,0.29
20261001T111152Z-8adcb79,aceb4fb2ce83,4c37252a5d56,aceb4fb2ce83-061,61,0,1,55,79,67,0.27
20261001T111152Z-8adcb79,aceb4fb2ce83,4c37252a5d56,aceb4fb2ce83-062,62,0,1,22,15,66,0.36
20261001T111152Z-8adcb79,aceb4fb2ce83,4c37252a5d56,aceb4fb2ce83-063,63,0,1,6,44,65,0.28
20261001T111152Z-8adcb79,aceb4fb2ce83,4c37252a5d56,aceb4fb2ce83-064,64,0,1,9,74,64,0.3
20261001T111152Z-8adcb79,aceb4fb2ce83,4c37252a5d56,aceb4fb2ce83-065,65,0,1,54,116,63,0.35
20261001T111152Z-8adcb79,aceb4fb2ce83,4c37252a5d56,aceb4fb2ce83-066,66,0,1,5,,62,0.22
20261001T111152Z-8adcb79,aceb4fb2ce83,4c37252a5d56,aceb4fb2ce83-067,67,0,0,,68,61,0.21
20261001T111152Z-8adcb79,aceb4fb2ce83,4c37252a5d56,aceb4fb2ce83-068,68,0,1,,36,60,0.3
20261001T111152Z-8adcb79,aceb4fb2ce83,4c37252a5d56,aceb4fb2ce83-069,69,0,1,,59,59,0.4
20261001T111152Z-8adcb79,aceb4fb2ce83,4c37252a5d56,aceb4fb2ce83-070,70,0,1,,35,58,0.33
20261001T111152Z-8adcb79,aceb4fb2ce83,4c37252a5d56,aceb4fb2ce83-071,71,0,1,,87,57,0.22
20261001T111152Z-8adcb79,aceb4fb2ce83,4c37252a5d56,aceb4fb2ce83-072,72,0,1,21,20,56,0.3
20261001T111152Z-8adcb79,aceb4fb2ce83,4c37252a5d56,aceb4fb2ce83-073,73,0,1,,99,55,0.23
20261001T111152Z-8adcb79,aceb4fb2ce83,4c37252a5d56,aceb4fb2ce83-074,74,0,0,,54,54,0.41
20261001T111152Z-8adcb79,aceb4fb2ce83,4c37252a5d56,aceb4fb2ce83-075,75,0,1,53,56,53,0.28
20261001T111152Z-8adcb79,aceb4fb2ce83,4c37252a5d56,aceb4fb2ce83-076,76,0,1,,96,52,0.2
20261001T111152Z-8adcb79,aceb4fb2ce83,4c37252a5d56,aceb4fb2ce83-077,77,0,1,,27,51,0.31
20261001T111152Z-8adcb79,aceb4fb2ce83,4c37252a5d56,aceb4fb2ce83-078,78,0,1,20,47,50,0.35
20261001T111152Z-8adcb79,aceb4fb2ce83,4c37252a5d56,aceb4fb2ce83-079,79,0,1,19,37,49,0.34
20261001T111152Z-8adcb79,aceb4fb2ce83,4c37252a5d56,aceb4fb2ce83-080,80,0,0,,121,48,0.24
20261001T111152Z-8adcb79,aceb4fb2ce83,4c37252a5d56,aceb4fb2ce83-081,81,0,0,,48,47,0.27
20261001T111152Z-8adcb79,aceb4fb2ce83,4c37252a5d56,aceb4fb2ce83-082,82,0,1,52,97,46,0.34
20261001T111152Z-8adcb79,aceb4fb2ce83,4c37252a5d56,aceb4fb2ce83-083,83,0,1,,41,45,0.29
20261001T111152Z-8adcb79,aceb4fb2ce83,4c37252a5d56,aceb4fb2ce83-084,84,0,1,18,33,44,0.3
20261001T111152Z-8adcb79,aceb4fb2ce83,4c37252a5d56,aceb4fb2ce83-085,85,0,1,,112,43,0.25
20261001T111152Z-8adcb79,aceb4fb2ce83,4c37252a5d56,aceb4fb2ce83-086,86,0,1,17,124,42,0.36
20261001T111152Z-8adcb79,aceb4fb2ce83,4c37252a5d56,aceb4fb2ce83-087,87,0,1,,64,41,0.27
20261001T111152Z-8adcb79,aceb4fb2ce83,4c37252a5d56,aceb4fb2ce83-088,88,0,1,51,11,40,0.43
20261001T111152Z-8adcb79,aceb4fb2ce83,4c37252a5d56,aceb4fb2ce83-089,89,0,1,50,111,39,0.27
20261001T111152Z-8adcb79,aceb4fb2ce83,4c37252a5d56,aceb4fb2ce83-090,90,0,1,49,93,38,0.3
20261001T111152Z-8adcb79,aceb4fb2ce83,4c37252a5d56,aceb4fb2ce83-091,91,0,1,48,104,37,0.27
20261001T111152Z-8adcb79,aceb4fb2ce83,4c37252a5d56,aceb4fb2ce83-092,92,0,1,47,113,36,0.26
20261001T111152Z-8adcb79,aceb4fb2ce83,4c37252a5d56,aceb4fb2ce83-093,93,0,1,,57,35,0.36
20261001T111152Z-8adcb79,aceb4fb2ce83,4c37252a5d56,aceb4fb2ce83-094,94,0,0,,88,34,0.33
20261001T111152Z-8adcb79,aceb4fb2ce83,4c37252a5d56,aceb4fb2ce83-095,95,0,1,,84,33,0.3
20261001T111152Z-8adcb79,aceb4fb2ce83,4c37252a5d56,aceb4fb2ce83-096,96,0,1,,114,32,0.22
20261001T111152Z-8adcb79,aceb4fb2ce83,4c37252a5d56,aceb4fb2ce83-097,97,0,1,,105,31,0.23
20261001T111152Z-8adcb79,aceb4fb2ce83,4c37252a5d56,aceb4fb2ce83-098,98,0,1,16,95,30,0.43
20261001T111152Z-8adcb79,aceb4fb2ce83,4c37252a5d56,aceb4fb2ce83-099,99,0,1,46,106,29,0.3
20261001T111152Z-8adcb79,aceb4fb2ce83,4c37252a5d56,aceb4fb2ce83-100,100,0,1,45,6,28,0.38
20261001T111152Z-8adcb79,aceb4fb2ce83,4c37252a5d56,aceb4fb2ce83-101,101,0,1,4,86,27,0.35
20261001T111152Z-8adcb79,aceb4fb2ce83,4c37252a5d56,aceb4fb2ce83-102,102,1,1,15,13,26,0.61
20261001T111152Z-8adcb79,aceb4fb2ce83,4c37252a5d56,aceb4fb2ce83-103,103,0,1,44,81,25,0.41
20261001T111152Z-8adcb79,aceb4fb2ce83,4c37252a5d56,aceb4fb2ce83-104,104,0,1,,82,24,0.3
20261001T111152Z-8adcb79,aceb4fb2ce83,4c37252a5d56,aceb4fb2ce83-105,105,0,1,14,118,23,0.48
20261001T111152Z-8adcb79,aceb4fb2ce83,4c37252a5d56,aceb4fb2ce83-106,106,0,1,43,89,22,0.36
20261001T111152Z-8adcb79,aceb4fb2ce83,4c37252a5d56,aceb4fb2ce83-107,107,0,1,,75,21,0.35
20261001T111152Z-8adcb79,aceb4fb2ce83,4c37252a5d56,aceb4fb2ce83-108,108,0,1,42,117,20,0.29
20261001T111152Z-8adcb79,aceb4fb2ce83,4c37252a5d56,aceb4fb2ce83-109,109,0,1,41,101,19,0.32
20261001T111152Z-8adcb79,aceb4fb2ce83,4c37252a5d56,aceb4fb2ce83-110,110,0,1,40,71,18,0.42
20261001T111152Z-8adcb79,aceb4fb2ce83,4c37252a5d56,aceb4fb2ce83-111,111,1,1,39,10,17,0.62
20261001T111152Z-8adcb79,aceb4fb2ce83,4c37252a5d56,aceb4fb2ce83-112,112,0,1,38,38,16,0.37
20261001T111152Z-8adcb79,aceb4fb2ce83,4c37252a5d56,aceb4fb2ce83-113,113,0,1,2,14,15,0.31
20261001T111152Z-8adcb79,aceb4fb2ce83,4c37252a5d56,aceb4fb2ce83-114,114,0,1,,2,14,0.48
20261001T111152Z-8adcb79,aceb4fb2ce83,4c37252a5d56,aceb4fb2ce83-115,115,0,1,37,31,13,0.46
20261001T111152Z-8adcb79,aceb4fb2ce83,4c37252a5d56,aceb4fb2ce83-116,116,0,1,36,26,12,0.43
20261001T111152Z-8adcb79,aceb4fb2ce83,4c37252a5d56,aceb4fb2ce83-117,117,0,1,8,123,11,0.35
20261001T111152Z-8adcb79,aceb4fb2ce83,4c37252a5d56,aceb4fb2ce83-118,118,0,1,7,62,10,0.34
20261001T111152Z-8adcb79,aceb4fb2ce83,4c37252a5d56,aceb4fb2ce83-119,119,0,1,13,50,9,0.29
20261001T111152Z-8adcb79,aceb4fb2ce83,4c37252a5d56,aceb4fb2ce83-120,120,0,1,35,115,8,0.36
20261001T111152Z-8adcb79,aceb4fb2ce83,4c37252a5d56,aceb4fb2ce83-121,121,0,1,34,76,7,0.35
20261001T111152Z-8adcb79,aceb4fb2ce83,4c37252a5d56,aceb4fb2ce83-122,122,0,1,33,28,6,0.38
20261001T111152Z-8adcb79,aceb4fb2ce83,4c37252a5d56,aceb4fb2ce83-123,123,0,1,32,80,5,0.38
20261001T111152Z-8adcb79,aceb4fb2ce83,4c37252a5d56,aceb4fb2ce83-124,124,0,1,1,29,4,0.32
20261001T111152Z-8adcb79,aceb4fb2ce83,4c37252a5d56,aceb4fb2ce83-125,125,1,1,31,4,3,0.52
20261001T111152Z-8adcb79,aceb4fb2ce83,4c37252a5d56,aceb4fb2ce83-126,126,0,1,12,45,2,0.35
20261001T111152Z-8adcb79,aceb4fb2ce83,4c37252a5d56,aceb4fb2ce83-127,127,0,1,3,43,1,0.43
20261001T111152Z-8adcb79,ae1edb8e7258,d1a4b481f07f,ae1edb8e7258-001,1,0,1,150,20,150,0.3
20261001T111152Z-8adcb79,ae1edb8e7258,d1a4b481f07f,ae1edb8e7258-002,2,0,1,149,75,149,0.3
20261001T111152Z-8adcb79,ae1edb8e7258,d1a4b481f07f,ae1edb8e7258-003,3,0,1,148,139,148,0.29
20261001T111152Z-8adcb79,ae1edb8e7258,d1a4b481f07f,ae1edb8e7258-004,4,0,1,147,64,147,0.32
20261001T111152Z-8adcb79,ae1edb8e7258,d1a4b481f07f,ae1edb8e7258-005,5,0,1,146,98,146,0.34
20261001T111152Z-8adcb79,ae1edb8e7258,d1a4b481f07f,ae1edb8e7258-006,6,0,1,145,80,145,0.25
20261001T111152Z-8adcb79,ae1edb8e7258,d1a4b481f07f,ae1edb8e7258-007,7,0,1,144,12,144,0.41
20261001T111152Z-8adcb79,ae1edb8e7258,d1a4b481f07f,ae1edb8e7258-008,8,1,1,72,42,143,0.6
20261001T111152Z-8adcb79,ae1edb8e7258,d1a4b481f07f,ae1edb8e7258-009,9,0,1,143,63,142,0.39
20261001T111152Z-8adcb79,ae1edb8e7258,d1a4b481f07f,ae1edb8e7258-010,10,0,1,142,95,141,0.37
20261001T111152Z-8adcb79,ae1edb8e7258,d1a4b481f07f,ae1edb8e7258-011,11,0,1,141,135,140,0.36
20261001T111152Z-8adcb79,ae1edb8e7258,d1a4b481f07f,ae1edb8e7258-012,12,0,1,140,121,139,0.27
20261001T111152Z-8adcb79,ae1edb8e7258,d1a4b481f07f,ae1edb8e7258-013,13,0,1,139,92,138,0.3
20261001T111152Z-8adcb79,ae1edb8e7258,d1a4b481f07f,ae1edb8e7258-014,14,0,1,138,122,137,0.4
20261001T111152Z-8adcb79,ae1edb8e7258,d1a4b481f07f,ae1edb8e7258-015,15,0,1,137,55,136,0.41
20261001T111152Z-8adcb79,ae1edb8e7258,d1a4b481f07f,ae1edb8e7258-016,16,0,1,136,49,135,0.32
20261001T111152Z-8adcb79,ae1edb8e7258,d1a4b481f07f,ae1edb8e7258-017,17,0,1,135,32,134,0.34
20261001T111152Z-8adcb79,ae1edb8e7258,d1a4b481f07f,ae1edb8e7258-018,18,0,1,71,50,133,0.43
20261001T111152Z-8adcb79,ae1edb8e7258,d1a4b481f07f,ae1edb8e7258-019,19,0,1,134,148,132,0.22
20261001T111152Z-8adcb79,ae1edb8e7258,d1a4b481f07f,ae1edb8e7258-020,20,0,1,133,131,131,0.3
20261001T111152Z-8adcb79,ae1edb8e7258,d1a4b481f07f,ae1edb8e7258-021,21,0,1,132,128,130,0.3
20261001T111152Z-8adcb79,ae1edb8e7258,d1a4b481f07f,ae1edb8e7258-022,22,0,1,131,54,129,0.29
20261001T111152Z-8adcb79,ae1edb8e7258,d1a4b481f07f,ae1edb8e7258-023,23,0,1,130,112,128,0.25
20261001T111152Z-8adcb79,ae1edb8e7258,d1a4b481f07f,ae1edb8e7258-024,24,0,1,41,56,127,0.45
20261001T111152Z-8adcb79,ae1edb8e7258,d1a4b481f07f,ae1edb8e7258-025,25,0,1,70,68,126,0.44
20261001T111152Z-8adcb79,ae1edb8e7258,d1a4b481f07f,ae1edb8e7258-026,26,1,1,69,43,125,0.55
20261001T111152Z-8adcb79,ae1edb8e7258,d1a4b481f07f,ae1edb8e7258-027,27,0,1,129,23,124,0.34
20261001T111152Z-8adcb79,ae1edb8e7258,d1a4b481f07f,ae1edb8e7258-028,28,0,1,128,34,123,0.26
20261001T111152Z-8adcb79,ae1edb8e7258,d1a4b481f07f,ae1edb8e7258-029,29,0,1,127,53,122,0.32
20261001T111152Z-8adcb79,ae1edb8e7258,d1a4b481f07f,ae1edb8e7258-030,30,0,1,126,37,121,0.32
20261001T111152Z-8adcb79,ae1edb8e7258,d1a4b481f07f,ae1edb8e7258-031,31,0,1,125,28,120,0.26
20261001T111152Z-8adcb79,ae1edb8e7258,d1a4b481f07f,ae1edb8e7258-032,32,0,1,124,45,119,0.3
20261001T111152Z-8adcb79,ae1edb8e7258,d1a4b481f07f,ae1edb8e7258-033,33,0,1,123,19,118,0.35
20261001T111152Z-8adcb79,ae1edb8e7258,d1a4b481f07f,ae1edb8e7258-034,34,0,1,122,147,117,0.29
20261001T111152Z-8adcb79,ae1edb8e7258,d1a4b481f07f,ae1edb8e7258-035,35,0,1,121,48,116,0.3
20261001T111152Z-8adcb79,ae1edb8e7258,d1a4b481f07f,ae1edb8e7258-036,36,0,1,120,44,115,0.35
20261001T111152Z-8adcb79,ae1edb8e7258,d1a4b481f07f,ae1edb8e7258-037,37,1,1,68,78,114,0.56
20261001T111152Z-8adcb79,ae1edb8e7258,d1a4b481f07f,ae1edb8e7258-038,38,0,1,119,76,113,0.31
20261001T111152Z-8adcb79,ae1edb8e7258,d1a4b481f07f,ae1edb8e7258-039,39,0,1,118,79,112,0.28
20261001T111152Z-8adcb79,ae1edb8e7258,d1a4b481f07f,ae1edb8e7258-040,40,0,1,117,74,111,0.31
20261001T111152Z-8adcb79,ae1edb8e7258,d1a4b481f07f,ae1edb8e7258-041,41,0,1,116,111,110,0.26
20261001T111152Z-8adcb79,ae1edb8e7258,d1a4b481f07f,ae1edb8e7258-042,42,0,1,115,110,109,0.3
20261001T111152Z-8adcb79,ae1edb8e7258,d1a4b481f07f,ae1edb8e7258-043,43,0,1,114,4,108,0.36
20261001T111152Z-8adcb79,ae1edb8e7258,d1a4b481f07f,ae1edb8e7258-044,44,0,1,40,113,107,0.34
20261001T111152Z-8adcb79,ae1edb8e7258,d1a4b481f07f,ae1edb8e7258-045,45,1,1,67,120,106,0.52
20261001T111152Z-8adcb79,ae1edb8e7258,d1a4b481f07f,ae1edb8e7258-046,46,0,1,113,149,105,0.49
20261001T111152Z-8adcb79,ae1edb8e7258,d1a4b481f07f,ae1edb8e7258-047,47,1,1,112,57,104,0.51
20261001T111152Z-8adcb79,ae1edb8e7258,d1a4b481f07f,ae1edb8e7258-048,48,0,1,111,145,103,0.43
20261001T111152Z-8adcb79,ae1edb8e7258,d1a4b481f07f,ae1edb8e7258-049,49,0,1,110,33,102,0.4
20261001T111152Z-8adcb79,ae1edb8e7258,d1a4b481f07f,ae1edb8e7258-050,50,0,1,66,89,101,0.44
20261001T111152Z-8adcb79,ae1edb8e7258,d1a4b481f07f,ae1edb8e7258-051,51,0,1,109,124,100,0.34
20261001T111152Z-8adcb79,ae1edb8e7258,d1a4b481f07f,ae1edb8e7258-052,52,0,1,108,146,99,0.32
20261001T111152Z-8adcb79,ae1edb8e7258,d1a4b481f07f,ae1edb8e7258-053,53,0,1,39,115,98,0.37
20261001T111152Z-8adcb79,ae1edb8e7258,d1a4b481f07f,ae1edb8e7258-054,54,0,1,26,62,97,0.39
20261001T111152Z-8adcb79,ae1edb8e7258,d1a4b481f07f,ae1edb8e7258-055,55,0,1,25,99,96,0.46
20261001T111152Z-8adcb79,ae1edb8e7258,d1a4b481f07f,ae1edb8e7258-056,56,0,1,3,13,95,0.28
20261001T111152Z-8adcb79,ae1edb8e7258,d1a4b481f07f,ae1edb8e7258-057,57,0,1,24,105,94,0.41
20261001T111152Z-8adcb79,ae1edb8e7258,d1a4b481f07f,ae1edb8e7258-058,58,0,1,6,82,93,0.36
20261001T111152Z-8adcb79,ae1edb8e7258,d1a4b481f07f,ae1edb8e7258-059,59,0,1,65,52,92,0.43
20261001T111152Z-8adcb79,ae1edb8e7258,d1a4b481f07f,ae1edb8e7258-060,60,0,1,107,36,91,0.33
20261001T111152Z-8adcb79,ae1edb8e7258,d1a4b481f07f,ae1edb8e7258-061,61,0,1,64,129,90,0.46
20261001T111152Z-8adcb79,ae1edb8e7258,d1a4b481f07f,ae1edb8e7258-062,62,0,1,106,46,89,0.34
20261001T111152Z-8adcb79,ae1edb8e7258,d1a4b481f07f,ae1edb8e7258-063,63,1,1,63,132,88,0.53
20261001T111152Z-8adcb79,ae1edb8e7258,d1a4b481f07f,ae1edb8e7258-064,64,0,1,105,6,87,0.32
20261001T111152Z-8adcb79,ae1edb8e7258,d1a4b481f07f,ae1edb8e7258-065,65,0,1,23,61,86,0.4
20261001T111152Z-8adcb79,ae1edb8e7258,d1a4b481f07f,ae1edb8e7258-066,66,1,1,38,86,85,0.5
20261001T111152Z-8adcb79,ae1edb8e7258,d1a4b481f07f,ae1edb8e7258-067,67,0,1,104,26,84,0.29
20261001T111152Z-8adcb79,ae1edb8e7258,d1a4b481f07f,ae1edb8e7258-068,68,0,1,22,60,83,0.37
20261001T111152Z-8adcb79,ae1edb8e7258,d1a4b481f07f,ae1edb8e7258-069,69,0,1,21,51,82,0.36
20261001T111152Z-8adcb79,ae1edb8e7258,d1a4b481f07f,ae1edb8e7258-070,70,0,1,62,87,81,0.48
20261001T111152Z-8adcb79,ae1edb8e7258,d1a4b481f07f,ae1edb8e7258-071,71,0,1,61,73,80,0.46
20261001T111152Z-8adcb79,ae1edb8e7258,d1a4b481f07f,ae1edb8e7258-072,72,0,1,103,41,79,0.32
20261001T111152Z-8adcb79,ae1edb8e7258,d1a4b481f07f,ae1edb8e7258-073,73,0,1,102,30,78,0.3
20261001T111152Z-8adcb79,ae1edb8e7258,d1a4b481f07f,ae1edb8e7258-074,74,1,1,37,39,77,0.5
20261001T111152Z-8adcb79,ae1edb8e7258,d1a4b481f07f,ae1edb8e7258-075,75,1,1,60,85,76,0.54
20261001T111152Z-8adcb79,ae1edb8e7258,d1a4b481f07f,ae1edb8e7258-076,76,1,1,59,15,75,0.62
20261001T111152Z-8adcb79,ae1edb8e7258,d1a4b481f07f,ae1edb8e7258-077,77,0,1,58,2,74,0.46
20261001T111152Z-8adcb79,ae1edb8e7258,d1a4b481f07f,ae1edb8e7258-078,78,0,1,101,1,73,0.34
20261001T111152Z-8adcb79,ae1edb8e7258,d1a4b481f07f,ae1edb8e7258-079,79,0,1,20,59,72,0.4
20261001T111152Z-8adcb79,ae1edb8e7258,d1a4b481f07f,ae1edb8e7258-080,80,0,1,19,40,71,0.37
20261001T111152Z-8adcb79,ae1edb8e7258,d1a4b481f07f,ae1edb8e7258-081,81,0,1,57,150,70,0.39
20261001T111152Z-8adcb79,ae1edb8e7258,d1a4b481f07f,ae1edb8e7258-082,82,0,1,100,5,69,0.2
20261001T111152Z-8adcb79,ae1edb8e7258,d1a4b481f07f,ae1edb8e7258-083,83,0,1,99,35,68,0.35
20261001T111152Z-8adcb79,ae1edb8e7258,d1a4b481f07f,ae1edb8e7258-084,84,0,1,98,88,67,0.26
20261001T111152Z-8adcb79,ae1edb8e7258,d1a4b481f07f,ae1edb8e7258-085,85,0,1,36,116,66,0.34
20261001T111152Z-8adcb79,ae1edb8e7258,d1a4b481f07f,ae1edb8e7258-086,86,0,1,97,133,65,0.23
20261001T111152Z-8adcb79,ae1edb8e7258,d1a4b481f07f,ae1edb8e7258-087,87,0,1,35,130,64,0.14
20261001T111152Z-8adcb79,ae1edb8e7258,d1a4b481f07f,ae1edb8e7258-088,88,0,1,96,141,63,0.26
20261001T111152Z-8adcb79,ae1edb8e7258,d1a4b481f07f,ae1edb8e7258-089,89,0,1,56,136,62,0.39
20261001T111152Z-8adcb79,ae1edb8e7258,d1a4b481f07f,ae1edb8e7258-090,90,0,1,55,18,61,0.37
20261001T111152Z-8adcb79,ae1edb8e7258,d1a4b481f07f,ae1edb8e7258-091,91,0,1,95,25,60,0.27
20261001T111152Z-8adcb79,ae1edb8e7258,d1a4b481f07f,ae1edb8e7258-092,92,0,1,54,134,59,0.44
20261001T111152Z-8adcb79,ae1edb8e7258,d1a4b481f07f,ae1edb8e7258-093,93,1,1,53,109,58,0.6
20261001T111152Z-8adcb79,ae1edb8e7258,d1a4b481f07f,ae1edb8e7258-094,94,1,1,52,117,57,0.56
20261001T111152Z-8adcb79,ae1edb8e7258,d1a4b481f07f,ae1edb8e7258-095,95,1,1,94,22,56,0.58
20261001T111152Z-8adcb79,ae1edb8e7258,d1a4b481f07f,ae1edb8e7258-096,96,0,1,93,8,55,0.37
20261001T111152Z-8adcb79,ae1edb8e7258,d1a4b481f07f,ae1edb8e7258-097,97,1,1,51,14,54,0.58
20261001T111152Z-8adcb79,ae1edb8e7258,d1a4b481f07f,ae1edb8e7258-098,98,0,1,92,7,53,0.42
20261001T111152Z-8adcb79,ae1edb8e7258,d1a4b481f07f,ae1edb8e7258-099,99,1,1,50,16,52,0.55
20261001T111152Z-8adcb79,ae1edb8e7258,d1a4b481f07f,ae1edb8e7258-100,100,0,1,91,31,51,0.37
20261001T111152Z-8adcb79,ae1edb8e7258,d1a4b481f07f,ae1edb8e7258-101,101,0,1,34,101,50,0.39
20261001T111152Z-8adcb79,ae1edb8e7258,d1a4b481f07f,ae1edb8e7258-102,102,0,1,33,108,49,0.47
20261001T111152Z-8adcb79,ae1edb8e7258,d1a4b481f07f,ae1edb8e7258-103,103,0,1,49,10,48,0.4
20261001T111152Z-8adcb79,ae1edb8e7258,d1a4b481f07f,ae1edb8e7258-104,104,0,1,18,114,47,0.44
20261001T111152Z-8adcb79,ae1edb8e7258,d1a4b481f07f,ae1edb8e7258-105,105,0,1,17,65,46,0.39
20261001T111152Z-8adcb79,ae1edb8e7258,d1a4b481f07f,ae1edb8e7258-106,106,0,1,32,70,45,0.36
20261001T111152Z-8adcb79,ae1edb8e7258,d1a4b481f07f,ae1edb8e7258-107,107,0,1,48,137,44,0.43
20261001T111152Z-8adcb79,ae1edb8e7258,d1a4b481f07f,ae1edb8e7258-108,108,0,1,90,38,43,0.29
20261001T111152Z-8adcb79,ae1edb8e7258,d1a4b481f07f,ae1edb8e7258-109,109,0,1,89,9,42,0.3
20261001T111152Z-8adcb79,ae1edb8e7258,d1a4b481f07f,ae1edb8e7258-110,110,0,1,16,66,41,0.46
20261001T111152Z-8adcb79,ae1edb8e7258,d1a4b481f07f,ae1edb8e7258-111,111,0,1,31,67,40,0.48
20261001T111152Z-8adcb79,ae1edb8e7258,d1a4b481f07f,ae1edb8e7258-112,112,0,1,2,107,39,0.44
20261001T111152Z-8adcb79,ae1edb8e7258,d1a4b481f07f,ae1edb8e7258-113,113,0,1,88,127,38,0.45
20261001T111152Z-8adcb79,ae1edb8e7258,d1a4b481f07f,ae1edb8e7258-114,114,0,1,30,138,37,0.46
20261001T111152Z-8adcb79,ae1edb8e7258,d1a4b481f07f,ae1edb8e7258-115,115,0,1,87,125,36,0.31
20261001T111152Z-8adcb79,ae1edb8e7258,d1a4b481f07f,ae1edb8e7258-116,116,0,1,86,58,35,0.29
20261001T111152Z-8adcb79,ae1edb8e7258,d1a4b481f07f,ae1edb8e7258-117,117,0,1,85,29,34,0.31
20261001T111152Z-8adcb79,ae1edb8e7258,d1a4b481f07f,ae1edb8e7258-118,118,0,1,84,11,33,0.29
20261001T111152Z-8adcb79,ae1edb8e7258,d1a4b481f07f,ae1edb8e7258-119,119,0,1,10,140,32,0.45
20261001T111152Z-8adcb79,ae1edb8e7258,d1a4b481f07f,ae1edb8e7258-120,120,0,1,15,77,31,0.44
20261001T111152Z-8adcb79,ae1edb8e7258,d1a4b481f07f,ae1edb8e7258-121,121,0,1,9,106,30,0.37
20261001T111152Z-8adcb79,ae1edb8e7258,d1a4b481f07f,ae1edb8e7258-122,122,0,1,5,104,29,0.27
20261001T111152Z-8adcb79,ae1edb8e7258,d1a4b481f07f,ae1edb8e7258-123,123,0,1,29,17,28,0.38
20261001T111152Z-8adcb79,ae1edb8e7258,d1a4b481f07f,ae1edb8e7258-124,124,0,1,83,123,27,0.23
20261001T111152Z-8adcb79,ae1edb8e7258,d1a4b481f07f,ae1edb8e7258-125,125,0,1,47,47,26,0.42
20261001T111152Z-8adcb79,ae1edb8e7258,d1a4b481f07f,ae1edb8e7258-126,126,0,1,82,27,25,0.35
20261001T111152Z-8adcb79,ae1edb8e7258,d1a4b481f07f,ae1edb8e7258-127,127,0,1,81,142,24,0.23
20261001T111152Z-8adcb79,ae1edb8e7258,d1a4b481f07f,ae1edb8e7258-128,128,0,1,1,103,23,0.27
20261001T111152Z-8adcb79,ae1edb8e7258,d1a4b481f07f,ae1edb8e7258-129,129,0,1,14,96,22,0.42
20261001T111152Z-8adcb79,ae1edb8e7258,d1a4b481f07f,ae1edb8e7258-130,130,0,1,28,102,21,0.46
20261001T111152Z-8adcb79,ae1edb8e7258,d1a4b481f07f,ae1edb8e7258-131,131,0,1,13,24,20,0.49
20261001T111152Z-8adcb79,ae1edb8e7258,d1a4b481f07f,ae1edb8e7258-132,132,1,1,46,21,19,0.54
20261001T111152Z-8adcb79,ae1edb8e7258,d1a4b481f07f,ae1edb8e7258-133,133,0,1,80,3,18,0.38
20261001T111152Z-8adcb79,ae1edb8e7258,d1a4b481f07f,ae1edb8e7258-134,134,0,1,45,72,17,0.33
20261001T111152Z-8adcb79,ae1edb8e7258,d1a4b481f07f,ae1edb8e7258-135,135,0,1,27,90,16,0.2
20261001T111152Z-8adcb79,ae1edb8e7258,d1a4b481f07f,ae1edb8e7258-136,136,0,1,79,144,15,0.24
20261001T111152Z-8adcb79,ae1edb8e7258,d1a4b481f07f,ae1edb8e7258-137,137,0,1,78,94,14,0.26
20261001T111152Z-8adcb79,ae1edb8e7258,d1a4b481f07f,ae1edb8e7258-138,138,0,1,44,126,13,0.34
20261001T111152Z-8adcb79,ae1edb8e7258,d1a4b481f07f,ae1edb8e7258-139,139,0,1,77,143,12,0.24
20261001T111152Z-8adcb79,ae1edb8e7258,d1a4b481f07f,ae1edb8e7258-140,140,0,1,76,91,11,0.18
20261001T111152Z-8adcb79,ae1edb8e7258,d1a4b481f07f,ae1edb8e7258-141,141,0,1,75,97,10,0.23
20261001T111152Z-8adcb79,ae1edb8e7258,d1a4b481f07f,ae1edb8e7258-142,142,0,1,8,119,9,0.27
20261001T111152Z-8adcb79,ae1edb8e7258,d1a4b481f07f,ae1edb8e7258-143,143,0,1,43,84,8,0.34
20261001T111152Z-8adcb79,ae1edb8e7258,d1a4b481f07f,ae1edb8e7258-144,144,0,1,74,83,7,0.18
20261001T111152Z-8adcb79,ae1edb8e7258,d1a4b481f07f,ae1edb8e7258-145,145,0,1,7,118,6,0.28
20261001T111152Z-8adcb79,ae1edb8e7258,d1a4b481f07f,ae1edb8e7258-146,146,0,1,12,93,5,0.42
20261001T111152Z-8adcb79,ae1edb8e7258,d1a4b481f07f,ae1edb8e7258-147,147,0,1,4,100,4,0.3
20261001T111152Z-8adcb79,ae1edb8e7258,d1a4b481f07f,ae1edb8e7258-148,148,0,1,42,69,3,0.48
20261001T111152Z-8adcb79,ae1edb8e7258,d1a4b481f07f,ae1edb8e7258-149,149,0,1,73,71,2,0.32
20261001T111152Z-8adcb79,ae1edb8e7258,d1a4b481f07f,ae1edb8e7258-150,150,0,1,11,81,1,0.48
20261001T111152Z-8adcb79,b65f0ef135fe,3891295cfcc1,b65f0ef135fe-001,1,0,1,127,71,150,0.29
20261001T111152Z-8adcb79,b65f0ef135fe,3891295cfcc1,b65f0ef135fe-002,2,0,1,59,140,149,0.26
20261001T111152Z-8adcb79,b65f0ef135fe,3891295cfcc1,b65f0ef135fe-003,3,0,1,126,108,148,0.35
20261001T111152Z-8adcb79,b65f0ef135fe,3891295cfcc1,b65f0ef135fe-004,4,0,1,125,137,147,0.36
20261001T111152Z-8adcb79,b65f0ef135fe,3891295cfcc1,b65f0ef135fe-005,5,0,1,87,88,146,0.44
20261001T111152Z-8adcb79,b65f0ef135fe,3891295cfcc1,b65f0ef135fe-006,6,0,1,124,99,145,0.4
20261001T111152Z-8adcb79,b65f0ef135fe,3891295cfcc1,b65f0ef135fe-007,7,0,0,,3,144,0.44
20261001T111152Z-8adcb79,b65f0ef135fe,3891295cfcc1,b65f0ef135fe-008,8,1,1,,32,143,0.5
20261001T111152Z-8adcb79,b65f0ef135fe,3891295cfcc1,b65f0ef135fe-009,9,0,1,32,21,142,0.32
20261001T111152Z-8adcb79,b65f0ef135fe,3891295cfcc1,b65f0ef135fe-010,10,0,1,123,85,141,0.34
20261001T111152Z-8adcb79,b65f0ef135fe,3891295cfcc1,b65f0ef135fe-011,11,1,1,122,93,140,0.51
20261001T111152Z-8adcb79,b65f0ef135fe,3891295cfcc1,b65f0ef135fe-012,12,0,1,,89,139,0.47
20261001T111152Z-8adcb79,b65f0ef135fe,3891295cfcc1,b65f0ef135fe-013,13,0,1,55,70,138,0.44
20261001T111152Z-8adcb79,b65f0ef135fe,3891295cfcc1,b65f0ef135fe-014,14,0,1,29,40,137,0.42
20261001T111152Z-8adcb79,b65f0ef135fe,3891295cfcc1,b65f0ef135fe-015,15,0,1,,25,136,0.48
20261001T111152Z-8adcb79,b65f0ef135fe,3891295cfcc1,b65f0ef135fe-016,16,0,1,68,114,135,0.45
20261001T111152Z-8adcb79,b65f0ef135fe,3891295cfcc1,b65f0ef135fe-017,17,0,1,76,104,134,0.35
20261001T111152Z-8adcb79,b65f0ef135fe,3891295cfcc1,b65f0ef135fe-018,18,0,0,,7,133,0.48
20261001T111152Z-8adcb79,b65f0ef135fe,3891295cfcc1,b65f0ef135fe-019,19,1,1,,60,132,0.5
20261001T111152Z-8adcb79,b65f0ef135fe,3891295cfcc1,b65f0ef135fe-020,20,0,1,10,73,131,0.35
20261001T111152Z-8adcb79,b65f0ef135fe,3891295cfcc1,b65f0ef135fe-021,21,0,1,121,113,130,0.32
20261001T111152Z-8adcb79,b65f0ef135fe,3891295cfcc1,b65f0ef135fe-022,22,0,1,86,91,129,0.43
20261001T111152Z-8adcb79,b65f0ef135fe,3891295cfcc1,b65f0ef135fe-023,23,0,1,120,126,128,0.46
20261001T111152Z-8adcb79,b65f0ef135fe,3891295cfcc1,b65f0ef135fe-024,24,0,1,,57,127,0.43
20261001T111152Z-8adcb79,b65f0ef135fe,3891295cfcc1,b65f0ef135fe-025,25,0,1,16,56,126,0.34
20261001T111152Z-8adcb79,b65f0ef135fe,3891295cfcc1,b65f0ef135fe-026,26,0,1,45,84,125,0.42
20261001T111152Z-8adcb79,b65f0ef135fe,3891295cfcc1,b65f0ef135fe-027,27,0,1,44,125,124,0.27
20261001T111152Z-8adcb79,b65f0ef135fe,3891295cfcc1,b65f0ef135fe-028,28,0,1,43,132,123,0.3
20261001T111152Z-8adcb79,b65f0ef135fe,3891295cfcc1,b65f0ef135fe-029,29,0,1,42,131,122,0.35
20261001T111152Z-8adcb79,b65f0ef135fe,3891295cfcc1,b65f0ef135fe-030,30,0,0,,150,121,0.34
20261001T111152Z-8adcb79,b65f0ef135fe,3891295cfcc1,b65f0ef135fe-031,31,0,1,,116,120,0.43
20261001T111152Z-8adcb79,b65f0ef135fe,3891295cfcc1,b65f0ef135fe-032,32,1,1,,128,119,0.51
20261001T111152Z-8adcb79,b65f0ef135fe,3891295cfcc1,b65f0ef135fe-033,33,0,1,58,105,118,0.48
20261001T111152Z-8adcb79,b65f0ef135fe,3891295cfcc1,b65f0ef135fe-034,34,0,1,75,111,117,0.36
20261001T111152Z-8adcb79,b65f0ef135fe,3891295cfcc1,b65f0ef135fe-035,35,1,1,,38,116,0.51
20261001T111152Z-8adcb79,b65f0ef135fe,3891295cfcc1,b65f0ef135fe-036,36,0,1,36,46,115,0.38
20261001T111152Z-8adcb79,b65f0ef135fe,3891295cfcc1,b65f0ef135fe-037,37,0,1,40,87,114,0.44
20261001T111152Z-8adcb79,b65f0ef135fe,3891295cfcc1,b65f0ef135fe-038,38,0,0,,138,113,0.32
20261001T111152Z-8adcb79,b65f0ef135fe,3891295cfcc1,b65f0ef135fe-039,39,0,1,,112,112,0.46
20261001T111152Z-8adcb79,b65f0ef135fe,3891295cfcc1,b65f0ef135fe-040,40,0,1,119,65,111,0.43
20261001T111152Z-8adcb79,b65f0ef135fe,3891295cfcc1,b65f0ef135fe-041,41,0,1,13,100,110,0.33
20261001T111152Z-8adcb79,b65f0ef135fe,3891295cfcc1,b65f0ef135fe-042,42,0,1,118,94,109,0.41
20261001T111152Z-8adcb79,b65f0ef135fe,3891295cfcc1,b65f0ef135fe-043,43,0,1,117,117,108,0.24
20261001T111152Z-8adcb79,b65f0ef135fe,3891295cfcc1,b65f0ef135fe-044,44,0,1,85,97,107,0.37
20261001T111152Z-8adcb79,b65f0ef135fe,3891295cfcc1,b65f0ef135fe-045,45,0,1,57,143,106,0.39
20261001T111152Z-8adcb79,b65f0ef135fe,3891295cfcc1,b65f0ef135fe-046,46,0,1,,15,105,0.4
20261001T111152Z-8adcb79,b65f0ef135fe,3891295cfcc1,b65f0ef135fe-047,47,0,1,84,53,104,0.4
20261001T111152Z-8adcb79,b65f0ef135fe,3891295cfcc1,b65f0ef135fe-048,48,0,1,83,129,103,0.4
20261001T111152Z-8adcb79,b65f0ef135fe,3891295cfcc1,b65f0ef135fe-049,49,0,1,74,142,102,0.44
20261001T111152Z-8adcb79,b65f0ef135fe,3891295cfcc1,b65f0ef135fe-050,50,0,1,,27,101,0.42
20261001T111152Z-8adcb79,b65f0ef135fe,3891295cfcc1,b65f0ef135fe-051,51,0,1,116,63,100,0.44
20261001T111152Z-8adcb79,b65f0ef135fe,3891295cfcc1,b65f0ef135fe-052,52,1,1,82,123,99,0.53
20261001T111152Z-8adcb79,b65f0ef135fe,3891295cfcc1,b65f0ef135fe-053,53,0,1,115,6,98,0.44
20261001T111152Z-8adcb79,b65f0ef135fe,3891295cfcc1,b65f0ef135fe-054,54,0,1,114,72,97,0.48
20261001T111152Z-8adcb79,b65f0ef135fe,3891295cfcc1,b65f0ef135fe-055,55,0,1,18,69,96,0.37
20261001T111152Z-8adcb79,b65f0ef135fe,3891295cfcc1,b65f0ef135fe-056,56,0,1,113,96,95,0.33
20261001T111152Z-8adcb79,b65f0ef135fe,3891295cfcc1,b65f0ef135fe-057,57,1,1,,36,94,0.5
20261001T111152Z-8adcb79,b65f0ef135fe,3891295cfcc1,b65f0ef135fe-058,58,0,1,12,77,93,0.36
20261001T111152Z-8adcb79,b65f0ef135fe,3891295cfcc1,b65f0ef135fe-059,59,0,1,112,67,92,0.32
20261001T111152Z-8adcb79,b65f0ef135fe,3891295cfcc1,b65f0ef135fe-060,60,0,1,,55,91,0.49
20261001T111152Z-8adcb79,b65f0ef135fe,3891295cfcc1,b65f0ef135fe-061,61,1,1,,58,90,0.55
20261001T111152Z-8adcb79,b65f0ef135fe,3891295cfcc1,b65f0ef135fe-062,62,0,1,27,28,89,0.39
20261001T111152Z-8adcb79,b65f0ef135fe,3891295cfcc1,b65f0ef135fe-063,63,0,1,21,17,88,0.42
20261001T111152Z-8adcb79,b65f0ef135fe,3891295cfcc1,b65f0ef135fe-064,64,1,1,111,41,87,0.51
20261001T111152Z-8adcb79,b65f0ef135fe,3891295cfcc1,b65f0ef135fe-065,65,0,1,26,30,86,0.4
20261001T111152Z-8adcb79,b65f0ef135fe,3891295cfcc1,b65f0ef135fe-066,66,0,1,53,136,85,0.45
20261001T111152Z-8adcb79,b65f0ef135fe,3891295cfcc1,b65f0ef135fe-067,67,0,1,110,79,84,0.48
20261001T111152Z-8adcb79,b65f0ef135fe,3891295cfcc1,b65f0ef135fe-068,68,0,1,73,31,83,0.39
20261001T111152Z-8adcb79,b65f0ef135fe,3891295cfcc1,b65f0ef135fe-069,69,0,0,,2,82,0.39
20261001T111152Z-8adcb79,b65f0ef135fe,3891295cfcc1,b65f0ef135fe-070,70,0,1,20,43,81,0.42
20261001T111152Z-8adcb79,b65f0ef135fe,3891295cfcc1,b65f0ef135fe-071,71,1,1,109,48,80,0.54
20261001T111152Z-8adcb79,b65f0ef135fe,3891295cfcc1,b65f0ef135fe-072,72,0,1,24,61,79,0.39
20261001T111152Z-8adcb79,b65f0ef135fe,3891295cfcc1,b65f0ef135fe-073,73,1,1,81,20,78,0.6
20261001T111152Z-8adcb79,b65f0ef135fe,3891295cfcc1,b65f0ef135fe-074,74,1,1,54,76,77,0.57
20261001T111152Z-8adcb79,b65f0ef135fe,3891295cfcc1,b65f0ef135fe-075,75,0,1,52,34,76,0.31
20261001T111152Z-8adcb79,b65f0ef135fe,3891295cfcc1,b65f0ef135fe-076,76,0,1,8,12,75,0.35
20261001T111152Z-8adcb79,b65f0ef135fe,3891295cfcc1,b65f0ef135fe-077,77,0,1,108,90,74,0.43
20261001T111152Z-8adcb79,b65f0ef135fe,3891295cfcc1,b65f0ef135fe-078,78,0,1,80,101,73,0.39
20261001T111152Z-8adcb79,b65f0ef135fe,3891295cfcc1,b65f0ef135fe-079,79,0,1,107,110,72,0.44
20261001T111152Z-8adcb79,b65f0ef135fe,3891295cfcc1,b65f0ef135fe-080,80,0,1,47,122,71,0.33
20261001T111152Z-8adcb79,b65f0ef135fe,3891295cfcc1,b65f0ef135fe-081,81,0,1,79,66,70,0.38
20261001T111152Z-8adcb79,b65f0ef135fe,3891295cfcc1,b65f0ef135fe-082,82,0,0,,64,69,0.31
20261001T111152Z-8adcb79,b65f0ef135fe,3891295cfcc1,b65f0ef135fe-083,83,0,1,106,92,68,0.38
20261001T111152Z-8adcb79,b65f0ef135fe,3891295cfcc1,b65f0ef135fe-084,84,0,1,67,103,67,0.29
20261001T111152Z-8adcb79,b65f0ef135fe,3891295cfcc1,b65f0ef135fe-085,85,0,1,72,74,66,0.37
20261001T111152Z-8adcb79,b65f0ef135fe,3891295cfcc1,b65f0ef135fe-086,86,1,1,105,8,65,0.6
20261001T111152Z-8adcb79,b65f0ef135fe,3891295cfcc1,b65f0ef135fe-087,87,1,1,104,80,64,0.51
20261001T111152Z-8adcb79,b65f0ef135fe,3891295cfcc1,b65f0ef135fe-088,88,0,1,6,11,63,0.38
20261001T111152Z-8adcb79,b65f0ef135fe,3891295cfcc1,b65f0ef135fe-089,89,0,1,35,39,62,0.48
20261001T111152Z-8adcb79,b65f0ef135fe,3891295cfcc1,b65f0ef135fe-090,90,1,1,103,13,61,0.5
20261001T111152Z-8adcb79,b65f0ef135fe,3891295cfcc1,b65f0ef135fe-091,91,0,1,102,45,60,0.33
20261001T111152Z-8adcb79,b65f0ef135fe,3891295cfcc1,b65f0ef135fe-092,92,0,1,66,62,59,0.47
20261001T111152Z-8adcb79,b65f0ef135fe,3891295cfcc1,b65f0ef135fe-093,93,0,1,78,49,58,0.39
20261001T111152Z-8adcb79,b65f0ef135fe,3891295cfcc1,b65f0ef135fe-094,94,1,1,101,75,57,0.56
20261001T111152Z-8adcb79,b65f0ef135fe,3891295cfcc1,b65f0ef135fe-095,95,1,1,100,115,56,0.52
20261001T111152Z-8adcb79,b65f0ef135fe,3891295cfcc1,b65f0ef135fe-096,96,0,1,3,47,55,0.44
20261001T111152Z-8adcb79,b65f0ef135fe,3891295cfcc1,b65f0ef135fe-097,97,0,1,99,107,54,0.44
20261001T111152Z-8adcb79,b65f0ef135fe,3891295cfcc1,b65f0ef135fe-098,98,1,1,65,82,53,0.57
20261001T111152Z-8adcb79,b65f0ef135fe,3891295cfcc1,b65f0ef135fe-099,99,0,1,4,52,52,0.37
20261001T111152Z-8adcb79,b65f0ef135fe,3891295cfcc1,b65f0ef135fe-100,100,1,1,71,26,51,0.54
20261001T111152Z-8adcb79,b65f0ef135fe,3891295cfcc1,b65f0ef135fe-101,101,0,1,51,141,50,0.33
20261001T111152Z-8adcb79,b65f0ef135fe,3891295cfcc1,b65f0ef135fe-102,102,0,1,1,51,49,0.42
20261001T111152Z-8adcb79,b65f0ef135fe,3891295cfcc1,b65f0ef135fe-103,103,1,1,70,10,48,0.56
20261001T111152Z-8adcb79,b65f0ef135fe,3891295cfcc1,b65f0ef135fe-104,104,0,1,5,5,47,0.44
20261001T111152Z-8adcb79,b65f0ef135fe,3891295cfcc1,b65f0ef135fe-105,105,1,1,15,24,46,0.51
20261001T111152Z-8adcb79,b65f0ef135fe,3891295cfcc1,b65f0ef135fe-106,106,0,1,98,59,45,0.43
20261001T111152Z-8adcb79,b65f0ef135fe,3891295cfcc1,b65f0ef135fe-107,107,1,1,97,18,44,0.6
20261001T111152Z-8adcb79,b65f0ef135fe,3891295cfcc1,b65f0ef135fe-108,108,0,1,96,127,43,0.46
20261001T111152Z-8adcb79,b65f0ef135fe,3891295cfcc1,b65f0ef135fe-109,109,0,1,9,35,42,0.4
20261001T111152Z-8adcb79,b65f0ef135fe,3891295cfcc1,b65f0ef135fe-110,110,0,1,95,50,41,0.45
20261001T111152Z-8adcb79,b65f0ef135fe,3891295cfcc1,b65f0ef135fe-111,111,0,1,94,119,40,0.48
20261001T111152Z-8adcb79,b65f0ef135fe,3891295cfcc1,b65f0ef135fe-112,112,1,1,77,37,39,0.55
20261001T111152Z-8adcb79,b65f0ef135fe,3891295cfcc1,b65f0ef135fe-113,113,1,1,7,9,38,0.5
20261001T111152Z-8adcb79,b65f0ef135fe,3891295cfcc1,b65f0ef135fe-114,114,0,1,93,83,37,0.44
20261001T111152Z-8adcb79,b65f0ef135fe,3891295cfcc1,b65f0ef135fe-115,115,1,0,,1,36,0.5
20261001T111152Z-8adcb79,b65f0ef135fe,3891295cfcc1,b65f0ef135fe-116,116,1,1,46,22,35,0.56
20261001T111152Z-8adcb79,b65f0ef135fe,3891295cfcc1,b65f0ef135fe-117,117,0,1,41,81,34,0.47
20261001T111152Z-8adcb79,b65f0ef135fe,3891295cfcc1,b65f0ef135fe-118,118,0,1,17,19,33,0.36
20261001T111152Z-8adcb79,b65f0ef135fe,3891295cfcc1,b65f0ef135fe-119,119,0,1,92,78,32,0.37
20261001T111152Z-8adcb79,b65f0ef135fe,3891295cfcc1,b65f0ef135fe-120,120,1,1,50,14,31,0.63
20261001T111152Z-8adcb79,b65f0ef135fe,3891295cfcc1,b65f0ef135fe-121,121,0,1,64,118,30,0.39
20261001T111152Z-8adcb79,b65f0ef135fe,3891295cfcc1,b65f0ef135fe-122,122,1,1,49,44,29,0.51
20261001T111152Z-8adcb79,b65f0ef135fe,3891295cfcc1,b65f0ef135fe-123,123,1,0,,4,28,0.57
20261001T111152Z-8adcb79,b65f0ef135fe,3891295cfcc1,b65f0ef135fe-124,124,0,1,91,98,27,0.45
20261001T111152Z-8adcb79,b65f0ef135fe,3891295cfcc1,b65f0ef135fe-125,125,1,1,48,54,26,0.51
20261001T111152Z-8adcb79,b65f0ef135fe,3891295cfcc1,b65f0ef135fe-126,126,0,1,63,102,25,0.35
20261001T111152Z-8adcb79,b65f0ef135fe,3891295cfcc1,b65f0ef135fe-127,127,0,1,2,23,24,0.4
20261001T111152Z-8adcb79,b65f0ef135fe,3891295cfcc1,b65f0ef135fe-128,128,1,1,90,16,23,0.61
20261001T111152Z-8adcb79,b65f0ef135fe,3891295cfcc1,b65f0ef135fe-129,129,0,1,31,149,22,0.42
20261001T111152Z-8adcb79,b65f0ef135fe,3891295cfcc1,b65f0ef135fe-130,130,0,1,34,144,21,0.3
20261001T111152Z-8adcb79,b65f0ef135fe,3891295cfcc1,b65f0ef135fe-131,131,0,1,30,133,20,0.33
20261001T111152Z-8adcb79,b65f0ef135fe,3891295cfcc1,b65f0ef135fe-132,132,0,1,14,146,19,0.27
20261001T111152Z-8adcb79,b65f0ef135fe,3891295cfcc1,b65f0ef135fe-133,133,0,1,11,147,18,0.39
20261001T111152Z-8adcb79,b65f0ef135fe,3891295cfcc1,b65f0ef135fe-134,134,0,1,19,121,17,0.34
20261001T111152Z-8adcb79,b65f0ef135fe,3891295cfcc1,b65f0ef135fe-135,135,0,1,62,135,16,0.32
20261001T111152Z-8adcb79,b65f0ef135fe,3891295cfcc1,b65f0ef135fe-136,136,0,1,25,130,15,0.42
20261001T111152Z-8adcb79,b65f0ef135fe,3891295cfcc1,b65f0ef135fe-137,137,0,1,39,134,14,0.31
20261001T111152Z-8adcb79,b65f0ef135fe,3891295cfcc1,b65f0ef135fe-138,138,0,1,28,106,13,0.31
20261001T111152Z-8adcb79,b65f0ef135fe,3891295cfcc1,b65f0ef135fe-139,139,0,1,69,124,12,0.42
20261001T111152Z-8adcb79,b65f0ef135fe,3891295cfcc1,b65f0ef135fe-140,140,0,1,23,148,11,0.35
20261001T111152Z-8adcb79,b65f0ef135fe,3891295cfcc1,b65f0ef135fe-141,141,0,1,56,120,10,0.31
20261001T111152Z-8adcb79,b65f0ef135fe,3891295cfcc1,b65f0ef135fe-142,142,0,1,38,68,9,0.34
20261001T111152Z-8adcb79,b65f0ef135fe,3891295cfcc1,b65f0ef135fe-143,143,0,1,61,109,8,0.43
20261001T111152Z-8adcb79,b65f0ef135fe,3891295cfcc1,b65f0ef135fe-144,144,1,1,60,33,7,0.61
20261001T111152Z-8adcb79,b65f0ef135fe,3891295cfcc1,b65f0ef135fe-145,145,1,1,37,86,6,0.52
20261001T111152Z-8adcb79,b65f0ef135fe,3891295cfcc1,b65f0ef135fe-146,146,0,1,33,42,5,0.37
20261001T111152Z-8adcb79,b65f0ef135fe,3891295cfcc1,b65f0ef135fe-147,147,0,1,89,139,4,0.43
20261001T111152Z-8adcb79,b65f0ef135fe,3891295cfcc1,b65f0ef135fe-148,148,0,1,22,29,3,0.42
20261001T111152Z-8adcb79,b65f0ef135fe,3891295cfcc1,b65f0ef135fe-149,149,0,0,,145,2,0.31
20261001T111152Z-8adcb79,b65f0ef135fe,3891295cfcc1,b65f0ef135fe-150,150,0,1,88,95,1,0.43
20261001T111152Z-8adcb79,c16128cb0e2f,3891295cfcc1,c16128cb0e2f-001,1,1,1,27,60,146,0.58
20261001T111152Z-8adcb79,c16128cb0e2f,3891295cfcc1,c16128cb0e2f-002,2,0,1,70,45,145,0.49
20261001T111152Z-8adcb79,c16128cb0e2f,3891295cfcc1,c16128cb0e2f-003,3,0,1,56,130,144,0.48
20261001T111152Z-8adcb79,c16128cb0e2f,3891295cfcc1,c16128cb0e2f-004,4,1,1,109,80,143,0.54
20261001T111152Z-8adcb79,c16128cb0e2f,3891295cfcc1,c16128cb0e2f-005,5,0,0,,74,142,0.48
20261001T111152Z-8adcb79,c16128cb0e2f,3891295cfcc1,c16128cb0e2f-006,6,1,0,,76,141,0.5
20261001T111152Z-8adcb79,c16128cb0e2f,3891295cfcc1,c16128cb0e2f-007,7,0,0,,78,140,0.43
20261001T111152Z-8adcb79,c16128cb0e2f,3891295cfcc1,c16128cb0e2f-008,8,0,0,,83,139,0.43
20261001T111152Z-8adcb79,c16128cb0e2f,3891295cfcc1,c16128cb0e2f-009,9,0,0,,58,138,0.32
20261001T111152Z-8adcb79,c16128cb0e2f,3891295cfcc1,c16128cb0e2f-010,10,0,0,,117,137,0.33
20261001T111152Z-8adcb79,c16128cb0e2f,3891295cfcc1,c16128cb0e2f-011,11,1,0,,73,136,0.52
20261001T111152Z-8adcb79,c16128cb0e2f,3891295cfcc1,c16128cb0e2f-012,12,0,0,,54,135,0.27
20261001T111152Z-8adcb79,c16128cb0e2f,3891295cfcc1,c16128cb0e2f-013,13,0,0,,126,134,0.3
20261001T111152Z-8adcb79,c16128cb0e2f,3891295cfcc1,c16128cb0e2f-014,14,0,0,,82,133,0.28
20261001T111152Z-8adcb79,c16128cb0e2f,3891295cfcc1,c16128cb0e2f-015,15,0,0,,85,132,0.37
20261001T111152Z-8adcb79,c16128cb0e2f,3891295cfcc1,c16128cb0e2f-016,16,0,1,,,131,0.49
20261001T111152Z-8adcb79,c16128cb0e2f,3891295cfcc1,c16128cb0e2f-017,17,0,1,108,36,130,0.43
20261001T111152Z-8adcb79,c16128cb0e2f,3891295cfcc1,c16128cb0e2f-018,18,0,1,22,72,129,0.48
20261001T111152Z-8adcb79,c16128cb0e2f,3891295cfcc1,c16128cb0e2f-019,19,0,1,10,88,128,0.41
20261001T111152Z-8adcb79,c16128cb0e2f,3891295cfcc1,c16128cb0e2f-020,20,0,1,34,57,127,0.35
20261001T111152Z-8adcb79,c16128cb0e2f,3891295cfcc1,c16128cb0e2f-021,21,1,1,107,112,126,0.53
20261001T111152Z-8adcb79,c16128cb0e2f,3891295cfcc1,c16128cb0e2f-022,22,0,0,,,125,0.42
20261001T111152Z-8adcb79,c16128cb0e2f,3891295cfcc1,c16128cb0e2f-023,23,0,1,15,12,124,0.42
20261001T111152Z-8adcb79,c16128cb0e2f,3891295cfcc1,c16128cb0e2f-024,24,1,1,40,34,123,0.53
20261001T111152Z-8adcb79,c16128cb0e2f,3891295cfcc1,c16128cb0e2f-025,25,0,1,,2,122,0.49
20261001T111152Z-8adcb79,c16128cb0e2f,3891295cfcc1,c16128cb0e2f-026,26,0,1,106,48,121,0.42
20261001T111152Z-8adcb79,c16128cb0e2f,3891295cfcc1,c16128cb0e2f-027,27,0,1,39,30,120,0.46
20261001T111152Z-8adcb79,c16128cb0e2f,3891295cfcc1,c16128cb0e2f-028,28,0,1,55,21,119,0.4
20261001T111152Z-8adcb79,c16128cb0e2f,3891295cfcc1,c16128cb0e2f-029,29,0,0,,51,118,0.31
20261001T111152Z-8adcb79,c16128cb0e2f,3891295cfcc1,c16128cb0e2f-030,30,0,0,,18,117,0.44
20261001T111152Z-8adcb79,c16128cb0e2f,3891295cfcc1,c16128cb0e2f-031,31,0,1,105,9,116,0.41
20261001T111152Z-8adcb79,c16128cb0e2f,3891295cfcc1,c16128cb0e2f-032,32,1,1,,131,115,0.55
20261001T111152Z-8adcb79,c16128cb0e2f,3891295cfcc1,c16128cb0e2f-033,33,0,1,54,142,114,0.37
20261001T111152Z-8adcb79,c16128cb0e2f,3891295cfcc1,c16128cb0e2f-034,34,0,1,53,141,113,0.39
20261001T111152Z-8adcb79,c16128cb0e2f,3891295cfcc1,c16128cb0e2f-035,35,0,1,104,135,112,0.45
20261001T111152Z-8adcb79,c16128cb0e2f,3891295cfcc1,c16128cb0e2f-036,36,1,1,38,102,111,0.57
20261001T111152Z-8adcb79,c16128cb0e2f,3891295cfcc1,c16128cb0e2f-037,37,0,1,30,31,110,0.47
20261001T111152Z-8adcb79,c16128cb0e2f,3891295cfcc1,c16128cb0e2f-038,38,0,1,52,28,109,0.47
20261001T111152Z-8adcb79,c16128cb0e2f,3891295cfcc1,c16128cb0e2f-039,39,0,1,51,138,108,0.38
20261001T111152Z-8adcb79,c16128cb0e2f,3891295cfcc1,c16128cb0e2f-040,40,0,1,50,129,107,0.48
20261001T111152Z-8adcb79,c16128cb0e2f,3891295cfcc1,c16128cb0e2f-041,41,0,1,103,29,106,0.35
20261001T111152Z-8adcb79,c16128cb0e2f,3891295cfcc1,c16128cb0e2f-042,42,1,1,69,46,105,0.51
20261001T111152Z-8adcb79,c16128cb0e2f,3891295cfcc1,c16128cb0e2f-043,43,1,1,68,26,104,0.54
20261001T111152Z-8adcb79,c16128cb0e2f,3891295cfcc1,c16128cb0e2f-044,44,1,1,49,20,103,0.53
20261001T111152Z-8adcb79,c16128cb0e2f,3891295cfcc1,c16128cb0e2f-045,45,0,1,33,107,102,0.37
20261001T111152Z-8adcb79,c16128cb0e2f,3891295cfcc1,c16128cb0e2f-046,46,0,1,102,49,101,0.41
20261001T111152Z-8adcb79,c16128cb0e2f,3891295cfcc1,c16128cb0e2f-047,47,1,1,101,89,100,0.53
20261001T111152Z-8adcb79,c16128cb0e2f,3891295cfcc1,c16128cb0e2f-048,48,1,1,67,77,99,0.51
20261001T111152Z-8adcb79,c16128cb0e2f,3891295cfcc1,c16128cb0e2f-049,49,0,1,66,64,98,0.45
20261001T111152Z-8adcb79,c16128cb0e2f,3891295cfcc1,c16128cb0e2f-050,50,0,1,48,104,97,0.48
20261001T111152Z-8adcb79,c16128cb0e2f,3891295cfcc1,c16128cb0e2f-051,51,0,1,,11,96,0.49
20261001T111152Z-8adcb79,c16128cb0e2f,3891295cfcc1,c16128cb0e2f-052,52,0,1,65,68,95,0.4
20261001T111152Z-8adcb79,c16128cb0e2f,3891295cfcc1,c16128cb0e2f-053,53,1,1,100,35,94,0.54
20261001T111152Z-8adcb79,c16128cb0e2f,3891295cfcc1,c16128cb0e2f-054,54,0,1,47,119,93,0.37
20261001T111152Z-8adcb79,c16128cb0e2f,3891295cfcc1,c16128cb0e2f-055,55,0,1,99,16,92,0.47
20261001T111152Z-8adcb79,c16128cb0e2f,3891295cfcc1,c16128cb0e2f-056,56,1,1,64,134,91,0.56
20261001T111152Z-8adcb79,c16128cb0e2f,3891295cfcc1,c16128cb0e2f-057,57,1,1,63,108,90,0.58
20261001T111152Z-8adcb79,c16128cb0e2f,3891295cfcc1,c16128cb0e2f-058,58,1,1,46,87,89,0.53
20261001T111152Z-8adcb79,c16128cb0e2f,3891295cfcc1,c16128cb0e2f-059,59,1,1,,13,88,0.62
20261001T111152Z-8adcb79,c16128cb0e2f,3891295cfcc1,c16128cb0e2f-060,60,1,1,,40,87,0.54
20261001T111152Z-8adcb79,c16128cb0e2f,3891295cfcc1,c16128cb0e2f-061,61,1,1,,8,86,0.64
20261001T111152Z-8adcb79,c16128cb0e2f,3891295cfcc1,c16128cb0e2f-062,62,0,1,45,65,85,0.48
20261001T111152Z-8adcb79,c16128cb0e2f,3891295cfcc1,c16128cb0e2f-063,63,1,1,98,50,84,0.57
20261001T111152Z-8adcb79,c16128cb0e2f,3891295cfcc1,c16128cb0e2f-064,64,1,1,97,33,83,0.56
20261001T111152Z-8adcb79,c16128cb0e2f,3891295cfcc1,c16128cb0e2f-065,65,1,1,,15,82,0.55
20261001T111152Z-8adcb79,c16128cb0e2f,3891295cfcc1,c16128cb0e2f-066,66,0,1,2,121,81,0.42
20261001T111152Z-8adcb79,c16128cb0e2f,3891295cfcc1,c16128cb0e2f-067,67,1,1,,14,80,0.57
20261001T111152Z-8adcb79,c16128cb0e2f,3891295cfcc1,c16128cb0e2f-068,68,1,1,,81,79,0.53
20261001T111152Z-8adcb79,c16128cb0e2f,3891295cfcc1,c16128cb0e2f-069,69,0,1,16,114,78,0.34
20261001T111152Z-8adcb79,c16128cb0e2f,3891295cfcc1,c16128cb0e2f-070,70,0,1,9,113,77,0.43
20261001T111152Z-8adcb79,c16128cb0e2f,3891295cfcc1,c16128cb0e2f-071,71,1,1,96,17,76,0.58
20261001T111152Z-8adcb79,c16128cb0e2f,3891295cfcc1,c16128cb0e2f-072,72,1,0,,69,75,0.58
20261001T111152Z-8adcb79,c16128cb0e2f,3891295cfcc1,c16128cb0e2f-073,73,0,0,,132,74,0.34
20261001T111152Z-8adcb79,c16128cb0e2f,3891295cfcc1,c16128cb0e2f-074,74,0,0,,118,73,0.41
20261001T111152Z-8adcb79,c16128cb0e2f,3891295cfcc1,c16128cb0e2f-075,75,0,1,11,23,72,0.38
20261001T111152Z-8adcb79,c16128cb0e2f,3891295cfcc1,c16128cb0e2f-076,76,0,1,95,42,71,0.38
20261001T111152Z-8adcb79,c16128cb0e2f,3891295cfcc1,c16128cb0e2f-077,77,0,1,29,137,70,0.27
20261001T111152Z-8adcb79,c16128cb0e2f,3891295cfcc1,c16128cb0e2f-078,78,0,1,94,63,69,0.43
20261001T111152Z-8adcb79,c16128cb0e2f,3891295cfcc1,c16128cb0e2f-079,79,0,0,,105,68,0.29
20261001T111152Z-8adcb79,c16128cb0e2f,3891295cfcc1,c16128cb0e2f-080,80,0,1,93,97,67,0.29
20261001T111152Z-8adcb79,c16128cb0e2f,3891295cfcc1,c16128cb0e2f-081,81,0,1,28,,66,0.29
20261001T111152Z-8adcb79,c16128cb0e2f,3891295cfcc1,c16128cb0e2f-082,82,1,1,,1,65,0.53
20261001T111152Z-8adcb79,c16128cb0e2f,3891295cfcc1,c16128cb0e2f-083,83,1,1,44,133,64,0.5
20261001T111152Z-8adcb79,c16128cb0e2f,3891295cfcc1,c16128cb0e2f-084,84,1,1,43,139,63,0.54
20261001T111152Z-8adcb79,c16128cb0e2f,3891295cfcc1,c16128cb0e2f-085,85,0,1,13,52,62,0.38
20261001T111152Z-8adcb79,c16128cb0e2f,3891295cfcc1,c16128cb0e2f-086,86,0,1,32,90,61,0.42
20261001T111152Z-8adcb79,c16128cb0e2f,3891295cfcc1,c16128cb0e2f-087,87,0,0,,120,60,0.36
20261001T111152Z-8adcb79,c16128cb0e2f,3891295cfcc1,c16128cb0e2f-088,88,0,1,,3,59,0.48
20261001T111152Z-8adcb79,c16128cb0e2f,3891295cfcc1,c16128cb0e2f-089,89,0,1,92,136,58,0.49
20261001T111152Z-8adcb79,c16128cb0e2f,3891295cfcc1,c16128cb0e2f-090,90,0,1,91,61,57,0.45
20261001T111152Z-8adcb79,c16128cb0e2f,3891295cfcc1,c16128cb0e2f-091,91,1,1,26,22,56,0.51
20261001T111152Z-8adcb79,c16128cb0e2f,3891295cfcc1,c16128cb0e2f-092,92,1,1,37,56,55,0.55
20261001T111152Z-8adcb79,c16128cb0e2f,3891295cfcc1,c16128cb0e2f-093,93,0,1,90,98,54,0.39
20261001T111152Z-8adcb79,c16128cb0e2f,3891295cfcc1,c16128cb0e2f-094,94,0,1,62,70,53,0.38
20261001T111152Z-8adcb79,c16128cb0e2f,3891295cfcc1,c16128cb0e2f-095,95,0,1,14,55,52,0.29
20261001T111152Z-8adcb79,c16128cb0e2f,3891295cfcc1,c16128cb0e2f-096,96,0,1,25,127,51,0.4
20261001T111152Z-8adcb79,c16128cb0e2f,3891295cfcc1,c16128cb0e2f-097,97,0,0,,122,50,0.39
20261001T111152Z-8adcb79,c16128cb0e2f,3891295cfcc1,c16128cb0e2f-098,98,0,1,,4,49,0.44
20261001T111152Z-8adcb79,c16128cb0e2f,3891295cfcc1,c16128cb0e2f-099,99,0,1,89,79,48,0.33
20261001T111152Z-8adcb79,c16128cb0e2f,3891295cfcc1,c16128cb0e2f-100,100,0,1,88,109,47,0.37
20261001T111152Z-8adcb79,c16128cb0e2f,3891295cfcc1,c16128cb0e2f-101,101,0,1,87,84,46,0.32
20261001T111152Z-8adcb79,c16128cb0e2f,3891295cfcc1,c16128cb0e2f-102,102,0,1,31,47,45,0.3
20261001T111152Z-8adcb79,c16128cb0e2f,3891295cfcc1,c16128cb0e2f-103,103,0,1,86,125,44,0.44
20261001T111152Z-8adcb79,c16128cb0e2f,3891295cfcc1,c16128cb0e2f-104,104,0,1,85,95,43,0.42
20261001T111152Z-8adcb79,c16128cb0e2f,3891295cfcc1,c16128cb0e2f-105,105,0,1,61,41,42,0.4
20261001T111152Z-8adcb79,c16128cb0e2f,3891295cfcc1,c16128cb0e2f-106,106,0,1,84,53,41,0.44
20261001T111152Z-8adcb79,c16128cb0e2f,3891295cfcc1,c16128cb0e2f-107,107,1,0,,19,40,0.51
20261001T111152Z-8adcb79,c16128cb0e2f,3891295cfcc1,c16128cb0e2f-108,108,1,1,83,44,39,0.51
20261001T111152Z-8adcb79,c16128cb0e2f,3891295cfcc1,c16128cb0e2f-109,109,0,1,8,99,38,0.42
20261001T111152Z-8adcb79,c16128cb0e2f,3891295cfcc1,c16128cb0e2f-110,110,0,1,82,59,37,0.4
20261001T111152Z-8adcb79,c16128cb0e2f,3891295cfcc1,c16128cb0e2f-111,111,1,1,42,75,36,0.55
20261001T111152Z-8adcb79,c16128cb0e2f,3891295cfcc1,c16128cb0e2f-112,112,1,1,81,115,35,0.5
20261001T111152Z-8adcb79,c16128cb0e2f,3891295cfcc1,c16128cb0e2f-113,113,0,1,21,103,34,0.39
20261001T111152Z-8adcb79,c16128cb0e2f,3891295cfcc1,c16128cb0e2f-114,114,0,1,5,93,33,0.41
20261001T111152Z-8adcb79,c16128cb0e2f,3891295cfcc1,c16128cb0e2f-115,115,1,1,80,43,32,0.56
20261001T111152Z-8adcb79,c16128cb0e2f,3891295cfcc1,c16128cb0e2f-116,116,1,1,24,25,31,0.54
20261001T111152Z-8adcb79,c16128cb0e2f,3891295cfcc1,c16128cb0e2f-117,117,0,1,36,94,30,0.32
20261001T111152Z-8adcb79,c16128cb0e2f,3891295cfcc1,c16128cb0e2f-118,118,0,0,,27,29,0.38
20261001T111152Z-8adcb79,c16128cb0e2f,3891295cfcc1,c16128cb0e2f-119,119,1,1,79,111,28,0.57
20261001T111152Z-8adcb79,c16128cb0e2f,3891295cfcc1,c16128cb0e2f-120,120,0,1,3,32,27,0.33
20261001T111152Z-8adcb79,c16128cb0e2f,3891295cfcc1,c16128cb0e2f-121,121,0,1,78,62,26,0.38
20261001T111152Z-8adcb79,c16128cb0e2f,3891295cfcc1,c16128cb0e2f-122,122,1,1,60,66,25,0.5
20261001T111152Z-8adcb79,c16128cb0e2f,3891295cfcc1,c16128cb0e2f-123,123,0,1,59,110,24,0.49
20261001T111152Z-8adcb79,c16128cb0e2f,3891295cfcc1,c16128cb0e2f-124,124,0,1,77,67,23,0.47
20261001T111152Z-8adcb79,c16128cb0e2f,3891295cfcc1,c16128cb0e2f-125,125,0,1,1,128,22,0.36
20261001T111152Z-8adcb79,c16128cb0e2f,3891295cfcc1,c16128cb0e2f-126,126,0,1,7,106,21,0.48
20261001T111152Z-8adcb79,c16128cb0e2f,3891295cfcc1,c16128cb0e2f-127,127,0,1,20,39,20,0.34
20261001T111152Z-8adcb79,c16128cb0e2f,3891295cfcc1,c16128cb0e2f-128,128,0,1,19,38,19,0.34
20261001T111152Z-8adcb79,c16128cb0e2f,3891295cfcc1,c16128cb0e2f-129,129,0,1,18,37,18,0.38
20261001T111152Z-8adcb79,c16128cb0e2f,3891295cfcc1,c16128cb0e2f-130,130,0,0,,123,17,0.36
20261001T111152Z-8adcb79,c16128cb0e2f,3891295cfcc1,c16128cb0e2f-131,131,0,1,76,6,16,0.41
20261001T111152Z-8adcb79,c16128cb0e2f,3891295cfcc1,c16128cb0e2f-132,132,1,1,75,140,15,0.57
20261001T111152Z-8adcb79,c16128cb0e2f,3891295cfcc1,c16128cb0e2f-133,133,1,1,17,24,14,0.58
20261001T111152Z-8adcb79,c16128cb0e2f,3891295cfcc1,c16128cb0e2f-134,134,0,1,35,116,13,0.31
20261001T111152Z-8adcb79,c16128cb0e2f,3891295cfcc1,c16128cb0e2f-135,135,0,1,74,91,12,0.49
20261001T111152Z-8adcb79,c16128cb0e2f,3891295cfcc1,c16128cb0e2f-136,136,0,1,6,101,11,0.41
20261001T111152Z-8adcb79,c16128cb0e2f,3891295cfcc1,c16128cb0e2f-137,137,0,1,12,100,10,0.46
20261001T111152Z-8adcb79,c16128cb0e2f,3891295cfcc1,c16128cb0e2f-138,138,0,0,,124,9,0.38
20261001T111152Z-8adcb79,c16128cb0e2f,3891295cfcc1,c16128cb0e2f-139,139,0,1,73,5,8,0.44
20261001T111152Z-8adcb79,c16128cb0e2f,3891295cfcc1,c16128cb0e2f-140,140,0,1,58,96,7,0.44
20261001T111152Z-8adcb79,c16128cb0e2f,3891295cfcc1,c16128cb0e2f-141,141,0,1,4,86,6,0.37
20261001T111152Z-8adcb79,c16128cb0e2f,3891295cfcc1,c16128cb0e2f-142,142,0,1,72,71,5,0.4
20261001T111152Z-8adcb79,c16128cb0e2f,3891295cfcc1,c16128cb0e2f-143,143,0,1,41,92,4,0.34
20261001T111152Z-8adcb79,c16128cb0e2f,3891295cfcc1,c16128cb0e2f-144,144,0,1,57,143,3,0.34
20261001T111152Z-8adcb79,c16128cb0e2f,3891295cfcc1,c16128cb0e2f-145,145,1,1,23,10,2,0.57
20261001T111152Z-8adcb79,c16128cb0e2f,3891295cfcc1,c16128cb0e2f-146,146,0,1,71,7,1,0.44
20261001T111152Z-8adcb79,cc4e8e1f1f2b,2cd228cc14ff,cc4e8e1f1f2b-001,1,0,1,51,46,66,0.4
20261001T111152Z-8adcb79,cc4e8e1f1f2b,2cd228cc14ff,cc4e8e1f1f2b-002,2,0,1,50,52,65,0.35
20261001T111152Z-8adcb79,cc4e8e1f1f2b,2cd228cc14ff,cc4e8e1f1f2b-003,3,0,1,20,61,64,0.31
20261001T111152Z-8adcb79,cc4e8e1f1f2b,2cd228cc14ff,cc4e8e1f1f2b-004,4,0,1,,49,63,0.24
20261001T111152Z-8adcb79,cc4e8e1f1f2b,2cd228cc14ff,cc4e8e1f1f2b-005,5,0,1,,51,62,0.36
20261001T111152Z-8adcb79,cc4e8e1f1f2b,2cd228cc14ff,cc4e8e1f1f2b-006,6,0,1,,66,61,0.37
20261001T111152Z-8adcb79,cc4e8e1f1f2b,2cd228cc14ff,cc4e8e1f1f2b-007,7,0,1,,65,60,0.43
20261001T111152Z-8adcb79,cc4e8e1f1f2b,2cd228cc14ff,cc4e8e1f1f2b-008,8,0,1,,55,59,0.34
20261001T111152Z-8adcb79,cc4e8e1f1f2b,2cd228cc14ff,cc4e8e1f1f2b-009,9,0,1,49,44,58,0.4
20261001T111152Z-8adcb79,cc4e8e1f1f2b,2cd228cc14ff,cc4e8e1f1f2b-010,10,0,1,48,62,57,0.39
20261001T111152Z-8adcb79,cc4e8e1f1f2b,2cd228cc14ff,cc4e8e1f1f2b-011,11,0,1,47,59,56,0.3
20261001T111152Z-8adcb79,cc4e8e1f1f2b,2cd228cc14ff,cc4e8e1f1f2b-012,12,0,1,46,60,55,0.17
20261001T111152Z-8adcb79,cc4e8e1f1f2b,2cd228cc14ff,cc4e8e1f1f2b-013,13,0,1,,12,54,0.16
20261001T111152Z-8adcb79,cc4e8e1f1f2b,2cd228cc14ff,cc4e8e1f1f2b-014,14,0,1,,21,53,0.2
20261001T111152Z-8adcb79,cc4e8e1f1f2b,2cd228cc14ff,cc4e8e1f1f2b-015,15,0,1,37,36,52,0.21
20261001T111152Z-8adcb79,cc4e8e1f1f2b,2cd228cc14ff,cc4e8e1f1f2b-016,16,0,1,45,17,51,0.46
20261001T111152Z-8adcb79,cc4e8e1f1f2b,2cd228cc14ff,cc4e8e1f1f2b-017,17,0,1,,39,50,0.4
20261001T111152Z-8adcb79,cc4e8e1f1f2b,2cd228cc14ff,cc4e8e1f1f2b-018,18,0,1,,63,49,0.4
20261001T111152Z-8adcb79,cc4e8e1f1f2b,2cd228cc14ff,cc4e8e1f1f2b-019,19,0,1,,31,48,0.38
20261001T111152Z-8adcb79,cc4e8e1f1f2b,2cd228cc14ff,cc4e8e1f1f2b-020,20,0,1,,20,47,0.39
20261001T111152Z-8adcb79,cc4e8e1f1f2b,2cd228cc14ff,cc4e8e1f1f2b-021,21,0,1,,47,46,0.32
20261001T111152Z-8adcb79,cc4e8e1f1f2b,2cd228cc14ff,cc4e8e1f1f2b-022,22,0,1,,5,45,0.26
20261001T111152Z-8adcb79,cc4e8e1f1f2b,2cd228cc14ff,cc4e8e1f1f2b-023,23,1,1,44,14,44,0.51
20261001T111152Z-8adcb79,cc4e8e1f1f2b,2cd228cc14ff,cc4e8e1f1f2b-024,24,0,1,43,37,43,0.4
20261001T111152Z-8adcb79,cc4e8e1f1f2b,2cd228cc14ff,cc4e8e1f1f2b-025,25,0,1,,3,42,0.34
20261001T111152Z-8adcb79,cc4e8e1f1f2b,2cd228cc14ff,cc4e8e1f1f2b-026,26,0,1,,50,41,0.27
20261001T111152Z-8adcb79,cc4e8e1f1f2b,2cd228cc14ff,cc4e8e1f1f2b-027,27,0,1,3,35,40,0.22
20261001T111152Z-8adcb79,cc4e8e1f1f2b,2cd228cc14ff,cc4e8e1f1f2b-028,28,0,1,11,58,39,0.23
20261001T111152Z-8adcb79,cc4e8e1f1f2b,2cd228cc14ff,cc4e8e1f1f2b-029,29,0,1,19,48,38,0.28
20261001T111152Z-8adcb79,cc4e8e1f1f2b,2cd228cc14ff,cc4e8e1f1f2b-030,30,0,1,18,29,37,0.29
20261001T111152Z-8adcb79,cc4e8e1f1f2b,2cd228cc14ff,cc4e8e1f1f2b-031,31,0,1,10,30,36,0.18
20261001T111152Z-8adcb79,cc4e8e1f1f2b,2cd228cc14ff,cc4e8e1f1f2b-032,32,0,1,17,54,35,0.2
20261001T111152Z-8adcb79,cc4e8e1f1f2b,2cd228cc14ff,cc4e8e1f1f2b-033,33,0,1,36,38,34,0.19
20261001T111152Z-8adcb79,cc4e8e1f1f2b,2cd228cc14ff,cc4e8e1f1f2b-034,34,0,1,25,43,33,0.24
20261001T111152Z-8adcb79,cc4e8e1f1f2b,2cd228cc14ff,cc4e8e1f1f2b-035,35,0,1,16,23,32,0.26
20261001T111152Z-8adcb79,cc4e8e1f1f2b,2cd228cc14ff,cc4e8e1f1f2b-036,36,0,1,1,16,31,0.3
20261001T111152Z-8adcb79,cc4e8e1f1f2b,2cd228cc14ff,cc4e8e1f1f2b-037,37,1,1,6,41,30,0.5
20261001T111152Z-8adcb79,cc4e8e1f1f2b,2cd228cc14ff,cc4e8e1f1f2b-038,38,1,1,15,34,29,0.5
20261001T111152Z-8adcb79,cc4e8e1f1f2b,2cd228cc14ff,cc4e8e1f1f2b-039,39,0,1,35,42,28,0.49
20261001T111152Z-8adcb79,cc4e8e1f1f2b,2cd228cc14ff,cc4e8e1f1f2b-040,40,1,1,34,6,27,0.57
20261001T111152Z-8adcb79,cc4e8e1f1f2b,2cd228cc14ff,cc4e8e1f1f2b-041,41,0,1,33,33,26,0.43
20261001T111152Z-8adcb79,cc4e8e1f1f2b,2cd228cc14ff,cc4e8e1f1f2b-042,42,0,1,24,28,25,0.48
20261001T111152Z-8adcb79,cc4e8e1f1f2b,2cd228cc14ff,cc4e8e1f1f2b-043,43,1,1,32,8,24,0.55
20261001T111152Z-8adcb79,cc4e8e1f1f2b,2cd228cc14ff,cc4e8e1f1f2b-044,44,0,1,23,19,23,0.44
20261001T111152Z-8adcb79,cc4e8e1f1f2b,2cd228cc14ff,cc4e8e1f1f2b-045,45,1,1,9,24,22,0.6
20261001T111152Z-8adcb79,cc4e8e1f1f2b,2cd228cc14ff,cc4e8e1f1f2b-046,46,1,1,5,13,21,0.51
20261001T111152Z-8adcb79,cc4e8e1f1f2b,2cd228cc14ff,cc4e8e1f1f2b-047,47,0,1,14,18,20,0.41
20261001T111152Z-8adcb79,cc4e8e1f1f2b,2cd228cc14ff,cc4e8e1f1f2b-048,48,0,1,8,26,19,0.48
20261001T111152Z-8adcb79,cc4e8e1f1f2b,2cd228cc14ff,cc4e8e1f1f2b-049,49,1,1,4,2,18,0.54
20261001T111152Z-8adcb79,cc4e8e1f1f2b,2cd228cc14ff,cc4e8e1f1f2b-050,50,1,1,42,56,17,0.56
20261001T111152Z-8adcb79,cc4e8e1f1f2b,2cd228cc14ff,cc4e8e1f1f2b-051,51,0,1,31,4,16,0.49
20261001T111152Z-8adcb79,cc4e8e1f1f2b,2cd228cc14ff,cc4e8e1f1f2b-052,52,0,1,30,1,15,0.49
20261001T111152Z-8adcb79,cc4e8e1f1f2b,2cd228cc14ff,cc4e8e1f1f2b-053,53,1,1,22,22,14,0.53
20261001T111152Z-8adcb79,cc4e8e1f1f2b,2cd228cc14ff,cc4e8e1f1f2b-054,54,0,1,2,40,13,0.41
20261001T111152Z-8adcb79,cc4e8e1f1f2b,2cd228cc14ff,cc4e8e1f1f2b-055,55,1,1,13,53,12,0.5
20261001T111152Z-8adcb79,cc4e8e1f1f2b,2cd228cc14ff,cc4e8e1f1f2b-056,56,0,1,12,9,11,0.44
20261001T111152Z-8adcb79,cc4e8e1f1f2b,2cd228cc14ff,cc4e8e1f1f2b-057,57,0,1,7,64,10,0.49
20261001T111152Z-8adcb79,cc4e8e1f1f2b,2cd228cc14ff,cc4e8e1f1f2b-058,58,0,1,41,15,9,0.4
20261001T111152Z-8adcb79,cc4e8e1f1f2b,2cd228cc14ff,cc4e8e1f1f2b-059,59,0,1,40,45,8,0.44
20261001T111152Z-8adcb79,cc4e8e1f1f2b,2cd228cc14ff,cc4e8e1f1f2b-060,60,0,1,39,27,7,0.38
20261001T111152Z-8adcb79,cc4e8e1f1f2b,2cd228cc14ff,cc4e8e1f1f2b-061,61,0,1,38,11,6,0.34
20261001T111152Z-8adcb79,cc4e8e1f1f2b,2cd228cc14ff,cc4e8e1f1f2b-062,62,1,1,29,10,5,0.52
20261001T111152Z-8adcb79,cc4e8e1f1f2b,2cd228cc14ff,cc4e8e1f1f2b-063,63,0,1,28,57,4,0.46
20261001T111152Z-8adcb79,cc4e8e1f1f2b,2cd228cc14ff,cc4e8e1f1f2b-064,64,0,1,27,25,3,0.47
20261001T111152Z-8adcb79,cc4e8e1f1f2b,2cd228cc14ff,cc4e8e1f1f2b-065,65,1,1,26,7,2,0.53
20261001T111152Z-8adcb79,cc4e8e1f1f2b,2cd228cc14ff,cc4e8e1f1f2b-066,66,1,1,21,32,1,0.51
20261001T111152Z-8adcb79,d2a772379855,d1a4b481f07f,d2a772379855-001,1,0,1,,15,136,0.39
20261001T111152Z-8adcb79,d2a772379855,d1a4b481f07f,d2a772379855-002,2,0,1,,5,135,0.44
20261001T111152Z-8adcb79,d2a772379855,d1a4b481f07f,d2a772379855-003,3,0,1,,4,134,0.38
20261001T111152Z-8adcb79,d2a772379855,d1a4b481f07f,d2a772379855-004,4,0,1,,6,133,0.4
20261001T111152Z-8adcb79,d2a772379855,d1a4b481f07f,d2a772379855-005,5,0,1,,1,132,0.4
20261001T111152Z-8adcb79,d2a772379855,d1a4b481f07f,d2a772379855-006,6,0,1,,2,131,0.42
20261001T111152Z-8adcb79,d2a772379855,d1a4b481f07f,d2a772379855-007,7,0,1,,56,130,0.35
20261001T111152Z-8adcb79,d2a772379855,d1a4b481f07f,d2a772379855-008,8,0,1,53,94,129,0.28
20261001T111152Z-8adcb79,d2a772379855,d1a4b481f07f,d2a772379855-009,9,0,1,86,28,128,0.25
20261001T111152Z-8adcb79,d2a772379855,d1a4b481f07f,d2a772379855-010,10,0,1,52,29,127,0.27
20261001T111152Z-8adcb79,d2a772379855,d1a4b481f07f,d2a772379855-011,11,0,1,85,133,126,0.3
20261001T111152Z-8adcb79,d2a772379855,d1a4b481f07f,d2a772379855-012,12,0,1,,85,125,0.25
20261001T111152Z-8adcb79,d2a772379855,d1a4b481f07f,d2a772379855-013,13,0,1,,132,124,0.27
20261001T111152Z-8adcb79,d2a772379855,d1a4b481f07f,d2a772379855-014,14,0,1,84,89,123,0.26
20261001T111152Z-8adcb79,d2a772379855,d1a4b481f07f,d2a772379855-015,15,0,1,,74,122,0.29
20261001T111152Z-8adcb79,d2a772379855,d1a4b481f07f,d2a772379855-016,16,0,1,,61,121,0.21
20261001T111152Z-8adcb79,d2a772379855,d1a4b481f07f,d2a772379855-017,17,0,1,,40,120,0.21
20261001T111152Z-8adcb79,d2a772379855,d1a4b481f07f,d2a772379855-018,18,0,1,,10,119,0.21
20261001T111152Z-8adcb79,d2a772379855,d1a4b481f07f,d2a772379855-019,19,0,1,83,117,118,0.24
20261001T111152Z-8adcb79,d2a772379855,d1a4b481f07f,d2a772379855-020,20,0,1,,87,117,0.37
20261001T111152Z-8adcb79,d2a772379855,d1a4b481f07f,d2a772379855-021,21,0,1,,135,116,0.35
20261001T111152Z-8adcb79,d2a772379855,d1a4b481f07f,d2a772379855-022,22,0,1,82,21,115,0.42
20261001T111152Z-8adcb79,d2a772379855,d1a4b481f07f,d2a772379855-023,23,0,1,,91,114,0.37
20261001T111152Z-8adcb79,d2a772379855,d1a4b481f07f,d2a772379855-024,24,0,1,51,128,113,0.28
20261001T111152Z-8adcb79,d2a772379855,d1a4b481f07f,d2a772379855-025,25,0,1,,7,112,0.36
20261001T111152Z-8adcb79,d2a772379855,d1a4b481f07f,d2a772379855-026,26,0,1,,45,111,0.19
20261001T111152Z-8adcb79,d2a772379855,d1a4b481f07f,d2a772379855-027,27,0,1,81,90,110,0.29
20261001T111152Z-8adcb79,d2a772379855,d1a4b481f07f,d2a772379855-028,28,0,1,80,11,109,0.35
20261001T111152Z-8adcb79,d2a772379855,d1a4b481f07f,d2a772379855-029,29,0,1,,123,108,0.29
20261001T111152Z-8adcb79,d2a772379855,d1a4b481f07f,d2a772379855-030,30,0,1,,102,107,0.3
20261001T111152Z-8adcb79,d2a772379855,d1a4b481f07f,d2a772379855-031,31,0,1,79,110,106,0.39
20261001T111152Z-8adcb79,d2a772379855,d1a4b481f07f,d2a772379855-032,32,0,1,50,118,105,0.32
20261001T111152Z-8adcb79,d2a772379855,d1a4b481f07f,d2a772379855-033,33,0,1,78,20,104,0.33
20261001T111152Z-8adcb79,d2a772379855,d1a4b481f07f,d2a772379855-034,34,0,1,,59,103,0.35
20261001T111152Z-8adcb79,d2a772379855,d1a4b481f07f,d2a772379855-035,35,0,1,77,41,102,0.29
20261001T111152Z-8adcb79,d2a772379855,d1a4b481f07f,d2a772379855-036,36,0,1,,49,101,0.27
20261001T111152Z-8adcb79,d2a772379855,d1a4b481f07f,d2a772379855-037,37,0,1,,113,100,0.31
20261001T111152Z-8adcb79,d2a772379855,d1a4b481f07f,d2a772379855-038,38,0,1,,100,99,0.21
20261001T111152Z-8adcb79,d2a772379855,d1a4b481f07f,d2a772379855-039,39,0,1,76,130,98,0.31
20261001T111152Z-8adcb79,d2a772379855,d1a4b481f07f,d2a772379855-040,40,0,1,75,129,97,0.26
20261001T111152Z-8adcb79,d2a772379855,d1a4b481f07f,d2a772379855-041,41,0,1,,17,96,0.3
20261001T111152Z-8adcb79,d2a772379855,d1a4b481f07f,d2a772379855-042,42,0,1,19,105,95,0.21
20261001T111152Z-8adcb79,d2a772379855,d1a4b481f07f,d2a772379855-043,43,0,1,,36,94,0.2
20261001T111152Z-8adcb79,d2a772379855,d1a4b481f07f,d2a772379855-044,44,0,1,26,93,93,0.21
20261001T111152Z-8adcb79,d2a772379855,d1a4b481f07f,d2a772379855-045,45,0,1,74,76,92,0.21
20261001T111152Z-8adcb79,d2a772379855,d1a4b481f07f,d2a772379855-046,46,0,1,,69,91,0.22
20261001T111152Z-8adcb79,d2a772379855,d1a4b481f07f,d2a772379855-047,47,0,1,16,121,90,0.24
20261001T111152Z-8adcb79,d2a772379855,d1a4b481f07f,d2a772379855-048,48,0,1,41,65,89,0.23
20261001T111152Z-8adcb79,d2a772379855,d1a4b481f07f,d2a772379855-049,49,0,1,,83,88,0.3
20261001T111152Z-8adcb79,d2a772379855,d1a4b481f07f,d2a772379855-050,50,0,1,,47,87,0.28
20261001T111152Z-8adcb79,d2a772379855,d1a4b481f07f,d2a772379855-051,51,0,1,73,92,86,0.16
20261001T111152Z-8adcb79,d2a772379855,d1a4b481f07f,d2a772379855-052,52,0,1,11,107,85,0.19
20261001T111152Z-8adcb79,d2a772379855,d1a4b481f07f,d2a772379855-053,53,0,1,13,111,84,0.23
20261001T111152Z-8adcb79,d2a772379855,d1a4b481f07f,d2a772379855-054,54,0,1,,30,83,0.31
20261001T111152Z-8adcb79,d2a772379855,d1a4b481f07f,d2a772379855-055,55,0,1,,16,82,0.19
20261001T111152Z-8adcb79,d2a772379855,d1a4b481f07f,d2a772379855-056,56,0,1,72,12,81,0.17
20261001T111152Z-8adcb79,d2a772379855,d1a4b481f07f,d2a772379855-057,57,0,1,71,122,80,0.34
20261001T111152Z-8adcb79,d2a772379855,d1a4b481f07f,d2a772379855-058,58,0,1,,114,79,0.3
20261001T111152Z-8adcb79,d2a772379855,d1a4b481f07f,d2a772379855-059,59,0,1,,25,78,0.21
20261001T111152Z-8adcb79,d2a772379855,d1a4b481f07f,d2a772379855-060,60,0,1,,120,77,0.24
20261001T111152Z-8adcb79,d2a772379855,d1a4b481f07f,d2a772379855-061,61,0,1,49,22,76,0.2
20261001T111152Z-8adcb79,d2a772379855,d1a4b481f07f,d2a772379855-062,62,0,1,12,57,75,0.25
20261001T111152Z-8adcb79,d2a772379855,d1a4b481f07f,d2a772379855-063,63,0,1,,126,74,0.35
20261001T111152Z-8adcb79,d2a772379855,d1a4b481f07f,d2a772379855-064,64,0,1,70,115,73,0.28
20261001T111152Z-8adcb79,d2a772379855,d1a4b481f07f,d2a772379855-065,65,0,1,48,31,72,0.23
20261001T111152Z-8adcb79,d2a772379855,d1a4b481f07f,d2a772379855-066,66,0,1,35,13,71,0.25
20261001T111152Z-8adcb79,d2a772379855,d1a4b481f07f,d2a772379855-067,67,0,1,34,125,70,0.19
20261001T111152Z-8adcb79,d2a772379855,d1a4b481f07f,d2a772379855-068,68,0,1,,8,69,0.33
20261001T111152Z-8adcb79,d2a772379855,d1a4b481f07f,d2a772379855-069,69,0,1,47,84,68,0.19
20261001T111152Z-8adcb79,d2a772379855,d1a4b481f07f,d2a772379855-070,70,0,1,18,72,67,0.25
20261001T111152Z-8adcb79,d2a772379855,d1a4b481f07f,d2a772379855-071,71,0,1,69,71,66,0.21
20261001T111152Z-8adcb79,d2a772379855,d1a4b481f07f,d2a772379855-072,72,0,1,25,80,65,0.26
20261001T111152Z-8adcb79,d2a772379855,d1a4b481f07f,d2a772379855-073,73,0,1,,24,64,0.19
20261001T111152Z-8adcb79,d2a772379855,d1a4b481f07f,d2a772379855-074,74,0,1,68,75,63,0.29
20261001T111152Z-8adcb79,d2a772379855,d1a4b481f07f,d2a772379855-075,75,0,1,67,104,62,0.23
20261001T111152Z-8adcb79,d2a772379855,d1a4b481f07f,d2a772379855-076,76,0,1,24,112,61,0.32
20261001T111152Z-8adcb79,d2a772379855,d1a4b481f07f,d2a772379855-077,77,0,1,,73,60,0.34
20261001T111152Z-8adcb79,d2a772379855,d1a4b481f07f,d2a772379855-078,78,0,1,66,108,59,0.3
20261001T111152Z-8adcb79,d2a772379855,d1a4b481f07f,d2a772379855-079,79,0,1,,131,58,0.31
20261001T111152Z-8adcb79,d2a772379855,d1a4b481f07f,d2a772379855-080,80,0,1,65,67,57,0.32
20261001T111152Z-8adcb79,d2a772379855,d1a4b481f07f,d2a772379855-081,81,0,1,64,23,56,0.31
20261001T111152Z-8adcb79,d2a772379855,d1a4b481f07f,d2a772379855-082,82,0,1,5,3,55,0.22
20261001T111152Z-8adcb79,d2a772379855,d1a4b481f07f,d2a772379855-083,83,0,1,,38,54,0.26
20261001T111152Z-8adcb79,d2a772379855,d1a4b481f07f,d2a772379855-084,84,0,1,40,52,53,0.25
20261001T111152Z-8adcb79,d2a772379855,d1a4b481f07f,d2a772379855-085,85,0,1,7,124,52,0.22
20261001T111152Z-8adcb79,d2a772379855,d1a4b481f07f,d2a772379855-086,86,0,1,63,68,51,0.31
20261001T111152Z-8adcb79,d2a772379855,d1a4b481f07f,d2a772379855-087,87,0,1,33,77,50,0.33
20261001T111152Z-8adcb79,d2a772379855,d1a4b481f07f,d2a772379855-088,88,0,1,62,78,49,0.4
20261001T111152Z-8adcb79,d2a772379855,d1a4b481f07f,d2a772379855-089,89,0,1,46,119,48,0.3
20261001T111152Z-8adcb79,d2a772379855,d1a4b481f07f,d2a772379855-090,90,0,1,32,62,47,0.2
20261001T111152Z-8adcb79,d2a772379855,d1a4b481f07f,d2a772379855-091,91,0,1,15,46,46,0.23
20261001T111152Z-8adcb79,d2a772379855,d1a4b481f07f,d2a772379855-092,92,0,1,61,58,45,0.21
20261001T111152Z-8adcb79,d2a772379855,d1a4b481f07f,d2a772379855-093,93,0,1,23,37,44,0.27
20261001T111152Z-8adcb79,d2a772379855,d1a4b481f07f,d2a772379855-094,94,0,1,9,64,43,0.19
20261001T111152Z-8adcb79,d2a772379855,d1a4b481f07f,d2a772379855-095,95,0,1,8,14,42,0.21
20261001T111152Z-8adcb79,d2a772379855,d1a4b481f07f,d2a772379855-096,96,0,1,14,35,41,0.24
20261001T111152Z-8adcb79,d2a772379855,d1a4b481f07f,d2a772379855-097,97,0,1,,95,40,0.26
20261001T111152Z-8adcb79,d2a772379855,d1a4b481f07f,d2a772379855-098,98,0,1,60,60,39,0.23
20261001T111152Z-8adcb79,d2a772379855,d1a4b481f07f,d2a772379855-099,99,0,1,22,42,38,0.25
20261001T111152Z-8adcb79,d2a772379855,d1a4b481f07f,d2a772379855-100,100,0,1,39,134,37,0.24
20261001T111152Z-8adcb79,d2a772379855,d1a4b481f07f,d2a772379855-101,101,0,1,59,96,36,0.23
20261001T111152Z-8adcb79,d2a772379855,d1a4b481f07f,d2a772379855-102,102,0,1,10,98,35,0.25
20261001T111152Z-8adcb79,d2a772379855,d1a4b481f07f,d2a772379855-103,103,0,1,,81,34,0.3
20261001T111152Z-8adcb79,d2a772379855,d1a4b481f07f,d2a772379855-104,104,0,1,,99,33,0.24
20261001T111152Z-8adcb79,d2a772379855,d1a4b481f07f,d2a772379855-105,105,0,1,58,66,32,0.17
20261001T111152Z-8adcb79,d2a772379855,d1a4b481f07f,d2a772379855-106,106,0,1,,27,31,0.24
20261001T111152Z-8adcb79,d2a772379855,d1a4b481f07f,d2a772379855-107,107,0,1,,88,30,0.26
20261001T111152Z-8adcb79,d2a772379855,d1a4b481f07f,d2a772379855-108,108,0,0,,136,29,0.24
20261001T111152Z-8adcb79,d2a772379855,d1a4b481f07f,d2a772379855-109,109,0,1,57,63,28,0.24
20261001T111152Z-8adcb79,d2a772379855,d1a4b481f07f,d2a772379855-110,110,0,1,,101,27,0.29
20261001T111152Z-8adcb79,d2a772379855,d1a4b481f07f,d2a772379855-111,111,0,1,56,48,26,0.24
20261001T111152Z-8adcb79,d2a772379855,d1a4b481f07f,d2a772379855-112,112,0,1,,127,25,0.22
20261001T111152Z-8adcb79,d2a772379855,d1a4b481f07f,d2a772379855-113,113,0,1,55,50,24,0.25
20261001T111152Z-8adcb79,d2a772379855,d1a4b481f07f,d2a772379855-114,114,0,1,54,33,23,0.27
20261001T111152Z-8adcb79,d2a772379855,d1a4b481f07f,d2a772379855-115,115,0,1,31,86,22,0.3
20261001T111152Z-8adcb79,d2a772379855,d1a4b481f07f,d2a772379855-116,116,0,1,45,44,21,0.27
20261001T111152Z-8adcb79,d2a772379855,d1a4b481f07f,d2a772379855-117,117,0,1,38,26,20,0.24
20261001T111152Z-8adcb79,d2a772379855,d1a4b481f07f,d2a772379855-118,118,0,1,6,54,19,0.31
20261001T111152Z-8adcb79,d2a772379855,d1a4b481f07f,d2a772379855-119,119,0,1,37,109,18,0.36
20261001T111152Z-8adcb79,d2a772379855,d1a4b481f07f,d2a772379855-120,120,0,1,30,82,17,0.26
20261001T111152Z-8adcb79,d2a772379855,d1a4b481f07f,d2a772379855-121,121,0,1,3,19,16,0.3
20261001T111152Z-8adcb79,d2a772379855,d1a4b481f07f,d2a772379855-122,122,0,1,29,43,15,0.23
20261001T111152Z-8adcb79,d2a772379855,d1a4b481f07f,d2a772379855-123,123,0,1,28,116,14,0.36
20261001T111152Z-8adcb79,d2a772379855,d1a4b481f07f,d2a772379855-124,124,0,1,36,32,13,0.34
20261001T111152Z-8adcb79,d2a772379855,d1a4b481f07f,d2a772379855-125,125,0,1,4,9,12,0.22
20261001T111152Z-8adcb79,d2a772379855,d1a4b481f07f,d2a772379855-126,126,0,1,21,53,11,0.22
20261001T111152Z-8adcb79,d2a772379855,d1a4b481f07f,d2a772379855-127,127,0,1,2,34,10,0.24
20261001T111152Z-8adcb79,d2a772379855,d1a4b481f07f,d2a772379855-128,128,0,1,44,97,9,0.2
20261001T111152Z-8adcb79,d2a772379855,d1a4b481f07f,d2a772379855-129,129,0,1,43,106,8,0.19
20261001T111152Z-8adcb79,d2a772379855,d1a4b481f07f,d2a772379855-130,130,0,1,17,70,7,0.28
20261001T111152Z-8adcb79,d2a772379855,d1a4b481f07f,d2a772379855-131,131,0,1,27,39,6,0.24
20261001T111152Z-8adcb79,d2a772379855,d1a4b481f07f,d2a772379855-132,132,0,1,1,18,5,0.23
20261001T111152Z-8adcb79,d2a772379855,d1a4b481f07f,d2a772379855-133,133,0,1,20,79,4,0.26
20261001T111152Z-8adcb79,d2a772379855,d1a4b481f07f,d2a772379855-134,134,0,0,,51,3,0.3
20261001T111152Z-8adcb79,d2a772379855,d1a4b481f07f,d2a772379855-135,135,0,1,42,103,2,0.27
20261001T111152Z-8adcb79,d2a772379855,d1a4b481f07f,d2a772379855-136,136,0,0,,55,1,0.27
20261001T111152Z-8adcb79,d58d39e70b38,b87bb92ba378,d58d39e70b38-001,1,0,1,,,150,0.24
20261001T111152Z-8adcb79,d58d39e70b38,b87bb92ba378,d58d39e70b38-002,2,0,0,,,149,0.33
20261001T111152Z-8adcb79,d58d39e70b38,b87bb92ba378,d58d39e70b38-003,3,0,0,,,148,0.31
20261001T111152Z-8adcb79,d58d39e70b38,b87bb92ba378,d58d39e70b38-004,4,0,1,,,147,0.28
20261001T111152Z-8adcb79,d58d39e70b38,b87bb92ba378,d58d39e70b38-005,5,0,1,,46,146,0.27
20261001T111152Z-8adcb79,d58d39e70b38,b87bb92ba378,d58d39e70b38-006,6,0,1,43,,145,0.19
20261001T111152Z-8adcb79,d58d39e70b38,b87bb92ba378,d58d39e70b38-007,7,0,1,,,144,0.22
20261001T111152Z-8adcb79,d58d39e70b38,b87bb92ba378,d58d39e70b38-008,8,0,1,,23,143,0.39
20261001T111152Z-8adcb79,d58d39e70b38,b87bb92ba378,d58d39e70b38-009,9,0,1,,14,142,0.43
20261001T111152Z-8adcb79,d58d39e70b38,b87bb92ba378,d58d39e70b38-010,10,0,1,,,141,0.21
20261001T111152Z-8adcb79,d58d39e70b38,b87bb92ba378,d58d39e70b38-011,11,0,1,,,140,0.2
20261001T111152Z-8adcb79,d58d39e70b38,b87bb92ba378,d58d39e70b38-012,12,0,1,,,139,0.23
20261001T111152Z-8adcb79,d58d39e70b38,b87bb92ba378,d58d39e70b38-013,13,0,1,,38,138,0.25
20261001T111152Z-8adcb79,d58d39e70b38,b87bb92ba378,d58d39e70b38-014,14,1,1,,28,137,0.55
20261001T111152Z-8adcb79,d58d39e70b38,b87bb92ba378,d58d39e70b38-015,15,0,1,,53,136,0.4
20261001T111152Z-8adcb79,d58d39e70b38,b87bb92ba378,d58d39e70b38-016,16,0,1,,49,135,0.29
20261001T111152Z-8adcb79,d58d39e70b38,b87bb92ba378,d58d39e70b38-017,17,0,1,,,134,0.23
20261001T111152Z-8adcb79,d58d39e70b38,b87bb92ba378,d58d39e70b38-018,18,0,1,,31,133,0.22
20261001T111152Z-8adcb79,d58d39e70b38,b87bb92ba378,d58d39e70b38-019,19,0,1,,32,132,0.29
20261001T111152Z-8adcb79,d58d39e70b38,b87bb92ba378,d58d39e70b38-020,20,0,1,,24,131,0.31
20261001T111152Z-8adcb79,d58d39e70b38,b87bb92ba378,d58d39e70b38-021,21,0,1,,42,130,0.24
20261001T111152Z-8adcb79,d58d39e70b38,b87bb92ba378,d58d39e70b38-022,22,0,1,,1,129,0.23
20261001T111152Z-8adcb79,d58d39e70b38,b87bb92ba378,d58d39e70b38-023,23,0,1,,30,128,0.22
20261001T111152Z-8adcb79,d58d39e70b38,b87bb92ba378,d58d39e70b38-024,24,0,1,,,127,0.3
20261001T111152Z-8adcb79,d58d39e70b38,b87bb92ba378,d58d39e70b38-025,25,0,1,,,126,0.19
20261001T111152Z-8adcb79,d58d39e70b38,b87bb92ba378,d58d39e70b38-026,26,0,1,,,125,0.3
20261001T111152Z-8adcb79,d58d39e70b38,b87bb92ba378,d58d39e70b38-027,27,0,1,,,124,0.29
20261001T111152Z-8adcb79,d58d39e70b38,b87bb92ba378,d58d39e70b38-028,28,0,1,,62,123,0.26
20261001T111152Z-8adcb79,d58d39e70b38,b87bb92ba378,d58d39e70b38-029,29,0,1,,21,122,0.21
20261001T111152Z-8adcb79,d58d39e70b38,b87bb92ba378,d58d39e70b38-030,30,0,1,,,121,0.28
20261001T111152Z-8adcb79,d58d39e70b38,b87bb92ba378,d58d39e70b38-031,31,0,1,,,120,0.22
20261001T111152Z-8adcb79,d58d39e70b38,b87bb92ba378,d58d39e70b38-032,32,0,1,,,119,0.22
20261001T111152Z-8adcb79,d58d39e70b38,b87bb92ba378,d58d39e70b38-033,33,0,1,,13,118,0.26
20261001T111152Z-8adcb79,d58d39e70b38,b87bb92ba378,d58d39e70b38-034,34,0,1,,,117,0.23
20261001T111152Z-8adcb79,d58d39e70b38,b87bb92ba378,d58d39e70b38-035,35,0,1,,4,116,0.25
20261001T111152Z-8adcb79,d58d39e70b38,b87bb92ba378,d58d39e70b38-036,36,0,0,,,115,0.31
20261001T111152Z-8adcb79,d58d39e70b38,b87bb92ba378,d58d39e70b38-037,37,0,1,,,114,0.28
20261001T111152Z-8adcb79,d58d39e70b38,b87bb92ba378,d58d39e70b38-038,38,0,1,,,113,0.24
20261001T111152Z-8adcb79,d58d39e70b38,b87bb92ba378,d58d39e70b38-039,39,0,1,,,112,0.21
20261001T111152Z-8adcb79,d58d39e70b38,b87bb92ba378,d58d39e70b38-040,40,0,0,,,111,0.38
20261001T111152Z-8adcb79,d58d39e70b38,b87bb92ba378,d58d39e70b38-041,41,0,0,,,110,0.4
20261001T111152Z-8adcb79,d58d39e70b38,b87bb92ba378,d58d39e70b38-042,42,0,1,,58,109,0.29
20261001T111152Z-8adcb79,d58d39e70b38,b87bb92ba378,d58d39e70b38-043,43,0,1,,70,108,0.27
20261001T111152Z-8adcb79,d58d39e70b38,b87bb92ba378,d58d39e70b38-044,44,0,1,,,107,0.26
20261001T111152Z-8adcb79,d58d39e70b38,b87bb92ba378,d58d39e70b38-045,45,0,1,,9,106,0.28
20261001T111152Z-8adcb79,d58d39e70b38,b87bb92ba378,d58d39e70b38-046,46,0,1,,12,105,0.27
20261001T111152Z-8adcb79,d58d39e70b38,b87bb92ba378,d58d39e70b38-047,47,0,1,,,104,0.28
20261001T111152Z-8adcb79,d58d39e70b38,b87bb92ba378,d58d39e70b38-048,48,0,1,,64,103,0.22
20261001T111152Z-8adcb79,d58d39e70b38,b87bb92ba378,d58d39e70b38-049,49,0,1,,61,102,0.26
20261001T111152Z-8adcb79,d58d39e70b38,b87bb92ba378,d58d39e70b38-050,50,0,1,,,101,0.25
20261001T111152Z-8adcb79,d58d39e70b38,b87bb92ba378,d58d39e70b38-051,51,0,1,,,100,0.2
20261001T111152Z-8adcb79,d58d39e70b38,b87bb92ba378,d58d39e70b38-052,52,0,1,,,99,0.25
20261001T111152Z-8adcb79,d58d39e70b38,b87bb92ba378,d58d39e70b38-053,53,0,1,,45,98,0.29
20261001T111152Z-8adcb79,d58d39e70b38,b87bb92ba378,d58d39e70b38-054,54,0,1,,,97,0.31
20261001T111152Z-8adcb79,d58d39e70b38,b87bb92ba378,d58d39e70b38-055,55,0,1,,,96,0.24
20261001T111152Z-8adcb79,d58d39e70b38,b87bb92ba378,d58d39e70b38-056,56,0,1,,60,95,0.24
20261001T111152Z-8adcb79,d58d39e70b38,b87bb92ba378,d58d39e70b38-057,57,0,1,,71,94,0.34
20261001T111152Z-8adcb79,d58d39e70b38,b87bb92ba378,d58d39e70b38-058,58,0,1,,34,93,0.26
20261001T111152Z-8adcb79,d58d39e70b38,b87bb92ba378,d58d39e70b38-059,59,0,1,,29,92,0.27
20261001T111152Z-8adcb79,d58d39e70b38,b87bb92ba378,d58d39e70b38-060,60,0,1,,63,91,0.28
20261001T111152Z-8adcb79,d58d39e70b38,b87bb92ba378,d58d39e70b38-061,61,0,1,,33,90,0.27
20261001T111152Z-8adcb79,d58d39e70b38,b87bb92ba378,d58d39e70b38-062,62,0,1,,67,89,0.28
20261001T111152Z-8adcb79,d58d39e70b38,b87bb92ba378,d58d39e70b38-063,63,0,1,,,88,0.25
20261001T111152Z-8adcb79,d58d39e70b38,b87bb92ba378,d58d39e70b38-064,64,0,1,,,87,0.27
20261001T111152Z-8adcb79,d58d39e70b38,b87bb92ba378,d58d39e70b38-065,65,0,1,,,86,0.25
20261001T111152Z-8adcb79,d58d39e70b38,b87bb92ba378,d58d39e70b38-066,66,0,1,,,85,0.24
20261001T111152Z-8adcb79,d58d39e70b38,b87bb92ba378,d58d39e70b38-067,67,0,1,,11,84,0.24
20261001T111152Z-8adcb79,d58d39e70b38,b87bb92ba378,d58d39e70b38-068,68,0,1,,10,83,0.21
20261001T111152Z-8adcb79,d58d39e70b38,b87bb92ba378,d58d39e70b38-069,69,0,1,,26,82,0.26
20261001T111152Z-8adcb79,d58d39e70b38,b87bb92ba378,d58d39e70b38-070,70,0,1,,57,81,0.23
20261001T111152Z-8adcb79,d58d39e70b38,b87bb92ba378,d58d39e70b38-071,71,0,1,,47,80,0.27
20261001T111152Z-8adcb79,d58d39e70b38,b87bb92ba378,d58d39e70b38-072,72,0,1,,56,79,0.25
20261001T111152Z-8adcb79,d58d39e70b38,b87bb92ba378,d58d39e70b38-073,73,0,1,,,78,0.25
20261001T111152Z-8adcb79,d58d39e70b38,b87bb92ba378,d58d39e70b38-074,74,0,1,,,77,0.24
20261001T111152Z-8adcb79,d58d39e70b38,b87bb92ba378,d58d39e70b38-075,75,0,1,,,76,0.22
20261001T111152Z-8adcb79,d58d39e70b38,b87bb92ba378,d58d39e70b38-076,76,0,1,,,75,0.38
20261001T111152Z-8adcb79,d58d39e70b38,b87bb92ba378,d58d39e70b38-077,77,0,1,,,74,0.21
20261001T111152Z-8adcb79,d58d39e70b38,b87bb92ba378,d58d39e70b38-078,78,0,1,,,73,0.26
20261001T111152Z-8adcb79,d58d39e70b38,b87bb92ba378,d58d39e70b38-079,79,0,1,,,72,0.33
20261001T111152Z-8adcb79,d58d39e70b38,b87bb92ba378,d58d39e70b38-080,80,0,1,,,71,0.25
20261001T111152Z-8adcb79,d58d39e70b38,b87bb92ba378,d58d39e70b38-081,81,0,1,,69,70,0.24
20261001T111152Z-8adcb79,d58d39e70b38,b87bb92ba378,d58d39e70b38-082,82,0,1,,66,69,0.27
20261001T111152Z-8adcb79,d58d39e70b38,b87bb92ba378,d58d39e70b38-083,83,0,1,42,,68,0.18
20261001T111152Z-8adcb79,d58d39e70b38,b87bb92ba378,d58d39e70b38-084,84,0,1,,,67,0.15
20261001T111152Z-8adcb79,d58d39e70b38,b87bb92ba378,d58d39e70b38-085,85,0,1,,,66,0.28
20261001T111152Z-8adcb79,d58d39e70b38,b87bb92ba378,d58d39e70b38-086,86,0,1,,,65,0.24
20261001T111152Z-8adcb79,d58d39e70b38,b87bb92ba378,d58d39e70b38-087,87,0,1,,,64,0.44
20261001T111152Z-8adcb79,d58d39e70b38,b87bb92ba378,d58d39e70b38-088,88,0,0,,,63,0.33
20261001T111152Z-8adcb79,d58d39e70b38,b87bb92ba378,d58d39e70b38-089,89,1,1,41,,62,0.51
20261001T111152Z-8adcb79,d58d39e70b38,b87bb92ba378,d58d39e70b38-090,90,1,1,40,52,61,0.5
20261001T111152Z-8adcb79,d58d39e70b38,b87bb92ba378,d58d39e70b38-091,91,0,1,39,18,60,0.47
20261001T111152Z-8adcb79,d58d39e70b38,b87bb92ba378,d58d39e70b38-092,92,0,1,38,15,59,0.4
20261001T111152Z-8adcb79,d58d39e70b38,b87bb92ba378,d58d39e70b38-093,93,0,1,37,,58,0.41
20261001T111152Z-8adcb79,d58d39e70b38,b87bb92ba378,d58d39e70b38-094,94,0,1,,,57,0.24
20261001T111152Z-8adcb79,d58d39e70b38,b87bb92ba378,d58d39e70b38-095,95,0,1,36,,56,0.25
20261001T111152Z-8adcb79,d58d39e70b38,b87bb92ba378,d58d39e70b38-096,96,0,1,,,55,0.16
20261001T111152Z-8adcb79,d58d39e70b38,b87bb92ba378,d58d39e70b38-097,97,0,1,35,,54,0.23
20261001T111152Z-8adcb79,d58d39e70b38,b87bb92ba378,d58d39e70b38-098,98,0,1,,,53,0.17
20261001T111152Z-8adcb79,d58d39e70b38,b87bb92ba378,d58d39e70b38-099,99,0,1,,,52,0.2
20261001T111152Z-8adcb79,d58d39e70b38,b87bb92ba378,d58d39e70b38-100,100,0,1,34,50,51,0.42
20261001T111152Z-8adcb79,d58d39e70b38,b87bb92ba378,d58d39e70b38-101,101,0,1,33,,50,0.3
20261001T111152Z-8adcb79,d58d39e70b38,b87bb92ba378,d58d39e70b38-102,102,0,1,19,,49,0.29
20261001T111152Z-8adcb79,d58d39e70b38,b87bb92ba378,d58d39e70b38-103,103,0,1,32,,48,0.31
20261001T111152Z-8adcb79,d58d39e70b38,b87bb92ba378,d58d39e70b38-104,104,0,1,,5,47,0.36
20261001T111152Z-8adcb79,d58d39e70b38,b87bb92ba378,d58d39e70b38-105,105,0,1,18,,46,0.24
20261001T111152Z-8adcb79,d58d39e70b38,b87bb92ba378,d58d39e70b38-106,106,0,1,17,36,45,0.32
20261001T111152Z-8adcb79,d58d39e70b38,b87bb92ba378,d58d39e70b38-107,107,0,1,,7,44,0.34
20261001T111152Z-8adcb79,d58d39e70b38,b87bb92ba378,d58d39e70b38-108,108,0,1,16,27,43,0.32
20261001T111152Z-8adcb79,d58d39e70b38,b87bb92ba378,d58d39e70b38-109,109,0,1,15,22,42,0.33
20261001T111152Z-8adcb79,d58d39e70b38,b87bb92ba378,d58d39e70b38-110,110,0,1,,3,41,0.42
20261001T111152Z-8adcb79,d58d39e70b38,b87bb92ba378,d58d39e70b38-111,111,0,1,,17,40,0.28
20261001T111152Z-8adcb79,d58d39e70b38,b87bb92ba378,d58d39e70b38-112,112,0,1,,41,39,0.36
20261001T111152Z-8adcb79,d58d39e70b38,b87bb92ba378,d58d39e70b38-113,113,0,1,,68,38,0.24
20261001T111152Z-8adcb79,d58d39e70b38,b87bb92ba378,d58d39e70b38-114,114,0,1,,,37,0.23
20261001T111152Z-8adcb79,d58d39e70b38,b87bb92ba378,d58d39e70b38-115,115,0,1,,,36,0.25
20261001T111152Z-8adcb79,d58d39e70b38,b87bb92ba378,d58d39e70b38-116,116,0,1,31,43,35,0.32
20261001T111152Z-8adcb79,d58d39e70b38,b87bb92ba378,d58d39e70b38-117,117,0,1,4,,34,0.24
20261001T111152Z-8adcb79,d58d39e70b38,b87bb92ba378,d58d39e70b38-118,118,0,1,7,65,33,0.2
20261001T111152Z-8adcb79,d58d39e70b38,b87bb92ba378,d58d39e70b38-119,119,0,1,30,,32,0.24
20261001T111152Z-8adcb79,d58d39e70b38,b87bb92ba378,d58d39e70b38-120,120,0,1,14,,31,0.27
20261001T111152Z-8adcb79,d58d39e70b38,b87bb92ba378,d58d39e70b38-121,121,0,1,29,,30,0.28
20261001T111152Z-8adcb79,d58d39e70b38,b87bb92ba378,d58d39e70b38-122,122,0,1,28,,29,0.34
20261001T111152Z-8adcb79,d58d39e70b38,b87bb92ba378,d58d39e70b38-123,123,0,1,27,2,28,0.27
20261001T111152Z-8adcb79,d58d39e70b38,b87bb92ba378,d58d39e70b38-124,124,0,1,26,,27,0.21
20261001T111152Z-8adcb79,d58d39e70b38,b87bb92ba378,d58d39e70b38-125,125,0,0,,54,26,0.32
20261001T111152Z-8adcb79,d58d39e70b38,b87bb92ba378,d58d39e70b38-126,126,0,1,3,,25,0.39
20261001T111152Z-8adcb79,d58d39e70b38,b87bb92ba378,d58d39e70b38-127,127,0,1,,6,24,0.38
20261001T111152Z-8adcb79,d58d39e70b38,b87bb92ba378,d58d39e70b38-128,128,0,1,,8,23,0.37
20261001T111152Z-8adcb79,d58d39e70b38,b87bb92ba378,d58d39e70b38-129,129,0,1,25,,22,0.4
20261001T111152Z-8adcb79,d58d39e70b38,b87bb92ba378,d58d39e70b38-130,130,0,1,13,59,21,0.27
20261001T111152Z-8adcb79,d58d39e70b38,b87bb92ba378,d58d39e70b38-131,131,0,1,12,51,20,0.28
20261001T111152Z-8adcb79,d58d39e70b38,b87bb92ba378,d58d39e70b38-132,132,0,1,11,25,19,0.25
20261001T111152Z-8adcb79,d58d39e70b38,b87bb92ba378,d58d39e70b38-133,133,0,1,,16,18,0.21
20261001T111152Z-8adcb79,d58d39e70b38,b87bb92ba378,d58d39e70b38-134,134,0,1,,,17,0.28
20261001T111152Z-8adcb79,d58d39e70b38,b87bb92ba378,d58d39e70b38-135,135,0,1,,40,16,0.31
20261001T111152Z-8adcb79,d58d39e70b38,b87bb92ba378,d58d39e70b38-136,136,0,1,,48,15,0.3
20261001T111152Z-8adcb79,d58d39e70b38,b87bb92ba378,d58d39e70b38-137,137,0,1,,39,14,0.34
20261001T111152Z-8adcb79,d58d39e70b38,b87bb92ba378,d58d39e70b38-138,138,0,1,24,,13,0.18
20261001T111152Z-8adcb79,d58d39e70b38,b87bb92ba378,d58d39e70b38-139,139,0,1,10,55,12,0.25
20261001T111152Z-8adcb79,d58d39e70b38,b87bb92ba378,d58d39e70b38-140,140,0,1,9,,11,0.19
20261001T111152Z-8adcb79,d58d39e70b38,b87bb92ba378,d58d39e70b38-141,141,0,1,23,,10,0.22
20261001T111152Z-8adcb79,d58d39e70b38,b87bb92ba378,d58d39e70b38-142,142,0,1,,,9,0.27
20261001T111152Z-8adcb79,d58d39e70b38,b87bb92ba378,d58d39e70b38-143,143,0,1,6,,8,0.36
20261001T111152Z-8adcb79,d58d39e70b38,b87bb92ba378,d58d39e70b38-144,144,0,1,22,,7,0.26
20261001T111152Z-8adcb79,d58d39e70b38,b87bb92ba378,d58d39e70b38-145,145,0,1,21,37,6,0.39
20261001T111152Z-8adcb79,d58d39e70b38,b87bb92ba378,d58d39e70b38-146,146,0,1,20,20,5,0.48
20261001T111152Z-8adcb79,d58d39e70b38,b87bb92ba378,d58d39e70b38-147,147,0,1,2,44,4,0.36
20261001T111152Z-8adcb79,d58d39e70b38,b87bb92ba378,d58d39e70b38-148,148,0,1,8,35,3,0.45
20261001T111152Z-8adcb79,d58d39e70b38,b87bb92ba378,d58d39e70b38-149,149,0,1,1,,2,0.32
20261001T111152Z-8adcb79,d58d39e70b38,b87bb92ba378,d58d39e70b38-150,150,0,1,5,19,1,0.39
20261001T111152Z-8adcb79,d5fc73d1975b,34ce4ea44846,d5fc73d1975b-001,1,0,1,,,57,0.47
20261001T111152Z-8adcb79,d5fc73d1975b,34ce4ea44846,d5fc73d1975b-002,2,0,1,,,56,0.36
20261001T111152Z-8adcb79,d5fc73d1975b,34ce4ea44846,d5fc73d1975b-003,3,0,1,,8,55,0.28
20261001T111152Z-8adcb79,d5fc73d1975b,34ce4ea44846,d5fc73d1975b-004,4,0,1,,28,54,0.29
20261001T111152Z-8adcb79,d5fc73d1975b,34ce4ea44846,d5fc73d1975b-005,5,0,1,,,53,0.3
20261001T111152Z-8adcb79,d5fc73d1975b,34ce4ea44846,d5fc73d1975b-006,6,0,1,10,,52,0.31
20261001T111152Z-8adcb79,d5fc73d1975b,34ce4ea44846,d5fc73d1975b-007,7,0,1,,,51,0.35
20261001T111152Z-8adcb79,d5fc73d1975b,34ce4ea44846,d5fc73d1975b-008,8,0,1,9,,50,0.31
20261001T111152Z-8adcb79,d5fc73d1975b,34ce4ea44846,d5fc73d1975b-009,9,0,1,,,49,0.39
20261001T111152Z-8adcb79,d5fc73d1975b,34ce4ea44846,d5fc73d1975b-010,10,0,1,,,48,0.32
20261001T111152Z-8adcb79,d5fc73d1975b,34ce4ea44846,d5fc73d1975b-011,11,0,1,,10,47,0.33
20261001T111152Z-8adcb79,d5fc73d1975b,34ce4ea44846,d5fc73d1975b-012,12,0,0,,16,46,0.32
20261001T111152Z-8adcb79,d5fc73d1975b,34ce4ea44846,d5fc73d1975b-013,13,0,1,,,45,0.34
20261001T111152Z-8adcb79,d5fc73d1975b,34ce4ea44846,d5fc73d1975b-014,14,0,1,,,44,0.29
20261001T111152Z-8adcb79,d5fc73d1975b,34ce4ea44846,d5fc73d1975b-015,15,0,1,,,43,0.26
20261001T111152Z-8adcb79,d5fc73d1975b,34ce4ea44846,d5fc73d1975b-016,16,0,1,,,42,0.33
20261001T111152Z-8adcb79,d5fc73d1975b,34ce4ea44846,d5fc73d1975b-017,17,0,1,,,41,0.33
20261001T111152Z-8adcb79,d5fc73d1975b,34ce4ea44846,d5fc73d1975b-018,18,0,1,,23,40,0.42
20261001T111152Z-8adcb79,d5fc73d1975b,34ce4ea44846,d5fc73d1975b-019,19,0,1,,25,39,0.27
20261001T111152Z-8adcb79,d5fc73d1975b,34ce4ea44846,d5fc73d1975b-020,20,0,1,,12,38,0.23
20261001T111152Z-8adcb79,d5fc73d1975b,34ce4ea44846,d5fc73d1975b-021,21,0,1,8,3,37,0.24
20261001T111152Z-8adcb79,d5fc73d1975b,34ce4ea44846,d5fc73d1975b-022,22,0,0,,7,36,0.3
20261001T111152Z-8adcb79,d5fc73d1975b,34ce4ea44846,d5fc73d1975b-023,23,0,1,7,2,35,0.21
20261001T111152Z-8adcb79,d5fc73d1975b,34ce4ea44846,d5fc73d1975b-024,24,0,1,,,34,0.26
20261001T111152Z-8adcb79,d5fc73d1975b,34ce4ea44846,d5fc73d1975b-025,25,0,1,,,33,0.29
20261001T111152Z-8adcb79,d5fc73d1975b,34ce4ea44846,d5fc73d1975b-026,26,0,0,,6,32,0.36
20261001T111152Z-8adcb79,d5fc73d1975b,34ce4ea44846,d5fc73d1975b-027,27,0,1,,,31,0.34
20261001T111152Z-8adcb79,d5fc73d1975b,34ce4ea44846,d5fc73d1975b-028,28,0,1,,,30,0.34
20261001T111152Z-8adcb79,d5fc73d1975b,34ce4ea44846,d5fc73d1975b-029,29,0,1,6,,29,0.31
20261001T111152Z-8adcb79,d5fc73d1975b,34ce4ea44846,d5fc73d1975b-030,30,0,1,,,28,0.28
20261001T111152Z-8adcb79,d5fc73d1975b,34ce4ea44846,d5fc73d1975b-031,31,0,1,,9,27,0.32
20261001T111152Z-8adcb79,d5fc73d1975b,34ce4ea44846,d5fc73d1975b-032,32,0,1,,,26,0.33
20261001T111152Z-8adcb79,d5fc73d1975b,34ce4ea44846,d5fc73d1975b-033,33,0,1,,,25,0.31
20261001T111152Z-8adcb79,d5fc73d1975b,34ce4ea44846,d5fc73d1975b-034,34,0,1,,,24,0.35
20261001T111152Z-8adcb79,d5fc73d1975b,34ce4ea44846,d5fc73d1975b-035,35,0,1,,,23,0.31
20261001T111152Z-8adcb79,d5fc73d1975b,34ce4ea44846,d5fc73d1975b-036,36,0,1,,27,22,0.31
20261001T111152Z-8adcb79,d5fc73d1975b,34ce4ea44846,d5fc73d1975b-037,37,0,1,,19,21,0.32
20261001T111152Z-8adcb79,d5fc73d1975b,34ce4ea44846,d5fc73d1975b-038,38,0,1,,22,20,0.35
20261001T111152Z-8adcb79,d5fc73d1975b,34ce4ea44846,d5fc73d1975b-039,39,0,1,,21,19,0.4
20261001T111152Z-8adcb79,d5fc73d1975b,34ce4ea44846,d5fc73d1975b-040,40,0,1,,,18,0.34
20261001T111152Z-8adcb79,d5fc73d1975b,34ce4ea44846,d5fc73d1975b-041,41,0,1,,14,17,0.33
20261001T111152Z-8adcb79,d5fc73d1975b,34ce4ea44846,d5fc73d1975b-042,42,0,1,,,16,0.35
20261001T111152Z-8adcb79,d5fc73d1975b,34ce4ea44846,d5fc73d1975b-043,43,0,1,,15,15,0.41
20261001T111152Z-8adcb79,d5fc73d1975b,34ce4ea44846,d5fc73d1975b-044,44,0,1,5,11,14,0.31
20261001T111152Z-8adcb79,d5fc73d1975b,34ce4ea44846,d5fc73d1975b-045,45,0,1,,26,13,0.29
20261001T111152Z-8adcb79,d5fc73d1975b,34ce4ea44846,d5fc73d1975b-046,46,0,1,,24,12,0.27
20261001T111152Z-8adcb79,d5fc73d1975b,34ce4ea44846,d5fc73d1975b-047,47,0,1,,20,11,0.29
20261001T111152Z-8adcb79,d5fc73d1975b,34ce4ea44846,d5fc73d1975b-048,48,0,1,,18,10,0.28
20261001T111152Z-8adcb79,d5fc73d1975b,34ce4ea44846,d5fc73d1975b-049,49,0,1,,,9,0.3
20261001T111152Z-8adcb79,d5fc73d1975b,34ce4ea44846,d5fc73d1975b-050,50,0,0,,13,8,0.2
20261001T111152Z-8adcb79,d5fc73d1975b,34ce4ea44846,d5fc73d1975b-051,51,0,1,,,7,0.32
20261001T111152Z-8adcb79,d5fc73d1975b,34ce4ea44846,d5fc73d1975b-052,52,0,1,,17,6,0.28
20261001T111152Z-8adcb79,d5fc73d1975b,34ce4ea44846,d5fc73d1975b-053,53,0,1,4,,5,0.31
20261001T111152Z-8adcb79,d5fc73d1975b,34ce4ea44846,d5fc73d1975b-054,54,0,0,,1,4,0.27
20261001T111152Z-8adcb79,d5fc73d1975b,34ce4ea44846,d5fc73d1975b-055,55,0,1,1,4,3,0.37
20261001T111152Z-8adcb79,d5fc73d1975b,34ce4ea44846,d5fc73d1975b-056,56,0,1,3,,2,0.32
20261001T111152Z-8adcb79,d5fc73d1975b,34ce4ea44846,d5fc73d1975b-057,57,0,1,2,5,1,0.3
20261001T111152Z-8adcb79,d887f9573fe6,3891295cfcc1,d887f9573fe6-001,1,0,1,21,91,104,0.37
20261001T111152Z-8adcb79,d887f9573fe6,3891295cfcc1,d887f9573fe6-002,2,0,1,81,87,103,0.29
20261001T111152Z-8adcb79,d887f9573fe6,3891295cfcc1,d887f9573fe6-003,3,0,1,56,89,102,0.29
20261001T111152Z-8adcb79,d887f9573fe6,3891295cfcc1,d887f9573fe6-004,4,0,1,80,86,101,0.33
20261001T111152Z-8adcb79,d887f9573fe6,3891295cfcc1,d887f9573fe6-005,5,0,0,,6,100,0.47
20261001T111152Z-8adcb79,d887f9573fe6,3891295cfcc1,d887f9573fe6-006,6,0,0,,10,99,0.36
20261001T111152Z-8adcb79,d887f9573fe6,3891295cfcc1,d887f9573fe6-007,7,0,0,,9,98,0.33
20261001T111152Z-8adcb79,d887f9573fe6,3891295cfcc1,d887f9573fe6-008,8,0,0,,8,97,0.31
20261001T111152Z-8adcb79,d887f9573fe6,3891295cfcc1,d887f9573fe6-009,9,0,0,,54,96,0.27
20261001T111152Z-8adcb79,d887f9573fe6,3891295cfcc1,d887f9573fe6-010,10,0,0,,,95,0.22
20261001T111152Z-8adcb79,d887f9573fe6,3891295cfcc1,d887f9573fe6-011,11,0,0,,5,94,0.46
20261001T111152Z-8adcb79,d887f9573fe6,3891295cfcc1,d887f9573fe6-012,12,0,0,,,93,0.23
20261001T111152Z-8adcb79,d887f9573fe6,3891295cfcc1,d887f9573fe6-013,13,0,0,,,92,0.22
20261001T111152Z-8adcb79,d887f9573fe6,3891295cfcc1,d887f9573fe6-014,14,0,0,,39,91,0.3
20261001T111152Z-8adcb79,d887f9573fe6,3891295cfcc1,d887f9573fe6-015,15,0,0,,,90,0.26
20261001T111152Z-8adcb79,d887f9573fe6,3891295cfcc1,d887f9573fe6-016,16,1,1,,93,89,0.53
20261001T111152Z-8adcb79,d887f9573fe6,3891295cfcc1,d887f9573fe6-017,17,0,1,79,68,88,0.39
20261001T111152Z-8adcb79,d887f9573fe6,3891295cfcc1,d887f9573fe6-018,18,0,1,15,11,87,0.45
20261001T111152Z-8adcb79,d887f9573fe6,3891295cfcc1,d887f9573fe6-019,19,0,1,6,13,86,0.23
20261001T111152Z-8adcb79,d887f9573fe6,3891295cfcc1,d887f9573fe6-020,20,0,1,27,36,85,0.28
20261001T111152Z-8adcb79,d887f9573fe6,3891295cfcc1,d887f9573fe6-021,21,1,1,78,76,84,0.59
20261001T111152Z-8adcb79,d887f9573fe6,3891295cfcc1,d887f9573fe6-022,22,0,0,,37,83,0.43
20261001T111152Z-8adcb79,d887f9573fe6,3891295cfcc1,d887f9573fe6-023,23,0,1,9,40,82,0.3
20261001T111152Z-8adcb79,d887f9573fe6,3891295cfcc1,d887f9573fe6-024,24,0,1,35,49,81,0.28
20261001T111152Z-8adcb79,d887f9573fe6,3891295cfcc1,d887f9573fe6-025,25,1,1,,3,80,0.5
20261001T111152Z-8adcb79,d887f9573fe6,3891295cfcc1,d887f9573fe6-026,26,1,1,77,75,79,0.57
20261001T111152Z-8adcb79,d887f9573fe6,3891295cfcc1,d887f9573fe6-027,27,0,1,34,22,78,0.29
20261001T111152Z-8adcb79,d887f9573fe6,3891295cfcc1,d887f9573fe6-028,28,0,1,44,53,77,0.43
20261001T111152Z-8adcb79,d887f9573fe6,3891295cfcc1,d887f9573fe6-029,29,0,0,,23,76,0.28
20261001T111152Z-8adcb79,d887f9573fe6,3891295cfcc1,d887f9573fe6-030,30,0,0,,1,75,0.45
20261001T111152Z-8adcb79,d887f9573fe6,3891295cfcc1,d887f9573fe6-031,31,0,1,76,50,74,0.26
20261001T111152Z-8adcb79,d887f9573fe6,3891295cfcc1,d887f9573fe6-032,32,1,1,,30,73,0.51
20261001T111152Z-8adcb79,d887f9573fe6,3891295cfcc1,d887f9573fe6-033,33,0,1,55,27,72,0.24
20261001T111152Z-8adcb79,d887f9573fe6,3891295cfcc1,d887f9573fe6-034,34,0,1,54,26,71,0.26
20261001T111152Z-8adcb79,d887f9573fe6,3891295cfcc1,d887f9573fe6-035,35,0,1,75,74,70,0.34
20261001T111152Z-8adcb79,d887f9573fe6,3891295cfcc1,d887f9573fe6-036,36,1,1,33,20,69,0.58
20261001T111152Z-8adcb79,d887f9573fe6,3891295cfcc1,d887f9573fe6-037,37,0,1,26,65,68,0.25
20261001T111152Z-8adcb79,d887f9573fe6,3891295cfcc1,d887f9573fe6-038,38,0,1,25,88,67,0.25
20261001T111152Z-8adcb79,d887f9573fe6,3891295cfcc1,d887f9573fe6-039,39,0,1,32,28,66,0.28
20261001T111152Z-8adcb79,d887f9573fe6,3891295cfcc1,d887f9573fe6-040,40,0,1,43,92,65,0.43
20261001T111152Z-8adcb79,d887f9573fe6,3891295cfcc1,d887f9573fe6-041,41,0,1,74,2,64,0.28
20261001T111152Z-8adcb79,d887f9573fe6,3891295cfcc1,d887f9573fe6-042,42,0,1,20,33,63,0.35
20261001T111152Z-8adcb79,d887f9573fe6,3891295cfcc1,d887f9573fe6-043,43,0,1,24,34,62,0.33
20261001T111152Z-8adcb79,d887f9573fe6,3891295cfcc1,d887f9573fe6-044,44,0,1,23,70,61,0.45
20261001T111152Z-8adcb79,d887f9573fe6,3891295cfcc1,d887f9573fe6-045,45,0,1,5,16,60,0.32
20261001T111152Z-8adcb79,d887f9573fe6,3891295cfcc1,d887f9573fe6-046,46,0,1,73,77,59,0.23
20261001T111152Z-8adcb79,d887f9573fe6,3891295cfcc1,d887f9573fe6-047,47,1,1,53,14,58,0.5
20261001T111152Z-8adcb79,d887f9573fe6,3891295cfcc1,d887f9573fe6-048,48,0,1,42,25,57,0.47
20261001T111152Z-8adcb79,d887f9573fe6,3891295cfcc1,d887f9573fe6-049,49,0,1,41,56,56,0.35
20261001T111152Z-8adcb79,d887f9573fe6,3891295cfcc1,d887f9573fe6-050,50,0,1,31,35,55,0.42
20261001T111152Z-8adcb79,d887f9573fe6,3891295cfcc1,d887f9573fe6-051,51,0,1,72,84,54,0.27
20261001T111152Z-8adcb79,d887f9573fe6,3891295cfcc1,d887f9573fe6-052,52,0,1,19,90,53,0.27
20261001T111152Z-8adcb79,d887f9573fe6,3891295cfcc1,d887f9573fe6-053,53,0,1,40,79,52,0.32
20261001T111152Z-8adcb79,d887f9573fe6,3891295cfcc1,d887f9573fe6-054,54,0,1,14,7,51,0.31
20261001T111152Z-8adcb79,d887f9573fe6,3891295cfcc1,d887f9573fe6-055,55,0,1,52,67,50,0.33
20261001T111152Z-8adcb79,d887f9573fe6,3891295cfcc1,d887f9573fe6-056,56,0,1,51,32,49,0.39
20261001T111152Z-8adcb79,d887f9573fe6,3891295cfcc1,d887f9573fe6-057,57,0,1,50,73,48,0.44
20261001T111152Z-8adcb79,d887f9573fe6,3891295cfcc1,d887f9573fe6-058,58,0,1,39,66,47,0.41
20261001T111152Z-8adcb79,d887f9573fe6,3891295cfcc1,d887f9573fe6-059,59,0,1,71,57,46,0.33
20261001T111152Z-8adcb79,d887f9573fe6,3891295cfcc1,d887f9573fe6-060,60,0,1,70,19,45,0.33
20261001T111152Z-8adcb79,d887f9573fe6,3891295cfcc1,d887f9573fe6-061,61,0,1,49,69,44,0.37
20261001T111152Z-8adcb79,d887f9573fe6,3891295cfcc1,d887f9573fe6-062,62,0,1,30,58,43,0.37
20261001T111152Z-8adcb79,d887f9573fe6,3891295cfcc1,d887f9573fe6-063,63,0,1,38,52,42,0.47
20261001T111152Z-8adcb79,d887f9573fe6,3891295cfcc1,d887f9573fe6-064,64,0,1,29,18,41,0.38
20261001T111152Z-8adcb79,d887f9573fe6,3891295cfcc1,d887f9573fe6-065,65,0,1,69,83,40,0.29
20261001T111152Z-8adcb79,d887f9573fe6,3891295cfcc1,d887f9573fe6-066,66,0,1,1,12,39,0.35
20261001T111152Z-8adcb79,d887f9573fe6,3891295cfcc1,d887f9573fe6-067,67,0,1,68,61,38,0.4
20261001T111152Z-8adcb79,d887f9573fe6,3891295cfcc1,d887f9573fe6-068,68,0,1,67,55,37,0.37
20261001T111152Z-8adcb79,d887f9573fe6,3891295cfcc1,d887f9573fe6-069,69,0,1,7,21,36,0.3
20261001T111152Z-8adcb79,d887f9573fe6,3891295cfcc1,d887f9573fe6-070,70,0,1,2,15,35,0.31
20261001T111152Z-8adcb79,d887f9573fe6,3891295cfcc1,d887f9573fe6-071,71,0,1,48,62,34,0.34
20261001T111152Z-8adcb79,d887f9573fe6,3891295cfcc1,d887f9573fe6-072,72,0,0,,,33,0.35
20261001T111152Z-8adcb79,d887f9573fe6,3891295cfcc1,d887f9573fe6-073,73,0,0,,,32,0.39
20261001T111152Z-8adcb79,d887f9573fe6,3891295cfcc1,d887f9573fe6-074,74,0,0,,4,31,0.47
20261001T111152Z-8adcb79,d887f9573fe6,3891295cfcc1,d887f9573fe6-075,75,0,1,4,46,30,0.3
20261001T111152Z-8adcb79,d887f9573fe6,3891295cfcc1,d887f9573fe6-076,76,0,1,47,45,29,0.26
20261001T111152Z-8adcb79,d887f9573fe6,3891295cfcc1,d887f9573fe6-077,77,0,1,17,48,28,0.23
20261001T111152Z-8adcb79,d887f9573fe6,3891295cfcc1,d887f9573fe6-078,78,0,1,46,78,27,0.34
20261001T111152Z-8adcb79,d887f9573fe6,3891295cfcc1,d887f9573fe6-079,79,0,0,,47,26,0.29
20261001T111152Z-8adcb79,d887f9573fe6,3891295cfcc1,d887f9573fe6-080,80,0,1,66,85,25,0.23
20261001T111152Z-8adcb79,d887f9573fe6,3891295cfcc1,d887f9573fe6-081,81,0,1,16,31,24,0.23
20261001T111152Z-8adcb79,d887f9573fe6,3891295cfcc1,d887f9573fe6-082,82,0,1,65,41,23,0.38
20261001T111152Z-8adcb79,d887f9573fe6,3891295cfcc1,d887f9573fe6-083,83,1,1,37,64,22,0.63
20261001T111152Z-8adcb79,d887f9573fe6,3891295cfcc1,d887f9573fe6-084,84,0,1,22,71,21,0.38
20261001T111152Z-8adcb79,d887f9573fe6,3891295cfcc1,d887f9573fe6-085,85,0,1,3,17,20,0.31
20261001T111152Z-8adcb79,d887f9573fe6,3891295cfcc1,d887f9573fe6-086,86,0,1,11,60,19,0.41
20261001T111152Z-8adcb79,d887f9573fe6,3891295cfcc1,d887f9573fe6-087,87,0,0,,,18,0.3
20261001T111152Z-8adcb79,d887f9573fe6,3891295cfcc1,d887f9573fe6-088,88,0,1,64,43,17,0.35
20261001T111152Z-8adcb79,d887f9573fe6,3891295cfcc1,d887f9573fe6-089,89,0,1,45,72,16,0.4
20261001T111152Z-8adcb79,d887f9573fe6,3891295cfcc1,d887f9573fe6-090,90,0,1,63,63,15,0.47
20261001T111152Z-8adcb79,d887f9573fe6,3891295cfcc1,d887f9573fe6-091,91,0,1,13,51,14,0.26
20261001T111152Z-8adcb79,d887f9573fe6,3891295cfcc1,d887f9573fe6-092,92,1,1,28,59,13,0.5
20261001T111152Z-8adcb79,d887f9573fe6,3891295cfcc1,d887f9573fe6-093,93,0,1,62,81,12,0.32
20261001T111152Z-8adcb79,d887f9573fe6,3891295cfcc1,d887f9573fe6-094,94,0,1,18,38,11,0.33
20261001T111152Z-8adcb79,d887f9573fe6,3891295cfcc1,d887f9573fe6-095,95,0,1,8,24,10,0.29
20261001T111152Z-8adcb79,d887f9573fe6,3891295cfcc1,d887f9573fe6-096,96,0,1,10,29,9,0.31
20261001T111152Z-8adcb79,d887f9573fe6,3891295cfcc1,d887f9573fe6-097,97,0,0,,,8,0.29
20261001T111152Z-8adcb79,d887f9573fe6,3891295cfcc1,d887f9573fe6-098,98,0,1,61,42,7,0.39
20261001T111152Z-8adcb79,d887f9573fe6,3891295cfcc1,d887f9573fe6-099,99,0,1,60,,6,0.25
20261001T111152Z-8adcb79,d887f9573fe6,3891295cfcc1,d887f9573fe6-100,100,0,1,59,80,5,0.28
20261001T111152Z-8adcb79,d887f9573fe6,3891295cfcc1,d887f9573fe6-101,101,0,1,36,,4,0.24
20261001T111152Z-8adcb79,d887f9573fe6,3891295cfcc1,d887f9573fe6-102,102,0,1,12,44,3,0.27
20261001T111152Z-8adcb79,d887f9573fe6,3891295cfcc1,d887f9573fe6-103,103,0,1,58,,2,0.33
20261001T111152Z-8adcb79,d887f9573fe6,3891295cfcc1,d887f9573fe6-104,104,0,1,57,82,1,0.27
20261001T111152Z-8adcb79,dddb6802c019,0afd8613df00,dddb6802c019-001,1,0,1,,,150,0.36
20261001T111152Z-8adcb79,dddb6802c019,0afd8613df00,dddb6802c019-002,2,0,1,,,149,0.27
20261001T111152Z-8adcb79,dddb6802c019,0afd8613df00,dddb6802c019-003,3,0,1,95,,148,0.26
20261001T111152Z-8adcb79,dddb6802c019,0afd8613df00,dddb6802c019-004,4,0,1,,,147,0.18
20261001T111152Z-8adcb79,dddb6802c019,0afd8613df00,dddb6802c019-005,5,0,1,,,146,0.33
20261001T111152Z-8adcb79,dddb6802c019,0afd8613df00,dddb6802c019-006,6,0,1,,,145,0.3
20261001T111152Z-8adcb79,dddb6802c019,0afd8613df00,dddb6802c019-007,7,0,1,,,144,0.27
20261001T111152Z-8adcb79,dddb6802c019,0afd8613df00,dddb6802c019-008,8,0,1,,,143,0.29
20261001T111152Z-8adcb79,dddb6802c019,0afd8613df00,dddb6802c019-009,9,0,1,94,,142,0.45
20261001T111152Z-8adcb79,dddb6802c019,0afd8613df00,dddb6802c019-010,10,0,1,93,,141,0.46
20261001T111152Z-8adcb79,dddb6802c019,0afd8613df00,dddb6802c019-011,11,0,1,92,,140,0.39
20261001T111152Z-8adcb79,dddb6802c019,0afd8613df00,dddb6802c019-012,12,0,1,91,,139,0.48
20261001T111152Z-8adcb79,dddb6802c019,0afd8613df00,dddb6802c019-013,13,0,1,90,,138,0.41
20261001T111152Z-8adcb79,dddb6802c019,0afd8613df00,dddb6802c019-014,14,0,1,89,,137,0.42
20261001T111152Z-8adcb79,dddb6802c019,0afd8613df00,dddb6802c019-015,15,0,1,88,,136,0.49
20261001T111152Z-8adcb79,dddb6802c019,0afd8613df00,dddb6802c019-016,16,0,1,87,,135,0.38
20261001T111152Z-8adcb79,dddb6802c019,0afd8613df00,dddb6802c019-017,17,0,0,,,134,0.23
20261001T111152Z-8adcb79,dddb6802c019,0afd8613df00,dddb6802c019-018,18,0,1,,,133,0.43
20261001T111152Z-8adcb79,dddb6802c019,0afd8613df00,dddb6802c019-019,19,0,1,,,132,0.43
20261001T111152Z-8adcb79,dddb6802c019,0afd8613df00,dddb6802c019-020,20,0,0,,,131,0.35
20261001T111152Z-8adcb79,dddb6802c019,0afd8613df00,dddb6802c019-021,21,0,1,86,,130,0.25
20261001T111152Z-8adcb79,dddb6802c019,0afd8613df00,dddb6802c019-022,22,0,0,,,129,0.37
20261001T111152Z-8adcb79,dddb6802c019,0afd8613df00,dddb6802c019-023,23,0,0,,,128,0.42
20261001T111152Z-8adcb79,dddb6802c019,0afd8613df00,dddb6802c019-024,24,0,0,,,127,0.29
20261001T111152Z-8adcb79,dddb6802c019,0afd8613df00,dddb6802c019-025,25,0,0,,,126,0.29
20261001T111152Z-8adcb79,dddb6802c019,0afd8613df00,dddb6802c019-026,26,0,0,,,125,0.31
20261001T111152Z-8adcb79,dddb6802c019,0afd8613df00,dddb6802c019-027,27,0,0,,,124,0.32
20261001T111152Z-8adcb79,dddb6802c019,0afd8613df00,dddb6802c019-028,28,0,1,,,123,0.28
20261001T111152Z-8adcb79,dddb6802c019,0afd8613df00,dddb6802c019-029,29,0,0,,,122,0.28
20261001T111152Z-8adcb79,dddb6802c019,0afd8613df00,dddb6802c019-030,30,0,0,,,121,0.33
20261001T111152Z-8adcb79,dddb6802c019,0afd8613df00,dddb6802c019-031,31,0,1,,,120,0.23
20261001T111152Z-8adcb79,dddb6802c019,0afd8613df00,dddb6802c019-032,32,0,1,,,119,0.3
20261001T111152Z-8adcb79,dddb6802c019,0afd8613df00,dddb6802c019-033,33,0,1,85,,118,0.4
20261001T111152Z-8adcb79,dddb6802c019,0afd8613df00,dddb6802c019-034,34,0,1,84,,117,0.43
20261001T111152Z-8adcb79,dddb6802c019,0afd8613df00,dddb6802c019-035,35,0,1,83,,116,0.45
20261001T111152Z-8adcb79,dddb6802c019,0afd8613df00,dddb6802c019-036,36,1,1,82,,115,0.5
20261001T111152Z-8adcb79,dddb6802c019,0afd8613df00,dddb6802c019-037,37,0,1,81,,114,0.31
20261001T111152Z-8adcb79,dddb6802c019,0afd8613df00,dddb6802c019-038,38,0,1,,,113,0.42
20261001T111152Z-8adcb79,dddb6802c019,0afd8613df00,dddb6802c019-039,39,0,1,80,,112,0.3
20261001T111152Z-8adcb79,dddb6802c019,0afd8613df00,dddb6802c019-040,40,0,1,79,,111,0.27
20261001T111152Z-8adcb79,dddb6802c019,0afd8613df00,dddb6802c019-041,41,0,1,,,110,0.39
20261001T111152Z-8adcb79,dddb6802c019,0afd8613df00,dddb6802c019-042,42,0,1,78,,109,0.34
20261001T111152Z-8adcb79,dddb6802c019,0afd8613df00,dddb6802c019-043,43,0,1,,,108,0.41
20261001T111152Z-8adcb79,dddb6802c019,0afd8613df00,dddb6802c019-044,44,0,1,77,,107,0.33
20261001T111152Z-8adcb79,dddb6802c019,0afd8613df00,dddb6802c019-045,45,0,1,76,,106,0.32
20261001T111152Z-8adcb79,dddb6802c019,0afd8613df00,dddb6802c019-046,46,0,1,75,,105,0.26
20261001T111152Z-8adcb79,dddb6802c019,0afd8613df00,dddb6802c019-047,47,0,1,74,,104,0.27
20261001T111152Z-8adcb79,dddb6802c019,0afd8613df00,dddb6802c019-048,48,0,1,73,,103,0.32
20261001T111152Z-8adcb79,dddb6802c019,0afd8613df00,dddb6802c019-049,49,0,1,72,,102,0.32
20261001T111152Z-8adcb79,dddb6802c019,0afd8613df00,dddb6802c019-050,50,0,1,,,101,0.31
20261001T111152Z-8adcb79,dddb6802c019,0afd8613df00,dddb6802c019-051,51,0,1,,,100,0.27
20261001T111152Z-8adcb79,dddb6802c019,0afd8613df00,dddb6802c019-052,52,0,1,71,,99,0.3
20261001T111152Z-8adcb79,dddb6802c019,0afd8613df00,dddb6802c019-053,53,0,1,70,,98,0.28
20261001T111152Z-8adcb79,dddb6802c019,0afd8613df00,dddb6802c019-054,54,0,1,16,,97,0.4
20261001T111152Z-8adcb79,dddb6802c019,0afd8613df00,dddb6802c019-055,55,0,1,69,,96,0.25
20261001T111152Z-8adcb79,dddb6802c019,0afd8613df00,dddb6802c019-056,56,0,1,68,,95,0.29
20261001T111152Z-8adcb79,dddb6802c019,0afd8613df00,dddb6802c019-057,57,0,1,67,,94,0.27
20261001T111152Z-8adcb79,dddb6802c019,0afd8613df00,dddb6802c019-058,58,0,1,15,,93,0.22
20261001T111152Z-8adcb79,dddb6802c019,0afd8613df00,dddb6802c019-059,59,0,1,66,,92,0.27
20261001T111152Z-8adcb79,dddb6802c019,0afd8613df00,dddb6802c019-060,60,0,1,65,,91,0.26
20261001T111152Z-8adcb79,dddb6802c019,0afd8613df00,dddb6802c019-061,61,0,1,64,,90,0.28
20261001T111152Z-8adcb79,dddb6802c019,0afd8613df00,dddb6802c019-062,62,0,1,63,,89,0.33
20261001T111152Z-8adcb79,dddb6802c019,0afd8613df00,dddb6802c019-063,63,0,1,62,,88,0.29
20261001T111152Z-8adcb79,dddb6802c019,0afd8613df00,dddb6802c019-064,64,0,1,61,,87,0.4
20261001T111152Z-8adcb79,dddb6802c019,0afd8613df00,dddb6802c019-065,65,0,1,60,,86,0.43
20261001T111152Z-8adcb79,dddb6802c019,0afd8613df00,dddb6802c019-066,66,0,1,59,,85,0.34
20261001T111152Z-8adcb79,dddb6802c019,0afd8613df00,dddb6802c019-067,67,0,1,58,,84,0.41
20261001T111152Z-8adcb79,dddb6802c019,0afd8613df00,dddb6802c019-068,68,0,1,57,,83,0.26
20261001T111152Z-8adcb79,dddb6802c019,0afd8613df00,dddb6802c019-069,69,0,1,56,,82,0.43
20261001T111152Z-8adcb79,dddb6802c019,0afd8613df00,dddb6802c019-070,70,0,1,,,81,0.32
20261001T111152Z-8adcb79,dddb6802c019,0afd8613df00,dddb6802c019-071,71,0,1,55,,80,0.29
20261001T111152Z-8adcb79,dddb6802c019,0afd8613df00,dddb6802c019-072,72,0,1,54,,79,0.34
20261001T111152Z-8adcb79,dddb6802c019,0afd8613df00,dddb6802c019-073,73,0,1,53,,78,0.31
20261001T111152Z-8adcb79,dddb6802c019,0afd8613df00,dddb6802c019-074,74,0,1,14,,77,0.29
20261001T111152Z-8adcb79,dddb6802c019,0afd8613df00,dddb6802c019-075,75,0,0,,,76,0.33
20261001T111152Z-8adcb79,dddb6802c019,0afd8613df00,dddb6802c019-076,76,0,0,,,75,0.36
20261001T111152Z-8adcb79,dddb6802c019,0afd8613df00,dddb6802c019-077,77,0,0,,,74,0.35
20261001T111152Z-8adcb79,dddb6802c019,0afd8613df00,dddb6802c019-078,78,0,0,,,73,0.38
20261001T111152Z-8adcb79,dddb6802c019,0afd8613df00,dddb6802c019-079,79,0,0,,,72,0.35
20261001T111152Z-8adcb79,dddb6802c019,0afd8613df00,dddb6802c019-080,80,0,0,,,71,0.28
20261001T111152Z-8adcb79,dddb6802c019,0afd8613df00,dddb6802c019-081,81,0,1,52,,70,0.38
20261001T111152Z-8adcb79,dddb6802c019,0afd8613df00,dddb6802c019-082,82,0,1,,,69,0.39
20261001T111152Z-8adcb79,dddb6802c019,0afd8613df00,dddb6802c019-083,83,0,1,51,,68,0.32
20261001T111152Z-8adcb79,dddb6802c019,0afd8613df00,dddb6802c019-084,84,0,1,,,67,0.3
20261001T111152Z-8adcb79,dddb6802c019,0afd8613df00,dddb6802c019-085,85,0,1,50,,66,0.34
20261001T111152Z-8adcb79,dddb6802c019,0afd8613df00,dddb6802c019-086,86,0,1,,,65,0.29
20261001T111152Z-8adcb79,dddb6802c019,0afd8613df00,dddb6802c019-087,87,1,1,13,,64,0.52
20261001T111152Z-8adcb79,dddb6802c019,0afd8613df00,dddb6802c019-088,88,0,1,49,,63,0.46
20261001T111152Z-8adcb79,dddb6802c019,0afd8613df00,dddb6802c019-089,89,0,1,,,62,0.33
20261001T111152Z-8adcb79,dddb6802c019,0afd8613df00,dddb6802c019-090,90,0,1,,,61,0.33
20261001T111152Z-8adcb79,dddb6802c019,0afd8613df00,dddb6802c019-091,91,0,1,48,,60,0.39
20261001T111152Z-8adcb79,dddb6802c019,0afd8613df00,dddb6802c019-092,92,0,1,47,,59,0.32
20261001T111152Z-8adcb79,dddb6802c019,0afd8613df00,dddb6802c019-093,93,0,1,,,58,0.31
20261001T111152Z-8adcb79,dddb6802c019,0afd8613df00,dddb6802c019-094,94,0,1,46,,57,0.37
20261001T111152Z-8adcb79,dddb6802c019,0afd8613df00,dddb6802c019-095,95,0,1,12,,56,0.32
20261001T111152Z-8adcb79,dddb6802c019,0afd8613df00,dddb6802c019-096,96,0,1,45,,55,0.37
20261001T111152Z-8adcb79,dddb6802c019,0afd8613df00,dddb6802c019-097,97,0,0,,,54,0.31
20261001T111152Z-8adcb79,dddb6802c019,0afd8613df00,dddb6802c019-098,98,0,1,44,,53,0.26
20261001T111152Z-8adcb79,dddb6802c019,0afd8613df00,dddb6802c019-099,99,0,1,43,,52,0.29
20261001T111152Z-8adcb79,dddb6802c019,0afd8613df00,dddb6802c019-100,100,0,1,42,,51,0.28
20261001T111152Z-8adcb79,dddb6802c019,0afd8613df00,dddb6802c019-101,101,0,1,41,,50,0.3
20261001T111152Z-8adcb79,dddb6802c019,0afd8613df00,dddb6802c019-102,102,0,1,40,,49,0.43
20261001T111152Z-8adcb79,dddb6802c019,0afd8613df00,dddb6802c019-103,103,0,1,39,,48,0.36
20261001T111152Z-8adcb79,dddb6802c019,0afd8613df00,dddb6802c019-104,104,0,1,38,,47,0.27
20261001T111152Z-8adcb79,dddb6802c019,0afd8613df00,dddb6802c019-105,105,0,0,,,46,0.29
20261001T111152Z-8adcb79,dddb6802c019,0afd8613df00,dddb6802c019-106,106,0,0,,,45,0.3
20261001T111152Z-8adcb79,dddb6802c019,0afd8613df00,dddb6802c019-107,107,0,1,37,,44,0.29
20261001T111152Z-8adcb79,dddb6802c019,0afd8613df00,dddb6802c019-108,108,0,1,36,,43,0.37
20261001T111152Z-8adcb79,dddb6802c019,0afd8613df00,dddb6802c019-109,109,0,1,35,,42,0.31
20261001T111152Z-8adcb79,dddb6802c019,0afd8613df00,dddb6802c019-110,110,0,1,34,,41,0.25
20261001T111152Z-8adcb79,dddb6802c019,0afd8613df00,dddb6802c019-111,111,0,1,33,,40,0.26
20261001T111152Z-8adcb79,dddb6802c019,0afd8613df00,dddb6802c019-112,112,0,1,32,,39,0.27
20261001T111152Z-8adcb79,dddb6802c019,0afd8613df00,dddb6802c019-113,113,0,1,31,,38,0.34
20261001T111152Z-8adcb79,dddb6802c019,0afd8613df00,dddb6802c019-114,114,0,1,30,,37,0.26
20261001T111152Z-8adcb79,dddb6802c019,0afd8613df00,dddb6802c019-115,115,0,1,29,,36,0.26
20261001T111152Z-8adcb79,dddb6802c019,0afd8613df00,dddb6802c019-116,116,0,1,28,,35,0.35
20261001T111152Z-8adcb79,dddb6802c019,0afd8613df00,dddb6802c019-117,117,0,1,11,,34,0.22
20261001T111152Z-8adcb79,dddb6802c019,0afd8613df00,dddb6802c019-118,118,0,0,,,33,0.3
20261001T111152Z-8adcb79,dddb6802c019,0afd8613df00,dddb6802c019-119,119,0,1,10,,32,0.22
20261001T111152Z-8adcb79,dddb6802c019,0afd8613df00,dddb6802c019-120,120,0,1,27,,31,0.38
20261001T111152Z-8adcb79,dddb6802c019,0afd8613df00,dddb6802c019-121,121,0,1,26,,30,0.15
20261001T111152Z-8adcb79,dddb6802c019,0afd8613df00,dddb6802c019-122,122,0,1,,,29,0.29
20261001T111152Z-8adcb79,dddb6802c019,0afd8613df00,dddb6802c019-123,123,0,0,,,28,0.21
20261001T111152Z-8adcb79,dddb6802c019,0afd8613df00,dddb6802c019-124,124,0,0,,,27,0.2
20261001T111152Z-8adcb79,dddb6802c019,0afd8613df00,dddb6802c019-125,125,0,1,,,26,0.27
20261001T111152Z-8adcb79,dddb6802c019,0afd8613df00,dddb6802c019-126,126,0,1,25,,25,0.22
20261001T111152Z-8adcb79,dddb6802c019,0afd8613df00,dddb6802c019-127,127,0,1,9,,24,0.47
20261001T111152Z-8adcb79,dddb6802c019,0afd8613df00,dddb6802c019-128,128,0,1,,,23,0.23
20261001T111152Z-8adcb79,dddb6802c019,0afd8613df00,dddb6802c019-129,129,0,1,24,,22,0.41
20261001T111152Z-8adcb79,dddb6802c019,0afd8613df00,dddb6802c019-130,130,0,1,,,21,0.34
20261001T111152Z-8adcb79,dddb6802c019,0afd8613df00,dddb6802c019-131,131,0,1,,,20,0.24
20261001T111152Z-8adcb79,dddb6802c019,0afd8613df00,dddb6802c019-132,132,0,1,,,19,0.36
20261001T111152Z-8adcb79,dddb6802c019,0afd8613df00,dddb6802c019-133,133,0,1,23,,18,0.36
20261001T111152Z-8adcb79,dddb6802c019,0afd8613df00,dddb6802c019-134,134,0,1,22,,17,0.29
20261001T111152Z-8adcb79,dddb6802c019,0afd8613df00,dddb6802c019-135,135,0,1,21,,16,0.29
20261001T111152Z-8adcb79,dddb6802c019,0afd8613df00,dddb6802c019-136,136,0,1,,,15,0.26
20261001T111152Z-8adcb79,dddb6802c019,0afd8613df00,dddb6802c019-137,137,0,1,,,14,0.24
20261001T111152Z-8adcb79,dddb6802c019,0afd8613df00,dddb6802c019-138,138,0,1,8,,13,0.31
20261001T111152Z-8adcb79,dddb6802c019,0afd8613df00,dddb6802c019-139,139,0,1,,,12,0.21
20261001T111152Z-8adcb79,dddb6802c019,0afd8613df00,dddb6802c019-140,140,0,1,7,,11,0.3
20261001T111152Z-8adcb79,dddb6802c019,0afd8613df00,dddb6802c019-141,141,0,1,6,,10,0.36
20261001T111152Z-8adcb79,dddb6802c019,0afd8613df00,dddb6802c019-142,142,0,1,20,,9,0.32
20261001T111152Z-8adcb79,dddb6802c019,0afd8613df00,dddb6802c019-143,143,0,1,5,,8,0.32
20261001T111152Z-8adcb79,dddb6802c019,0afd8613df00,dddb6802c019-144,144,0,1,19,,7,0.35
20261001T111152Z-8adcb79,dddb6802c019,0afd8613df00,dddb6802c019-145,145,0,1,3,,6,0.28
20261001T111152Z-8adcb79,dddb6802c019,0afd8613df00,dddb6802c019-146,146,0,1,2,,5,0.36
20261001T111152Z-8adcb79,dddb6802c019,0afd8613df00,dddb6802c019-147,147,0,1,18,,4,0.26
20261001T111152Z-8adcb79,dddb6802c019,0afd8613df00,dddb6802c019-148,148,0,1,17,,3,0.32
20261001T111152Z-8adcb79,dddb6802c019,0afd8613df00,dddb6802c019-149,149,0,1,1,,2,0.29
20261001T111152Z-8adcb79,dddb6802c019,0afd8613df00,dddb6802c019-150,150,0,1,4,,1,0.44
20261001T111152Z-8adcb79,e36a58d3853b,19101cd92bc9,e36a58d3853b-001,1,0,1,93,105,141,0.34
20261001T111152Z-8adcb79,e36a58d3853b,19101cd92bc9,e36a58d3853b-002,2,0,0,,54,140,0.38
20261001T111152Z-8adcb79,e36a58d3853b,19101cd92bc9,e36a58d3853b-003,3,0,1,,69,139,0.18
20261001T111152Z-8adcb79,e36a58d3853b,19101cd92bc9,e36a58d3853b-004,4,0,1,,41,138,0.34
20261001T111152Z-8adcb79,e36a58d3853b,19101cd92bc9,e36a58d3853b-005,5,0,1,,26,137,0.24
20261001T111152Z-8adcb79,e36a58d3853b,19101cd92bc9,e36a58d3853b-006,6,0,1,,70,136,0.22
20261001T111152Z-8adcb79,e36a58d3853b,19101cd92bc9,e36a58d3853b-007,7,0,1,,34,135,0.22
20261001T111152Z-8adcb79,e36a58d3853b,19101cd92bc9,e36a58d3853b-008,8,0,1,,104,134,0.25
20261001T111152Z-8adcb79,e36a58d3853b,19101cd92bc9,e36a58d3853b-009,9,0,1,,35,133,0.43
20261001T111152Z-8adcb79,e36a58d3853b,19101cd92bc9,e36a58d3853b-010,10,0,1,,76,132,0.12
20261001T111152Z-8adcb79,e36a58d3853b,19101cd92bc9,e36a58d3853b-011,11,0,1,,119,131,0.38
20261001T111152Z-8adcb79,e36a58d3853b,19101cd92bc9,e36a58d3853b-012,12,0,1,,136,130,0.18
20261001T111152Z-8adcb79,e36a58d3853b,19101cd92bc9,e36a58d3853b-013,13,0,1,92,138,129,0.1
20261001T111152Z-8adcb79,e36a58d3853b,19101cd92bc9,e36a58d3853b-014,14,0,1,,140,128,0.14
20261001T111152Z-8adcb79,e36a58d3853b,19101cd92bc9,e36a58d3853b-015,15,0,1,,137,127,0.21
20261001T111152Z-8adcb79,e36a58d3853b,19101cd92bc9,e36a58d3853b-016,16,0,1,64,52,126,0.31
20261001T111152Z-8adcb79,e36a58d3853b,19101cd92bc9,e36a58d3853b-017,17,0,1,35,31,125,0.39
20261001T111152Z-8adcb79,e36a58d3853b,19101cd92bc9,e36a58d3853b-018,18,0,1,,83,124,0.28
20261001T111152Z-8adcb79,e36a58d3853b,19101cd92bc9,e36a58d3853b-019,19,0,1,,30,123,0.28
20261001T111152Z-8adcb79,e36a58d3853b,19101cd92bc9,e36a58d3853b-020,20,0,1,63,128,122,0.29
20261001T111152Z-8adcb79,e36a58d3853b,19101cd92bc9,e36a58d3853b-021,21,0,1,34,109,121,0.17
20261001T111152Z-8adcb79,e36a58d3853b,19101cd92bc9,e36a58d3853b-022,22,0,1,62,90,120,0.16
20261001T111152Z-8adcb79,e36a58d3853b,19101cd92bc9,e36a58d3853b-023,23,0,1,33,97,119,0.15
20261001T111152Z-8adcb79,e36a58d3853b,19101cd92bc9,e36a58d3853b-024,24,0,1,,77,118,0.33
20261001T111152Z-8adcb79,e36a58d3853b,19101cd92bc9,e36a58d3853b-025,25,0,1,91,74,117,0.4
20261001T111152Z-8adcb79,e36a58d3853b,19101cd92bc9,e36a58d3853b-026,26,0,1,61,122,116,0.16
20261001T111152Z-8adcb79,e36a58d3853b,19101cd92bc9,e36a58d3853b-027,27,0,1,60,51,115,0.22
20261001T111152Z-8adcb79,e36a58d3853b,19101cd92bc9,e36a58d3853b-028,28,1,1,59,24,114,0.53
20261001T111152Z-8adcb79,e36a58d3853b,19101cd92bc9,e36a58d3853b-029,29,0,1,90,32,113,0.41
20261001T111152Z-8adcb79,e36a58d3853b,19101cd92bc9,e36a58d3853b-030,30,0,1,,22,112,0.35
20261001T111152Z-8adcb79,e36a58d3853b,19101cd92bc9,e36a58d3853b-031,31,0,1,58,95,111,0.21
20261001T111152Z-8adcb79,e36a58d3853b,19101cd92bc9,e36a58d3853b-032,32,0,1,,125,110,0.21
20261001T111152Z-8adcb79,e36a58d3853b,19101cd92bc9,e36a58d3853b-033,33,0,1,57,101,109,0.23
20261001T111152Z-8adcb79,e36a58d3853b,19101cd92bc9,e36a58d3853b-034,34,0,1,,133,108,0.17
20261001T111152Z-8adcb79,e36a58d3853b,19101cd92bc9,e36a58d3853b-035,35,0,1,56,103,107,0.22
20261001T111152Z-8adcb79,e36a58d3853b,19101cd92bc9,e36a58d3853b-036,36,0,1,32,87,106,0.18
20261001T111152Z-8adcb79,e36a58d3853b,19101cd92bc9,e36a58d3853b-037,37,0,1,31,115,105,0.24
20261001T111152Z-8adcb79,e36a58d3853b,19101cd92bc9,e36a58d3853b-038,38,0,1,30,113,104,0.22
20261001T111152Z-8adcb79,e36a58d3853b,19101cd92bc9,e36a58d3853b-039,39,0,1,89,139,103,0.28
20261001T111152Z-8adcb79,e36a58d3853b,19101cd92bc9,e36a58d3853b-040,40,0,1,,110,102,0.44
20261001T111152Z-8adcb79,e36a58d3853b,19101cd92bc9,e36a58d3853b-041,41,0,1,,108,101,0.45
20261001T111152Z-8adcb79,e36a58d3853b,19101cd92bc9,e36a58d3853b-042,42,0,1,,116,100,0.36
20261001T111152Z-8adcb79,e36a58d3853b,19101cd92bc9,e36a58d3853b-043,43,0,1,22,99,99,0.2
20261001T111152Z-8adcb79,e36a58d3853b,19101cd92bc9,e36a58d3853b-044,44,0,1,21,100,98,0.2
20261001T111152Z-8adcb79,e36a58d3853b,19101cd92bc9,e36a58d3853b-045,45,0,1,14,38,97,0.39
20261001T111152Z-8adcb79,e36a58d3853b,19101cd92bc9,e36a58d3853b-046,46,0,1,55,91,96,0.23
20261001T111152Z-8adcb79,e36a58d3853b,19101cd92bc9,e36a58d3853b-047,47,0,1,54,73,95,0.25
20261001T111152Z-8adcb79,e36a58d3853b,19101cd92bc9,e36a58d3853b-048,48,0,1,,45,94,0.21
20261001T111152Z-8adcb79,e36a58d3853b,19101cd92bc9,e36a58d3853b-049,49,0,1,29,62,93,0.2
20261001T111152Z-8adcb79,e36a58d3853b,19101cd92bc9,e36a58d3853b-050,50,0,1,,86,92,0.35
20261001T111152Z-8adcb79,e36a58d3853b,19101cd92bc9,e36a58d3853b-051,51,0,1,,58,91,0.36
20261001T111152Z-8adcb79,e36a58d3853b,19101cd92bc9,e36a58d3853b-052,52,0,1,,89,90,0.16
20261001T111152Z-8adcb79,e36a58d3853b,19101cd92bc9,e36a58d3853b-053,53,0,1,,5,89,0.2
20261001T111152Z-8adcb79,e36a58d3853b,19101cd92bc9,e36a58d3853b-054,54,0,1,,33,88,0.27
20261001T111152Z-8adcb79,e36a58d3853b,19101cd92bc9,e36a58d3853b-055,55,0,1,28,36,87,0.3
20261001T111152Z-8adcb79,e36a58d3853b,19101cd92bc9,e36a58d3853b-056,56,0,1,20,13,86,0.38
20261001T111152Z-8adcb79,e36a58d3853b,19101cd92bc9,e36a58d3853b-057,57,0,1,27,29,85,0.38
20261001T111152Z-8adcb79,e36a58d3853b,19101cd92bc9,e36a58d3853b-058,58,0,1,53,7,84,0.47
20261001T111152Z-8adcb79,e36a58d3853b,19101cd92bc9,e36a58d3853b-059,59,0,1,88,40,83,0.27
20261001T111152Z-8adcb79,e36a58d3853b,19101cd92bc9,e36a58d3853b-060,60,0,1,87,48,82,0.33
20261001T111152Z-8adcb79,e36a58d3853b,19101cd92bc9,e36a58d3853b-061,61,0,1,86,47,81,0.19
20261001T111152Z-8adcb79,e36a58d3853b,19101cd92bc9,e36a58d3853b-062,62,0,1,85,43,80,0.27
20261001T111152Z-8adcb79,e36a58d3853b,19101cd92bc9,e36a58d3853b-063,63,0,1,52,88,79,0.18
20261001T111152Z-8adcb79,e36a58d3853b,19101cd92bc9,e36a58d3853b-064,64,0,1,84,92,78,0.19
20261001T111152Z-8adcb79,e36a58d3853b,19101cd92bc9,e36a58d3853b-065,65,0,1,51,80,77,0.3
20261001T111152Z-8adcb79,e36a58d3853b,19101cd92bc9,e36a58d3853b-066,66,0,1,50,23,76,0.32
20261001T111152Z-8adcb79,e36a58d3853b,19101cd92bc9,e36a58d3853b-067,67,0,1,49,11,75,0.35
20261001T111152Z-8adcb79,e36a58d3853b,19101cd92bc9,e36a58d3853b-068,68,0,1,48,10,74,0.43
20261001T111152Z-8adcb79,e36a58d3853b,19101cd92bc9,e36a58d3853b-069,69,0,1,83,85,73,0.2
20261001T111152Z-8adcb79,e36a58d3853b,19101cd92bc9,e36a58d3853b-070,70,0,1,82,120,72,0.2
20261001T111152Z-8adcb79,e36a58d3853b,19101cd92bc9,e36a58d3853b-071,71,0,1,,53,71,0.26
20261001T111152Z-8adcb79,e36a58d3853b,19101cd92bc9,e36a58d3853b-072,72,0,1,81,117,70,0.12
20261001T111152Z-8adcb79,e36a58d3853b,19101cd92bc9,e36a58d3853b-073,73,0,1,80,65,69,0.21
20261001T111152Z-8adcb79,e36a58d3853b,19101cd92bc9,e36a58d3853b-074,74,0,1,79,114,68,0.27
20261001T111152Z-8adcb79,e36a58d3853b,19101cd92bc9,e36a58d3853b-075,75,0,1,78,79,67,0.23
20261001T111152Z-8adcb79,e36a58d3853b,19101cd92bc9,e36a58d3853b-076,76,0,1,77,46,66,0.23
20261001T111152Z-8adcb79,e36a58d3853b,19101cd92bc9,e36a58d3853b-077,77,0,1,76,82,65,0.3
20261001T111152Z-8adcb79,e36a58d3853b,19101cd92bc9,e36a58d3853b-078,78,0,1,75,59,64,0.24
20261001T111152Z-8adcb79,e36a58d3853b,19101cd92bc9,e36a58d3853b-079,79,0,1,74,56,63,0.24
20261001T111152Z-8adcb79,e36a58d3853b,19101cd92bc9,e36a58d3853b-080,80,0,1,73,106,62,0.28
20261001T111152Z-8adcb79,e36a58d3853b,19101cd92bc9,e36a58d3853b-081,81,0,1,72,78,61,0.29
20261001T111152Z-8adcb79,e36a58d3853b,19101cd92bc9,e36a58d3853b-082,82,0,1,71,64,60,0.25
20261001T111152Z-8adcb79,e36a58d3853b,19101cd92bc9,e36a58d3853b-083,83,0,1,,131,59,0.16
20261001T111152Z-8adcb79,e36a58d3853b,19101cd92bc9,e36a58d3853b-084,84,0,1,70,93,58,0.25
20261001T111152Z-8adcb79,e36a58d3853b,19101cd92bc9,e36a58d3853b-085,85,0,1,26,44,57,0.23
20261001T111152Z-8adcb79,e36a58d3853b,19101cd92bc9,e36a58d3853b-086,86,0,1,47,20,56,0.24
20261001T111152Z-8adcb79,e36a58d3853b,19101cd92bc9,e36a58d3853b-087,87,0,1,69,57,55,0.21
20261001T111152Z-8adcb79,e36a58d3853b,19101cd92bc9,e36a58d3853b-088,88,0,1,46,67,54,0.23
20261001T111152Z-8adcb79,e36a58d3853b,19101cd92bc9,e36a58d3853b-089,89,0,1,45,49,53,0.28
20261001T111152Z-8adcb79,e36a58d3853b,19101cd92bc9,e36a58d3853b-090,90,0,1,68,124,52,0.18
20261001T111152Z-8adcb79,e36a58d3853b,19101cd92bc9,e36a58d3853b-091,91,0,1,44,132,51,0.28
20261001T111152Z-8adcb79,e36a58d3853b,19101cd92bc9,e36a58d3853b-092,92,0,1,19,129,50,0.26
20261001T111152Z-8adcb79,e36a58d3853b,19101cd92bc9,e36a58d3853b-093,93,0,1,13,94,49,0.18
20261001T111152Z-8adcb79,e36a58d3853b,19101cd92bc9,e36a58d3853b-094,94,0,1,1,112,48,0.28
20261001T111152Z-8adcb79,e36a58d3853b,19101cd92bc9,e36a58d3853b-095,95,0,1,10,111,47,0.24
20261001T111152Z-8adcb79,e36a58d3853b,19101cd92bc9,e36a58d3853b-096,96,0,1,43,2,46,0.21
20261001T111152Z-8adcb79,e36a58d3853b,19101cd92bc9,e36a58d3853b-097,97,0,1,3,63,45,0.29
20261001T111152Z-8adcb79,e36a58d3853b,19101cd92bc9,e36a58d3853b-098,98,0,1,25,4,44,0.24
20261001T111152Z-8adcb79,e36a58d3853b,19101cd92bc9,e36a58d3853b-099,99,0,1,7,50,43,0.26
20261001T111152Z-8adcb79,e36a58d3853b,19101cd92bc9,e36a58d3853b-100,100,0,1,4,98,42,0.25
20261001T111152Z-8adcb79,e36a58d3853b,19101cd92bc9,e36a58d3853b-101,101,1,1,18,39,41,0.57
20261001T111152Z-8adcb79,e36a58d3853b,19101cd92bc9,e36a58d3853b-102,102,1,1,24,17,40,0.53
20261001T111152Z-8adcb79,e36a58d3853b,19101cd92bc9,e36a58d3853b-103,103,1,1,11,8,39,0.55
20261001T111152Z-8adcb79,e36a58d3853b,19101cd92bc9,e36a58d3853b-104,104,0,1,9,42,38,0.46
20261001T111152Z-8adcb79,e36a58d3853b,19101cd92bc9,e36a58d3853b-105,105,0,1,6,21,37,0.43
20261001T111152Z-8adcb79,e36a58d3853b,19101cd92bc9,e36a58d3853b-106,106,0,1,5,68,36,0.43
20261001T111152Z-8adcb79,e36a58d3853b,19101cd92bc9,e36a58d3853b-107,107,1,1,8,16,35,0.57
20261001T111152Z-8adcb79,e36a58d3853b,19101cd92bc9,e36a58d3853b-108,108,0,1,12,19,34,0.48
20261001T111152Z-8adcb79,e36a58d3853b,19101cd92bc9,e36a58d3853b-109,109,1,1,17,14,33,0.57
20261001T111152Z-8adcb79,e36a58d3853b,19101cd92bc9,e36a58d3853b-110,110,1,1,42,6,32,0.57
20261001T111152Z-8adcb79,e36a58d3853b,19101cd92bc9,e36a58d3853b-111,111,1,1,41,3,31,0.59
20261001T111152Z-8adcb79,e36a58d3853b,19101cd92bc9,e36a58d3853b-112,112,0,1,40,15,30,0.48
20261001T111152Z-8adcb79,e36a58d3853b,19101cd92bc9,e36a58d3853b-113,113,0,1,39,18,29,0.48
20261001T111152Z-8adcb79,e36a58d3853b,19101cd92bc9,e36a58d3853b-114,114,0,1,15,61,28,0.48
20261001T111152Z-8adcb79,e36a58d3853b,19101cd92bc9,e36a58d3853b-115,115,0,1,38,75,27,0.41
20261001T111152Z-8adcb79,e36a58d3853b,19101cd92bc9,e36a58d3853b-116,116,0,1,16,66,26,0.44
20261001T111152Z-8adcb79,e36a58d3853b,19101cd92bc9,e36a58d3853b-117,117,0,1,2,60,25,0.15
20261001T111152Z-8adcb79,e36a58d3853b,19101cd92bc9,e36a58d3853b-118,118,0,1,23,127,24,0.19
20261001T111152Z-8adcb79,e36a58d3853b,19101cd92bc9,e36a58d3853b-119,119,0,1,67,81,23,0.31
20261001T111152Z-8adcb79,e36a58d3853b,19101cd92bc9,e36a58d3853b-120,120,0,1,66,102,22,0.24
20261001T111152Z-8adcb79,e36a58d3853b,19101cd92bc9,e36a58d3853b-121,121,0,1,65,130,21,0.23
20261001T111152Z-8adcb79,e36a58d3853b,19101cd92bc9,e36a58d3853b-122,122,0,1,37,1,20,0.49
20261001T111152Z-8adcb79,e36a58d3853b,19101cd92bc9,e36a58d3853b-123,123,0,1,36,9,19,0.43
20261001T111152Z-8adcb79,e36a58d3853b,19101cd92bc9,e36a58d3853b-124,124,0,0,,,18,0.2
20261001T111152Z-8adcb79,e36a58d3853b,19101cd92bc9,e36a58d3853b-125,125,0,0,,134,17,0.28
20261001T111152Z-8adcb79,e36a58d3853b,19101cd92bc9,e36a58d3853b-126,126,0,0,,121,16,0.33
20261001T111152Z-8adcb79,e36a58d3853b,19101cd92bc9,e36a58d3853b-127,127,0,0,,118,15,0.23
20261001T111152Z-8adcb79,e36a58d3853b,19101cd92bc9,e36a58d3853b-128,128,0,0,,28,14,0.32
20261001T111152Z-8adcb79,e36a58d3853b,19101cd92bc9,e36a58d3853b-129,129,0,0,,71,13,0.23
20261001T111152Z-8adcb79,e36a58d3853b,19101cd92bc9,e36a58d3853b-130,130,0,0,,72,12,0.28
20261001T111152Z-8adcb79,e36a58d3853b,19101cd92bc9,e36a58d3853b-131,131,0,0,,27,11,0.3
20261001T111152Z-8adcb79,e36a58d3853b,19101cd92bc9,e36a58d3853b-132,132,0,0,,96,10,0.29
20261001T111152Z-8adcb79,e36a58d3853b,19101cd92bc9,e36a58d3853b-133,133,0,0,,126,9,0.27
20261001T111152Z-8adcb79,e36a58d3853b,19101cd92bc9,e36a58d3853b-134,134,0,0,,135,8,0.29
20261001T111152Z-8adcb79,e36a58d3853b,19101cd92bc9,e36a58d3853b-135,135,0,0,,55,7,0.32
20261001T111152Z-8adcb79,e36a58d3853b,19101cd92bc9,e36a58d3853b-136,136,0,0,,25,6,0.22
20261001T111152Z-8adcb79,e36a58d3853b,19101cd92bc9,e36a58d3853b-137,137,0,0,,123,5,0.25
20261001T111152Z-8adcb79,e36a58d3853b,19101cd92bc9,e36a58d3853b-138,138,0,0,,107,4,0.26
20261001T111152Z-8adcb79,e36a58d3853b,19101cd92bc9,e36a58d3853b-139,139,0,0,,12,3,0.23
20261001T111152Z-8adcb79,e36a58d3853b,19101cd92bc9,e36a58d3853b-140,140,0,0,,37,2,0.29
20261001T111152Z-8adcb79,e36a58d3853b,19101cd92bc9,e36a58d3853b-141,141,0,0,,84,1,0.23
20261001T111152Z-8adcb79,eba5ef1461cf,0afd8613df00,eba5ef1461cf-001,1,0,1,64,,150,0.33
20261001T111152Z-8adcb79,eba5ef1461cf,0afd8613df00,eba5ef1461cf-002,2,0,1,115,,149,0.22
20261001T111152Z-8adcb79,eba5ef1461cf,0afd8613df00,eba5ef1461cf-003,3,0,1,27,,148,0.31
20261001T111152Z-8adcb79,eba5ef1461cf,0afd8613df00,eba5ef1461cf-004,4,0,0,,,147,0.29
20261001T111152Z-8adcb79,eba5ef1461cf,0afd8613df00,eba5ef1461cf-005,5,0,0,,,146,0.26
20261001T111152Z-8adcb79,eba5ef1461cf,0afd8613df00,eba5ef1461cf-006,6,0,0,,,145,0.24
20261001T111152Z-8adcb79,eba5ef1461cf,0afd8613df00,eba5ef1461cf-007,7,0,0,,,144,0.24
20261001T111152Z-8adcb79,eba5ef1461cf,0afd8613df00,eba5ef1461cf-008,8,0,0,,,143,0.25
20261001T111152Z-8adcb79,eba5ef1461cf,0afd8613df00,eba5ef1461cf-009,9,0,0,,,142,0.21
20261001T111152Z-8adcb79,eba5ef1461cf,0afd8613df00,eba5ef1461cf-010,10,0,1,114,,141,0.29
20261001T111152Z-8adcb79,eba5ef1461cf,0afd8613df00,eba5ef1461cf-011,11,0,1,,5,140,0.37
20261001T111152Z-8adcb79,eba5ef1461cf,0afd8613df00,eba5ef1461cf-012,12,0,1,113,,139,0.25
20261001T111152Z-8adcb79,eba5ef1461cf,0afd8613df00,eba5ef1461cf-013,13,0,1,112,10,138,0.26
20261001T111152Z-8adcb79,eba5ef1461cf,0afd8613df00,eba5ef1461cf-014,14,0,1,63,,137,0.25
20261001T111152Z-8adcb79,eba5ef1461cf,0afd8613df00,eba5ef1461cf-015,15,0,1,,16,136,0.29
20261001T111152Z-8adcb79,eba5ef1461cf,0afd8613df00,eba5ef1461cf-016,16,0,1,62,28,135,0.4
20261001T111152Z-8adcb79,eba5ef1461cf,0afd8613df00,eba5ef1461cf-017,17,0,1,111,,134,0.3
20261001T111152Z-8adcb79,eba5ef1461cf,0afd8613df00,eba5ef1461cf-018,18,0,1,,,133,0.29
20261001T111152Z-8adcb79,eba5ef1461cf,0afd8613df00,eba5ef1461cf-019,19,0,1,,,132,0.29
20261001T111152Z-8adcb79,eba5ef1461cf,0afd8613df00,eba5ef1461cf-020,20,0,1,110,,131,0.29
20261001T111152Z-8adcb79,eba5ef1461cf,0afd8613df00,eba5ef1461cf-021,21,0,1,40,,130,0.28
20261001T111152Z-8adcb79,eba5ef1461cf,0afd8613df00,eba5ef1461cf-022,22,0,1,109,,129,0.26
20261001T111152Z-8adcb79,eba5ef1461cf,0afd8613df00,eba5ef1461cf-023,23,0,1,61,,128,0.3
20261001T111152Z-8adcb79,eba5ef1461cf,0afd8613df00,eba5ef1461cf-024,24,0,1,26,,127,0.29
20261001T111152Z-8adcb79,eba5ef1461cf,0afd8613df00,eba5ef1461cf-025,25,0,1,108,,126,0.31
20261001T111152Z-8adcb79,eba5ef1461cf,0afd8613df00,eba5ef1461cf-026,26,0,0,,,125,0.27
20261001T111152Z-8adcb79,eba5ef1461cf,0afd8613df00,eba5ef1461cf-027,27,0,1,107,,124,0.26
20261001T111152Z-8adcb79,eba5ef1461cf,0afd8613df00,eba5ef1461cf-028,28,0,1,106,,123,0.25
20261001T111152Z-8adcb79,eba5ef1461cf,0afd8613df00,eba5ef1461cf-029,29,0,1,39,,122,0.25
20261001T111152Z-8adcb79,eba5ef1461cf,0afd8613df00,eba5ef1461cf-030,30,0,1,60,,121,0.25
20261001T111152Z-8adcb79,eba5ef1461cf,0afd8613df00,eba5ef1461cf-031,31,0,1,59,,120,0.44
20261001T111152Z-8adcb79,eba5ef1461cf,0afd8613df00,eba5ef1461cf-032,32,0,1,38,27,119,0.32
20261001T111152Z-8adcb79,eba5ef1461cf,0afd8613df00,eba5ef1461cf-033,33,0,1,25,,118,0.27
20261001T111152Z-8adcb79,eba5ef1461cf,0afd8613df00,eba5ef1461cf-034,34,0,0,,23,117,0.27
20261001T111152Z-8adcb79,eba5ef1461cf,0afd8613df00,eba5ef1461cf-035,35,0,0,,21,116,0.26
20261001T111152Z-8adcb79,eba5ef1461cf,0afd8613df00,eba5ef1461cf-036,36,0,1,105,,115,0.33
20261001T111152Z-8adcb79,eba5ef1461cf,0afd8613df00,eba5ef1461cf-037,37,0,1,58,,114,0.35
20261001T111152Z-8adcb79,eba5ef1461cf,0afd8613df00,eba5ef1461cf-038,38,0,1,24,,113,0.29
20261001T111152Z-8adcb79,eba5ef1461cf,0afd8613df00,eba5ef1461cf-039,39,0,1,57,,112,0.26
20261001T111152Z-8adcb79,eba5ef1461cf,0afd8613df00,eba5ef1461cf-040,40,0,1,10,,111,0.28
20261001T111152Z-8adcb79,eba5ef1461cf,0afd8613df00,eba5ef1461cf-041,41,0,1,37,,110,0.27
20261001T111152Z-8adcb79,eba5ef1461cf,0afd8613df00,eba5ef1461cf-042,42,0,1,56,,109,0.29
20261001T111152Z-8adcb79,eba5ef1461cf,0afd8613df00,eba5ef1461cf-043,43,0,1,104,,108,0.22
20261001T111152Z-8adcb79,eba5ef1461cf,0afd8613df00,eba5ef1461cf-044,44,0,1,23,,107,0.22
20261001T111152Z-8adcb79,eba5ef1461cf,0afd8613df00,eba5ef1461cf-045,45,0,1,103,,106,0.28
20261001T111152Z-8adcb79,eba5ef1461cf,0afd8613df00,eba5ef1461cf-046,46,0,1,102,,105,0.21
20261001T111152Z-8adcb79,eba5ef1461cf,0afd8613df00,eba5ef1461cf-047,47,0,0,,,104,0.39
20261001T111152Z-8adcb79,eba5ef1461cf,0afd8613df00,eba5ef1461cf-048,48,0,1,101,,103,0.17
20261001T111152Z-8adcb79,eba5ef1461cf,0afd8613df00,eba5ef1461cf-049,49,0,1,55,,102,0.3
20261001T111152Z-8adcb79,eba5ef1461cf,0afd8613df00,eba5ef1461cf-050,50,0,1,100,,101,0.2
20261001T111152Z-8adcb79,eba5ef1461cf,0afd8613df00,eba5ef1461cf-051,51,0,1,,,100,0.25
20261001T111152Z-8adcb79,eba5ef1461cf,0afd8613df00,eba5ef1461cf-052,52,0,0,,,99,0.23
20261001T111152Z-8adcb79,eba5ef1461cf,0afd8613df00,eba5ef1461cf-053,53,0,0,,,98,0.22
20261001T111152Z-8adcb79,eba5ef1461cf,0afd8613df00,eba5ef1461cf-054,54,0,1,,,97,0.24
20261001T111152Z-8adcb79,eba5ef1461cf,0afd8613df00,eba5ef1461cf-055,55,0,1,99,2,96,0.19
20261001T111152Z-8adcb79,eba5ef1461cf,0afd8613df00,eba5ef1461cf-056,56,0,1,54,,95,0.28
20261001T111152Z-8adcb79,eba5ef1461cf,0afd8613df00,eba5ef1461cf-057,57,0,1,,,94,0.17
20261001T111152Z-8adcb79,eba5ef1461cf,0afd8613df00,eba5ef1461cf-058,58,0,1,98,,93,0.37
20261001T111152Z-8adcb79,eba5ef1461cf,0afd8613df00,eba5ef1461cf-059,59,0,1,,,92,0.21
20261001T111152Z-8adcb79,eba5ef1461cf,0afd8613df00,eba5ef1461cf-060,60,0,1,,,91,0.19
20261001T111152Z-8adcb79,eba5ef1461cf,0afd8613df00,eba5ef1461cf-061,61,0,1,,,90,0.37
20261001T111152Z-8adcb79,eba5ef1461cf,0afd8613df00,eba5ef1461cf-062,62,0,1,97,,89,0.35
20261001T111152Z-8adcb79,eba5ef1461cf,0afd8613df00,eba5ef1461cf-063,63,0,1,53,,88,0.28
20261001T111152Z-8adcb79,eba5ef1461cf,0afd8613df00,eba5ef1461cf-064,64,0,1,96,,87,0.2
20261001T111152Z-8adcb79,eba5ef1461cf,0afd8613df00,eba5ef1461cf-065,65,0,1,,,86,0.19
20261001T111152Z-8adcb79,eba5ef1461cf,0afd8613df00,eba5ef1461cf-066,66,0,1,,,85,0.17
20261001T111152Z-8adcb79,eba5ef1461cf,0afd8613df00,eba5ef1461cf-067,67,0,1,52,,84,0.29
20261001T111152Z-8adcb79,eba5ef1461cf,0afd8613df00,eba5ef1461cf-068,68,0,1,,,83,0.19
20261001T111152Z-8adcb79,eba5ef1461cf,0afd8613df00,eba5ef1461cf-069,69,0,1,51,,82,0.25
20261001T111152Z-8adcb79,eba5ef1461cf,0afd8613df00,eba5ef1461cf-070,70,0,1,16,,81,0.26
20261001T111152Z-8adcb79,eba5ef1461cf,0afd8613df00,eba5ef1461cf-071,71,0,1,50,,80,0.32
20261001T111152Z-8adcb79,eba5ef1461cf,0afd8613df00,eba5ef1461cf-072,72,0,1,22,,79,0.33
20261001T111152Z-8adcb79,eba5ef1461cf,0afd8613df00,eba5ef1461cf-073,73,0,1,95,,78,0.32
20261001T111152Z-8adcb79,eba5ef1461cf,0afd8613df00,eba5ef1461cf-074,74,0,1,15,,77,0.25
20261001T111152Z-8adcb79,eba5ef1461cf,0afd8613df00,eba5ef1461cf-075,75,0,1,14,,76,0.28
20261001T111152Z-8adcb79,eba5ef1461cf,0afd8613df00,eba5ef1461cf-076,76,0,1,94,,75,0.23
20261001T111152Z-8adcb79,eba5ef1461cf,0afd8613df00,eba5ef1461cf-077,77,0,1,49,,74,0.24
20261001T111152Z-8adcb79,eba5ef1461cf,0afd8613df00,eba5ef1461cf-078,78,0,1,48,,73,0.21
20261001T111152Z-8adcb79,eba5ef1461cf,0afd8613df00,eba5ef1461cf-079,79,0,1,47,,72,0.33
20261001T111152Z-8adcb79,eba5ef1461cf,0afd8613df00,eba5ef1461cf-080,80,0,1,,,71,0.23
20261001T111152Z-8adcb79,eba5ef1461cf,0afd8613df00,eba5ef1461cf-081,81,0,1,36,,70,0.34
20261001T111152Z-8adcb79,eba5ef1461cf,0afd8613df00,eba5ef1461cf-082,82,0,0,,,69,0.47
20261001T111152Z-8adcb79,eba5ef1461cf,0afd8613df00,eba5ef1461cf-083,83,0,1,35,,68,0.39
20261001T111152Z-8adcb79,eba5ef1461cf,0afd8613df00,eba5ef1461cf-084,84,0,1,46,,67,0.37
20261001T111152Z-8adcb79,eba5ef1461cf,0afd8613df00,eba5ef1461cf-085,85,0,1,21,,66,0.36
20261001T111152Z-8adcb79,eba5ef1461cf,0afd8613df00,eba5ef1461cf-086,86,0,1,1,,65,0.26
20261001T111152Z-8adcb79,eba5ef1461cf,0afd8613df00,eba5ef1461cf-087,87,0,1,45,,64,0.17
20261001T111152Z-8adcb79,eba5ef1461cf,0afd8613df00,eba5ef1461cf-088,88,0,1,93,,63,0.33
20261001T111152Z-8adcb79,eba5ef1461cf,0afd8613df00,eba5ef1461cf-089,89,0,1,3,,62,0.25
20261001T111152Z-8adcb79,eba5ef1461cf,0afd8613df00,eba5ef1461cf-090,90,0,1,92,29,61,0.26
20261001T111152Z-8adcb79,eba5ef1461cf,0afd8613df00,eba5ef1461cf-091,91,0,1,91,,60,0.24
20261001T111152Z-8adcb79,eba5ef1461cf,0afd8613df00,eba5ef1461cf-092,92,0,1,90,,59,0.21
20261001T111152Z-8adcb79,eba5ef1461cf,0afd8613df00,eba5ef1461cf-093,93,0,1,89,14,58,0.28
20261001T111152Z-8adcb79,eba5ef1461cf,0afd8613df00,eba5ef1461cf-094,94,0,1,88,,57,0.28
20261001T111152Z-8adcb79,eba5ef1461cf,0afd8613df00,eba5ef1461cf-095,95,0,1,87,,56,0.26
20261001T111152Z-8adcb79,eba5ef1461cf,0afd8613df00,eba5ef1461cf-096,96,0,1,86,6,55,0.28
20261001T111152Z-8adcb79,eba5ef1461cf,0afd8613df00,eba5ef1461cf-097,97,0,1,85,,54,0.28
20261001T111152Z-8adcb79,eba5ef1461cf,0afd8613df00,eba5ef1461cf-098,98,0,1,44,,53,0.29
20261001T111152Z-8adcb79,eba5ef1461cf,0afd8613df00,eba5ef1461cf-099,99,0,1,84,,52,0.25
20261001T111152Z-8adcb79,eba5ef1461cf,0afd8613df00,eba5ef1461cf-100,100,0,1,83,19,51,0.28
20261001T111152Z-8adcb79,eba5ef1461cf,0afd8613df00,eba5ef1461cf-101,101,0,1,82,,50,0.25
20261001T111152Z-8adcb79,eba5ef1461cf,0afd8613df00,eba5ef1461cf-102,102,0,1,81,,49,0.25
20261001T111152Z-8adcb79,eba5ef1461cf,0afd8613df00,eba5ef1461cf-103,103,0,1,80,,48,0.27
20261001T111152Z-8adcb79,eba5ef1461cf,0afd8613df00,eba5ef1461cf-104,104,0,1,79,,47,0.25
20261001T111152Z-8adcb79,eba5ef1461cf,0afd8613df00,eba5ef1461cf-105,105,0,1,78,,46,0.31
20261001T111152Z-8adcb79,eba5ef1461cf,0afd8613df00,eba5ef1461cf-106,106,0,1,9,,45,0.2
20261001T111152Z-8adcb79,eba5ef1461cf,0afd8613df00,eba5ef1461cf-107,107,0,1,20,,44,0.23
20261001T111152Z-8adcb79,eba5ef1461cf,0afd8613df00,eba5ef1461cf-108,108,0,1,77,9,43,0.29
20261001T111152Z-8adcb79,eba5ef1461cf,0afd8613df00,eba5ef1461cf-109,109,0,1,76,15,42,0.29
20261001T111152Z-8adcb79,eba5ef1461cf,0afd8613df00,eba5ef1461cf-110,110,0,1,75,25,41,0.31
20261001T111152Z-8adcb79,eba5ef1461cf,0afd8613df00,eba5ef1461cf-111,111,0,1,34,,40,0.29
20261001T111152Z-8adcb79,eba5ef1461cf,0afd8613df00,eba5ef1461cf-112,112,0,0,,13,39,0.33
20261001T111152Z-8adcb79,eba5ef1461cf,0afd8613df00,eba5ef1461cf-113,113,0,0,,12,38,0.29
20261001T111152Z-8adcb79,eba5ef1461cf,0afd8613df00,eba5ef1461cf-114,114,0,0,,18,37,0.34
20261001T111152Z-8adcb79,eba5ef1461cf,0afd8613df00,eba5ef1461cf-115,115,0,0,,20,36,0.31
20261001T111152Z-8adcb79,eba5ef1461cf,0afd8613df00,eba5ef1461cf-116,116,0,1,74,24,35,0.45
20261001T111152Z-8adcb79,eba5ef1461cf,0afd8613df00,eba5ef1461cf-117,117,0,1,33,,34,0.38
20261001T111152Z-8adcb79,eba5ef1461cf,0afd8613df00,eba5ef1461cf-118,118,0,1,73,,33,0.42
20261001T111152Z-8adcb79,eba5ef1461cf,0afd8613df00,eba5ef1461cf-119,119,0,1,32,,32,0.32
20261001T111152Z-8adcb79,eba5ef1461cf,0afd8613df00,eba5ef1461cf-120,120,0,1,19,8,31,0.26
20261001T111152Z-8adcb79,eba5ef1461cf,0afd8613df00,eba5ef1461cf-121,121,0,1,72,,30,0.24
20261001T111152Z-8adcb79,eba5ef1461cf,0afd8613df00,eba5ef1461cf-122,122,0,0,,11,29,0.29
20261001T111152Z-8adcb79,eba5ef1461cf,0afd8613df00,eba5ef1461cf-123,123,0,1,2,,28,0.4
20261001T111152Z-8adcb79,eba5ef1461cf,0afd8613df00,eba5ef1461cf-124,124,0,1,13,,27,0.44
20261001T111152Z-8adcb79,eba5ef1461cf,0afd8613df00,eba5ef1461cf-125,125,0,0,,17,26,0.37
20261001T111152Z-8adcb79,eba5ef1461cf,0afd8613df00,eba5ef1461cf-126,126,0,0,,1,25,0.34
20261001T111152Z-8adcb79,eba5ef1461cf,0afd8613df00,eba5ef1461cf-127,127,0,1,43,,24,0.39
20261001T111152Z-8adcb79,eba5ef1461cf,0afd8613df00,eba5ef1461cf-128,128,0,1,71,26,23,0.24
20261001T111152Z-8adcb79,eba5ef1461cf,0afd8613df00,eba5ef1461cf-129,129,0,1,4,,22,0.35
20261001T111152Z-8adcb79,eba5ef1461cf,0afd8613df00,eba5ef1461cf-130,130,0,1,12,,21,0.21
20261001T111152Z-8adcb79,eba5ef1461cf,0afd8613df00,eba5ef1461cf-131,131,0,1,70,,20,0.17
20261001T111152Z-8adcb79,eba5ef1461cf,0afd8613df00,eba5ef1461cf-132,132,0,1,11,,19,0.23
20261001T111152Z-8adcb79,eba5ef1461cf,0afd8613df00,eba5ef1461cf-133,133,1,1,69,7,18,0.5
20261001T111152Z-8adcb79,eba5ef1461cf,0afd8613df00,eba5ef1461cf-134,134,0,1,68,,17,0.34
20261001T111152Z-8adcb79,eba5ef1461cf,0afd8613df00,eba5ef1461cf-135,135,0,1,67,3,16,0.38
20261001T111152Z-8adcb79,eba5ef1461cf,0afd8613df00,eba5ef1461cf-136,136,0,1,42,,15,0.26
20261001T111152Z-8adcb79,eba5ef1461cf,0afd8613df00,eba5ef1461cf-137,137,0,1,7,,14,0.44
20261001T111152Z-8adcb79,eba5ef1461cf,0afd8613df00,eba5ef1461cf-138,138,0,1,18,,13,0.25
20261001T111152Z-8adcb79,eba5ef1461cf,0afd8613df00,eba5ef1461cf-139,139,0,1,6,4,12,0.29
20261001T111152Z-8adcb79,eba5ef1461cf,0afd8613df00,eba5ef1461cf-140,140,0,1,17,,11,0.31
20261001T111152Z-8adcb79,eba5ef1461cf,0afd8613df00,eba5ef1461cf-141,141,0,1,5,,10,0.24
20261001T111152Z-8adcb79,eba5ef1461cf,0afd8613df00,eba5ef1461cf-142,142,0,1,66,,9,0.33
20261001T111152Z-8adcb79,eba5ef1461cf,0afd8613df00,eba5ef1461cf-143,143,0,1,31,,8,0.32
20261001T111152Z-8adcb79,eba5ef1461cf,0afd8613df00,eba5ef1461cf-144,144,0,1,30,,7,0.27
20261001T111152Z-8adcb79,eba5ef1461cf,0afd8613df00,eba5ef1461cf-145,145,0,1,41,,6,0.32
20261001T111152Z-8adcb79,eba5ef1461cf,0afd8613df00,eba5ef1461cf-146,146,0,1,8,,5,0.22
20261001T111152Z-8adcb79,eba5ef1461cf,0afd8613df00,eba5ef1461cf-147,147,0,1,29,,4,0.3
20261001T111152Z-8adcb79,eba5ef1461cf,0afd8613df00,eba5ef1461cf-148,148,0,1,28,,3,0.24
20261001T111152Z-8adcb79,eba5ef1461cf,0afd8613df00,eba5ef1461cf-149,149,0,1,65,,2,0.23
20261001T111152Z-8adcb79,eba5ef1461cf,0afd8613df00,eba5ef1461cf-150,150,0,0,,22,1,0.29
20261001T111152Z-8adcb79,f238caf59e55,b87bb92ba378,f238caf59e55-001,1,0,1,19,,150,0.26
20261001T111152Z-8adcb79,f238caf59e55,b87bb92ba378,f238caf59e55-002,2,0,1,,,149,0.23
20261001T111152Z-8adcb79,f238caf59e55,b87bb92ba378,f238caf59e55-003,3,0,1,83,,148,0.3
20261001T111152Z-8adcb79,f238caf59e55,b87bb92ba378,f238caf59e55-004,4,0,1,16,,147,0.23
20261001T111152Z-8adcb79,f238caf59e55,b87bb92ba378,f238caf59e55-005,5,0,1,,,146,0.29
20261001T111152Z-8adcb79,f238caf59e55,b87bb92ba378,f238caf59e55-006,6,0,0,,,145,0.32
20261001T111152Z-8adcb79,f238caf59e55,b87bb92ba378,f238caf59e55-007,7,0,1,123,,144,0.38
20261001T111152Z-8adcb79,f238caf59e55,b87bb92ba378,f238caf59e55-008,8,0,1,95,,143,0.43
20261001T111152Z-8adcb79,f238caf59e55,b87bb92ba378,f238caf59e55-009,9,0,1,122,,142,0.34
20261001T111152Z-8adcb79,f238caf59e55,b87bb92ba378,f238caf59e55-010,10,0,1,121,,141,0.26
20261001T111152Z-8adcb79,f238caf59e55,b87bb92ba378,f238caf59e55-011,11,0,1,94,,140,0.27
20261001T111152Z-8adcb79,f238caf59e55,b87bb92ba378,f238caf59e55-012,12,0,1,56,,139,0.26
20261001T111152Z-8adcb79,f238caf59e55,b87bb92ba378,f238caf59e55-013,13,0,1,26,,138,0.35
20261001T111152Z-8adcb79,f238caf59e55,b87bb92ba378,f238caf59e55-014,14,0,1,,,137,0.25
20261001T111152Z-8adcb79,f238caf59e55,b87bb92ba378,f238caf59e55-015,15,0,1,34,,136,0.23
20261001T111152Z-8adcb79,f238caf59e55,b87bb92ba378,f238caf59e55-016,16,0,1,,,135,0.24
20261001T111152Z-8adcb79,f238caf59e55,b87bb92ba378,f238caf59e55-017,17,0,1,82,18,134,0.23
20261001T111152Z-8adcb79,f238caf59e55,b87bb92ba378,f238caf59e55-018,18,0,1,93,,133,0.24
20261001T111152Z-8adcb79,f238caf59e55,b87bb92ba378,f238caf59e55-019,19,0,1,120,,132,0.19
20261001T111152Z-8adcb79,f238caf59e55,b87bb92ba378,f238caf59e55-020,20,0,1,92,,131,0.18
20261001T111152Z-8adcb79,f238caf59e55,b87bb92ba378,f238caf59e55-021,21,0,1,119,,130,0.17
20261001T111152Z-8adcb79,f238caf59e55,b87bb92ba378,f238caf59e55-022,22,0,1,,,129,0.31
20261001T111152Z-8adcb79,f238caf59e55,b87bb92ba378,f238caf59e55-023,23,0,1,91,,128,0.18
20261001T111152Z-8adcb79,f238caf59e55,b87bb92ba378,f238caf59e55-024,24,0,1,90,,127,0.16
20261001T111152Z-8adcb79,f238caf59e55,b87bb92ba378,f238caf59e55-025,25,0,1,,,126,0.3
20261001T111152Z-8adcb79,f238caf59e55,b87bb92ba378,f238caf59e55-026,26,0,1,89,8,125,0.28
20261001T111152Z-8adcb79,f238caf59e55,b87bb92ba378,f238caf59e55-027,27,0,1,81,,124,0.27
20261001T111152Z-8adcb79,f238caf59e55,b87bb92ba378,f238caf59e55-028,28,0,1,,13,123,0.32
20261001T111152Z-8adcb79,f238caf59e55,b87bb92ba378,f238caf59e55-029,29,0,1,,,122,0.23
20261001T111152Z-8adcb79,f238caf59e55,b87bb92ba378,f238caf59e55-030,30,0,1,,19,121,0.27
20261001T111152Z-8adcb79,f238caf59e55,b87bb92ba378,f238caf59e55-031,31,0,1,15,,120,0.22
20261001T111152Z-8adcb79,f238caf59e55,b87bb92ba378,f238caf59e55-032,32,0,1,55,,119,0.2
20261001T111152Z-8adcb79,f238caf59e55,b87bb92ba378,f238caf59e55-033,33,0,1,118,,118,0.23
20261001T111152Z-8adcb79,f238caf59e55,b87bb92ba378,f238caf59e55-034,34,0,1,67,,117,0.24
20261001T111152Z-8adcb79,f238caf59e55,b87bb92ba378,f238caf59e55-035,35,0,1,54,,116,0.17
20261001T111152Z-8adcb79,f238caf59e55,b87bb92ba378,f238caf59e55-036,36,0,1,39,,115,0.13
20261001T111152Z-8adcb79,f238caf59e55,b87bb92ba378,f238caf59e55-037,37,0,1,53,,114,0.19
20261001T111152Z-8adcb79,f238caf59e55,b87bb92ba378,f238caf59e55-038,38,0,1,66,,113,0.2
20261001T111152Z-8adcb79,f238caf59e55,b87bb92ba378,f238caf59e55-039,39,0,1,88,,112,0.17
20261001T111152Z-8adcb79,f238caf59e55,b87bb92ba378,f238caf59e55-040,40,0,1,87,,111,0.31
20261001T111152Z-8adcb79,f238caf59e55,b87bb92ba378,f238caf59e55-041,41,0,1,80,,110,0.17
20261001T111152Z-8adcb79,f238caf59e55,b87bb92ba378,f238caf59e55-042,42,0,1,79,,109,0.21
20261001T111152Z-8adcb79,f238caf59e55,b87bb92ba378,f238caf59e55-043,43,0,0,,10,108,0.16
20261001T111152Z-8adcb79,f238caf59e55,b87bb92ba378,f238caf59e55-044,44,0,1,52,,107,0.33
20261001T111152Z-8adcb79,f238caf59e55,b87bb92ba378,f238caf59e55-045,45,0,1,,,106,0.34
20261001T111152Z-8adcb79,f238caf59e55,b87bb92ba378,f238caf59e55-046,46,0,1,,,105,0.3
20261001T111152Z-8adcb79,f238caf59e55,b87bb92ba378,f238caf59e55-047,47,0,1,78,6,104,0.31
20261001T111152Z-8adcb79,f238caf59e55,b87bb92ba378,f238caf59e55-048,48,0,1,71,,103,0.21
20261001T111152Z-8adcb79,f238caf59e55,b87bb92ba378,f238caf59e55-049,49,0,1,51,,102,0.23
20261001T111152Z-8adcb79,f238caf59e55,b87bb92ba378,f238caf59e55-050,50,0,1,70,,101,0.24
20261001T111152Z-8adcb79,f238caf59e55,b87bb92ba378,f238caf59e55-051,51,0,1,,,100,0.2
20261001T111152Z-8adcb79,f238caf59e55,b87bb92ba378,f238caf59e55-052,52,0,1,117,,99,0.28
20261001T111152Z-8adcb79,f238caf59e55,b87bb92ba378,f238caf59e55-053,53,0,1,,2,98,0.29
20261001T111152Z-8adcb79,f238caf59e55,b87bb92ba378,f238caf59e55-054,54,0,1,,11,97,0.32
20261001T111152Z-8adcb79,f238caf59e55,b87bb92ba378,f238caf59e55-055,55,0,1,,1,96,0.27
20261001T111152Z-8adcb79,f238caf59e55,b87bb92ba378,f238caf59e55-056,56,0,1,43,,95,0.21
20261001T111152Z-8adcb79,f238caf59e55,b87bb92ba378,f238caf59e55-057,57,0,1,65,7,94,0.25
20261001T111152Z-8adcb79,f238caf59e55,b87bb92ba378,f238caf59e55-058,58,0,1,46,,93,0.14
20261001T111152Z-8adcb79,f238caf59e55,b87bb92ba378,f238caf59e55-059,59,0,1,64,,92,0.19
20261001T111152Z-8adcb79,f238caf59e55,b87bb92ba378,f238caf59e55-060,60,0,1,,,91,0.26
20261001T111152Z-8adcb79,f238caf59e55,b87bb92ba378,f238caf59e55-061,61,0,1,116,,90,0.44
20261001T111152Z-8adcb79,f238caf59e55,b87bb92ba378,f238caf59e55-062,62,0,1,,5,89,0.33
20261001T111152Z-8adcb79,f238caf59e55,b87bb92ba378,f238caf59e55-063,63,0,1,,,88,0.27
20261001T111152Z-8adcb79,f238caf59e55,b87bb92ba378,f238caf59e55-064,64,0,1,,,87,0.32
20261001T111152Z-8adcb79,f238caf59e55,b87bb92ba378,f238caf59e55-065,65,0,1,,,86,0.33
20261001T111152Z-8adcb79,f238caf59e55,b87bb92ba378,f238caf59e55-066,66,0,1,86,16,85,0.38
20261001T111152Z-8adcb79,f238caf59e55,b87bb92ba378,f238caf59e55-067,67,0,1,,,84,0.24
20261001T111152Z-8adcb79,f238caf59e55,b87bb92ba378,f238caf59e55-068,68,0,1,77,,83,0.33
20261001T111152Z-8adcb79,f238caf59e55,b87bb92ba378,f238caf59e55-069,69,0,1,115,4,82,0.2
20261001T111152Z-8adcb79,f238caf59e55,b87bb92ba378,f238caf59e55-070,70,0,1,76,,81,0.18
20261001T111152Z-8adcb79,f238caf59e55,b87bb92ba378,f238caf59e55-071,71,0,1,85,,80,0.23
20261001T111152Z-8adcb79,f238caf59e55,b87bb92ba378,f238caf59e55-072,72,0,1,63,,79,0.21
20261001T111152Z-8adcb79,f238caf59e55,b87bb92ba378,f238caf59e55-073,73,0,1,7,,78,0.21
20261001T111152Z-8adcb79,f238caf59e55,b87bb92ba378,f238caf59e55-074,74,0,1,17,,77,0.22
20261001T111152Z-8adcb79,f238caf59e55,b87bb92ba378,f238caf59e55-075,75,0,1,14,,76,0.22
20261001T111152Z-8adcb79,f238caf59e55,b87bb92ba378,f238caf59e55-076,76,0,1,75,,75,0.35
20261001T111152Z-8adcb79,f238caf59e55,b87bb92ba378,f238caf59e55-077,77,0,1,45,,74,0.23
20261001T111152Z-8adcb79,f238caf59e55,b87bb92ba378,f238caf59e55-078,78,0,0,,,73,0.21
20261001T111152Z-8adcb79,f238caf59e55,b87bb92ba378,f238caf59e55-079,79,0,1,12,,72,0.25
20261001T111152Z-8adcb79,f238caf59e55,b87bb92ba378,f238caf59e55-080,80,0,1,33,,71,0.2
20261001T111152Z-8adcb79,f238caf59e55,b87bb92ba378,f238caf59e55-081,81,0,1,3,,70,0.22
20261001T111152Z-8adcb79,f238caf59e55,b87bb92ba378,f238caf59e55-082,82,0,1,38,,69,0.22
20261001T111152Z-8adcb79,f238caf59e55,b87bb92ba378,f238caf59e55-083,83,0,1,32,,68,0.2
20261001T111152Z-8adcb79,f238caf59e55,b87bb92ba378,f238caf59e55-084,84,0,1,50,,67,0.2
20261001T111152Z-8adcb79,f238caf59e55,b87bb92ba378,f238caf59e55-085,85,0,0,,,66,0.28
20261001T111152Z-8adcb79,f238caf59e55,b87bb92ba378,f238caf59e55-086,86,0,0,,,65,0.21
20261001T111152Z-8adcb79,f238caf59e55,b87bb92ba378,f238caf59e55-087,87,0,1,21,,64,0.21
20261001T111152Z-8adcb79,f238caf59e55,b87bb92ba378,f238caf59e55-088,88,0,1,24,,63,0.17
20261001T111152Z-8adcb79,f238caf59e55,b87bb92ba378,f238caf59e55-089,89,0,1,49,,62,0.29
20261001T111152Z-8adcb79,f238caf59e55,b87bb92ba378,f238caf59e55-090,90,0,1,31,,61,0.21
20261001T111152Z-8adcb79,f238caf59e55,b87bb92ba378,f238caf59e55-091,91,0,1,62,,60,0.2
20261001T111152Z-8adcb79,f238caf59e55,b87bb92ba378,f238caf59e55-092,92,0,1,44,,59,0.42
20261001T111152Z-8adcb79,f238caf59e55,b87bb92ba378,f238caf59e55-093,93,0,1,74,12,58,0.45
20261001T111152Z-8adcb79,f238caf59e55,b87bb92ba378,f238caf59e55-094,94,0,1,73,20,57,0.44
20261001T111152Z-8adcb79,f238caf59e55,b87bb92ba378,f238caf59e55-095,95,0,1,6,,56,0.23
20261001T111152Z-8adcb79,f238caf59e55,b87bb92ba378,f238caf59e55-096,96,0,1,114,15,55,0.26
20261001T111152Z-8adcb79,f238caf59e55,b87bb92ba378,f238caf59e55-097,97,0,1,113,,54,0.24
20261001T111152Z-8adcb79,f238caf59e55,b87bb92ba378,f238caf59e55-098,98,0,1,61,,53,0.24
20261001T111152Z-8adcb79,f238caf59e55,b87bb92ba378,f238caf59e55-099,99,0,1,20,,52,0.29
20261001T111152Z-8adcb79,f238caf59e55,b87bb92ba378,f238caf59e55-100,100,0,1,42,,51,0.2
20261001T111152Z-8adcb79,f238caf59e55,b87bb92ba378,f238caf59e55-101,101,0,1,69,,50,0.26
20261001T111152Z-8adcb79,f238caf59e55,b87bb92ba378,f238caf59e55-102,102,0,1,23,,49,0.21
20261001T111152Z-8adcb79,f238caf59e55,b87bb92ba378,f238caf59e55-103,103,0,1,41,,48,0.27
20261001T111152Z-8adcb79,f238caf59e55,b87bb92ba378,f238caf59e55-104,104,0,1,112,,47,0.29
20261001T111152Z-8adcb79,f238caf59e55,b87bb92ba378,f238caf59e55-105,105,0,1,111,,46,0.35
20261001T111152Z-8adcb79,f238caf59e55,b87bb92ba378,f238caf59e55-106,106,0,1,110,,45,0.31
20261001T111152Z-8adcb79,f238caf59e55,b87bb92ba378,f238caf59e55-107,107,0,1,5,,44,0.24
20261001T111152Z-8adcb79,f238caf59e55,b87bb92ba378,f238caf59e55-108,108,0,1,2,,43,0.26
20261001T111152Z-8adcb79,f238caf59e55,b87bb92ba378,f238caf59e55-109,109,0,1,11,14,42,0.26
20261001T111152Z-8adcb79,f238caf59e55,b87bb92ba378,f238caf59e55-110,110,0,1,30,,41,0.25
20261001T111152Z-8adcb79,f238caf59e55,b87bb92ba378,f238caf59e55-111,111,0,1,37,,40,0.25
20261001T111152Z-8adcb79,f238caf59e55,b87bb92ba378,f238caf59e55-112,112,0,1,60,,39,0.22
20261001T111152Z-8adcb79,f238caf59e55,b87bb92ba378,f238caf59e55-113,113,0,1,84,,38,0.22
20261001T111152Z-8adcb79,f238caf59e55,b87bb92ba378,f238caf59e55-114,114,0,1,10,,37,0.18
20261001T111152Z-8adcb79,f238caf59e55,b87bb92ba378,f238caf59e55-115,115,0,1,48,,36,0.24
20261001T111152Z-8adcb79,f238caf59e55,b87bb92ba378,f238caf59e55-116,116,0,1,59,,35,0.32
20261001T111152Z-8adcb79,f238caf59e55,b87bb92ba378,f238caf59e55-117,117,0,1,36,,34,0.27
20261001T111152Z-8adcb79,f238caf59e55,b87bb92ba378,f238caf59e55-118,118,0,1,109,,33,0.23
20261001T111152Z-8adcb79,f238caf59e55,b87bb92ba378,f238caf59e55-119,119,0,1,108,,32,0.22
20261001T111152Z-8adcb79,f238caf59e55,b87bb92ba378,f238caf59e55-120,120,0,1,107,,31,0.22
20261001T111152Z-8adcb79,f238caf59e55,b87bb92ba378,f238caf59e55-121,121,0,1,106,,30,0.26
20261001T111152Z-8adcb79,f238caf59e55,b87bb92ba378,f238caf59e55-122,122,0,1,47,,29,0.17
20261001T111152Z-8adcb79,f238caf59e55,b87bb92ba378,f238caf59e55-123,123,0,1,40,,28,0.2
20261001T111152Z-8adcb79,f238caf59e55,b87bb92ba378,f238caf59e55-124,124,0,1,68,,27,0.22
20261001T111152Z-8adcb79,f238caf59e55,b87bb92ba378,f238caf59e55-125,125,0,1,29,,26,0.26
20261001T111152Z-8adcb79,f238caf59e55,b87bb92ba378,f238caf59e55-126,126,0,1,28,3,25,0.2
20261001T111152Z-8adcb79,f238caf59e55,b87bb92ba378,f238caf59e55-127,127,0,1,8,17,24,0.23
20261001T111152Z-8adcb79,f238caf59e55,b87bb92ba378,f238caf59e55-128,128,0,1,4,9,23,0.23
20261001T111152Z-8adcb79,f238caf59e55,b87bb92ba378,f238caf59e55-129,129,0,1,27,,22,0.33
20261001T111152Z-8adcb79,f238caf59e55,b87bb92ba378,f238caf59e55-130,130,0,1,13,,21,0.27
20261001T111152Z-8adcb79,f238caf59e55,b87bb92ba378,f238caf59e55-131,131,0,1,18,,20,0.2
20261001T111152Z-8adcb79,f238caf59e55,b87bb92ba378,f238caf59e55-132,132,0,1,105,,19,0.25
20261001T111152Z-8adcb79,f238caf59e55,b87bb92ba378,f238caf59e55-133,133,0,1,1,,18,0.26
20261001T111152Z-8adcb79,f238caf59e55,b87bb92ba378,f238caf59e55-134,134,0,1,25,,17,0.23
20261001T111152Z-8adcb79,f238caf59e55,b87bb92ba378,f238caf59e55-135,135,0,1,58,,16,0.42
20261001T111152Z-8adcb79,f238caf59e55,b87bb92ba378,f238caf59e55-136,136,0,1,57,,15,0.31
20261001T111152Z-8adcb79,f238caf59e55,b87bb92ba378,f238caf59e55-137,137,0,1,35,,14,0.2
20261001T111152Z-8adcb79,f238caf59e55,b87bb92ba378,f238caf59e55-138,138,0,1,104,,13,0.22
20261001T111152Z-8adcb79,f238caf59e55,b87bb92ba378,f238caf59e55-139,139,0,1,103,,12,0.22
20261001T111152Z-8adcb79,f238caf59e55,b87bb92ba378,f238caf59e55-140,140,0,1,102,,11,0.17
20261001T111152Z-8adcb79,f238caf59e55,b87bb92ba378,f238caf59e55-141,141,0,1,101,,10,0.2
20261001T111152Z-8adcb79,f238caf59e55,b87bb92ba378,f238caf59e55-142,142,0,1,100,,9,0.18
20261001T111152Z-8adcb79,f238caf59e55,b87bb92ba378,f238caf59e55-143,143,0,1,22,,8,0.26
20261001T111152Z-8adcb79,f238caf59e55,b87bb92ba378,f238caf59e55-144,144,0,1,99,,7,0.23
20261001T111152Z-8adcb79,f238caf59e55,b87bb92ba378,f238caf59e55-145,145,0,1,98,,6,0.2
20261001T111152Z-8adcb79,f238caf59e55,b87bb92ba378,f238caf59e55-146,146,0,1,9,,5,0.25
20261001T111152Z-8adcb79,f238caf59e55,b87bb92ba378,f238caf59e55-147,147,0,1,97,,4,0.2
20261001T111152Z-8adcb79,f238caf59e55,b87bb92ba378,f238caf59e55-148,148,0,1,96,,3,0.27
20261001T111152Z-8adcb79,f238caf59e55,b87bb92ba378,f238caf59e55-149,149,0,0,,,2,0.22
20261001T111152Z-8adcb79,f238caf59e55,b87bb92ba378,f238caf59e55-150,150,0,1,72,,1,0.3
20261001T111152Z-8adcb79,fa67ce83a62c,0afd8613df00,fa67ce83a62c-001,1,1,1,,,123,0.5
20261001T111152Z-8adcb79,fa67ce83a62c,0afd8613df00,fa67ce83a62c-002,2,1,1,12,,122,0.51
20261001T111152Z-8adcb79,fa67ce83a62c,0afd8613df00,fa67ce83a62c-003,3,0,1,,,121,0.44
20261001T111152Z-8adcb79,fa67ce83a62c,0afd8613df00,fa67ce83a62c-004,4,0,1,,,120,0.36
20261001T111152Z-8adcb79,fa67ce83a62c,0afd8613df00,fa67ce83a62c-005,5,0,1,,,119,0.34
20261001T111152Z-8adcb79,fa67ce83a62c,0afd8613df00,fa67ce83a62c-006,6,0,1,,,118,0.48
20261001T111152Z-8adcb79,fa67ce83a62c,0afd8613df00,fa67ce83a62c-007,7,0,1,,,117,0.28
20261001T111152Z-8adcb79,fa67ce83a62c,0afd8613df00,fa67ce83a62c-008,8,0,1,,,116,0.27
20261001T111152Z-8adcb79,fa67ce83a62c,0afd8613df00,fa67ce83a62c-009,9,0,1,,,115,0.31
20261001T111152Z-8adcb79,fa67ce83a62c,0afd8613df00,fa67ce83a62c-010,10,0,0,,,114,0.22
20261001T111152Z-8adcb79,fa67ce83a62c,0afd8613df00,fa67ce83a62c-011,11,0,0,,,113,0.28
20261001T111152Z-8adcb79,fa67ce83a62c,0afd8613df00,fa67ce83a62c-012,12,0,1,,,112,0.27
20261001T111152Z-8adcb79,fa67ce83a62c,0afd8613df00,fa67ce83a62c-013,13,0,1,,5,111,0.43
20261001T111152Z-8adcb79,fa67ce83a62c,0afd8613df00,fa67ce83a62c-014,14,1,1,11,,110,0.53
20261001T111152Z-8adcb79,fa67ce83a62c,0afd8613df00,fa67ce83a62c-015,15,0,1,,,109,0.39
20261001T111152Z-8adcb79,fa67ce83a62c,0afd8613df00,fa67ce83a62c-016,16,0,1,,,108,0.33
20261001T111152Z-8adcb79,fa67ce83a62c,0afd8613df00,fa67ce83a62c-017,17,0,1,,,107,0.3
20261001T111152Z-8adcb79,fa67ce83a62c,0afd8613df00,fa67ce83a62c-018,18,0,1,,,106,0.32
20261001T111152Z-8adcb79,fa67ce83a62c,0afd8613df00,fa67ce83a62c-019,19,0,0,,,105,0.2
20261001T111152Z-8adcb79,fa67ce83a62c,0afd8613df00,fa67ce83a62c-020,20,0,0,,,104,0.27
20261001T111152Z-8adcb79,fa67ce83a62c,0afd8613df00,fa67ce83a62c-021,21,0,1,,,103,0.3
20261001T111152Z-8adcb79,fa67ce83a62c,0afd8613df00,fa67ce83a62c-022,22,0,1,,,102,0.22
20261001T111152Z-8adcb79,fa67ce83a62c,0afd8613df00,fa67ce83a62c-023,23,0,1,,,101,0.2
20261001T111152Z-8adcb79,fa67ce83a62c,0afd8613df00,fa67ce83a62c-024,24,0,1,,,100,0.21
20261001T111152Z-8adcb79,fa67ce83a62c,0afd8613df00,fa67ce83a62c-025,25,0,1,,,99,0.26
20261001T111152Z-8adcb79,fa67ce83a62c,0afd8613df00,fa67ce83a62c-026,26,0,1,,,98,0.36
20261001T111152Z-8adcb79,fa67ce83a62c,0afd8613df00,fa67ce83a62c-027,27,0,1,,,97,0.39
20261001T111152Z-8adcb79,fa67ce83a62c,0afd8613df00,fa67ce83a62c-028,28,0,1,,,96,0.37
20261001T111152Z-8adcb79,fa67ce83a62c,0afd8613df00,fa67ce83a62c-029,29,0,1,,,95,0.44
20261001T111152Z-8adcb79,fa67ce83a62c,0afd8613df00,fa67ce83a62c-030,30,0,1,,,94,0.41
20261001T111152Z-8adcb79,fa67ce83a62c,0afd8613df00,fa67ce83a62c-031,31,0,1,,,93,0.34
20261001T111152Z-8adcb79,fa67ce83a62c,0afd8613df00,fa67ce83a62c-032,32,0,1,,,92,0.3
20261001T111152Z-8adcb79,fa67ce83a62c,0afd8613df00,fa67ce83a62c-033,33,0,1,,,91,0.28
20261001T111152Z-8adcb79,fa67ce83a62c,0afd8613df00,fa67ce83a62c-034,34,0,1,,,90,0.29
20261001T111152Z-8adcb79,fa67ce83a62c,0afd8613df00,fa67ce83a62c-035,35,0,1,,,89,0.42
20261001T111152Z-8adcb79,fa67ce83a62c,0afd8613df00,fa67ce83a62c-036,36,0,1,,,88,0.35
20261001T111152Z-8adcb79,fa67ce83a62c,0afd8613df00,fa67ce83a62c-037,37,0,1,,,87,0.43
20261001T111152Z-8adcb79,fa67ce83a62c,0afd8613df00,fa67ce83a62c-038,38,0,1,,,86,0.28
20261001T111152Z-8adcb79,fa67ce83a62c,0afd8613df00,fa67ce83a62c-039,39,0,1,,,85,0.26
20261001T111152Z-8adcb79,fa67ce83a62c,0afd8613df00,fa67ce83a62c-040,40,0,1,,,84,0.31
20261001T111152Z-8adcb79,fa67ce83a62c,0afd8613df00,fa67ce83a62c-041,41,0,1,,,83,0.25
20261001T111152Z-8adcb79,fa67ce83a62c,0afd8613df00,fa67ce83a62c-042,42,0,1,,,82,0.18
20261001T111152Z-8adcb79,fa67ce83a62c,0afd8613df00,fa67ce83a62c-043,43,0,1,,,81,0.25
20261001T111152Z-8adcb79,fa67ce83a62c,0afd8613df00,fa67ce83a62c-044,44,0,1,,,80,0.22
20261001T111152Z-8adcb79,fa67ce83a62c,0afd8613df00,fa67ce83a62c-045,45,0,1,,,79,0.23
20261001T111152Z-8adcb79,fa67ce83a62c,0afd8613df00,fa67ce83a62c-046,46,0,1,,,78,0.2
20261001T111152Z-8adcb79,fa67ce83a62c,0afd8613df00,fa67ce83a62c-047,47,0,1,,,77,0.3
20261001T111152Z-8adcb79,fa67ce83a62c,0afd8613df00,fa67ce83a62c-048,48,0,1,,,76,0.18
20261001T111152Z-8adcb79,fa67ce83a62c,0afd8613df00,fa67ce83a62c-049,49,0,1,,,75,0.26
20261001T111152Z-8adcb79,fa67ce83a62c,0afd8613df00,fa67ce83a62c-050,50,0,1,,,74,0.26
20261001T111152Z-8adcb79,fa67ce83a62c,0afd8613df00,fa67ce83a62c-051,51,0,1,,,73,0.21
20261001T111152Z-8adcb79,fa67ce83a62c,0afd8613df00,fa67ce83a62c-052,52,0,1,,,72,0.36
20261001T111152Z-8adcb79,fa67ce83a62c,0afd8613df00,fa67ce83a62c-053,53,0,1,,4,71,0.28
20261001T111152Z-8adcb79,fa67ce83a62c,0afd8613df00,fa67ce83a62c-054,54,0,1,,,70,0.28
20261001T111152Z-8adcb79,fa67ce83a62c,0afd8613df00,fa67ce83a62c-055,55,0,1,,,69,0.27
20261001T111152Z-8adcb79,fa67ce83a62c,0afd8613df00,fa67ce83a62c-056,56,0,1,,,68,0.23
20261001T111152Z-8adcb79,fa67ce83a62c,0afd8613df00,fa67ce83a62c-057,57,0,1,,,67,0.34
20261001T111152Z-8adcb79,fa67ce83a62c,0afd8613df00,fa67ce83a62c-058,58,0,1,,,66,0.37
20261001T111152Z-8adcb79,fa67ce83a62c,0afd8613df00,fa67ce83a62c-059,59,0,1,,,65,0.27
20261001T111152Z-8adcb79,fa67ce83a62c,0afd8613df00,fa67ce83a62c-060,60,0,1,,,64,0.41
20261001T111152Z-8adcb79,fa67ce83a62c,0afd8613df00,fa67ce83a62c-061,61,0,1,,,63,0.35
20261001T111152Z-8adcb79,fa67ce83a62c,0afd8613df00,fa67ce83a62c-062,62,0,1,,,62,0.28
20261001T111152Z-8adcb79,fa67ce83a62c,0afd8613df00,fa67ce83a62c-063,63,0,1,,,61,0.3
20261001T111152Z-8adcb79,fa67ce83a62c,0afd8613df00,fa67ce83a62c-064,64,0,1,,,60,0.32
20261001T111152Z-8adcb79,fa67ce83a62c,0afd8613df00,fa67ce83a62c-065,65,0,1,,,59,0.28
20261001T111152Z-8adcb79,fa67ce83a62c,0afd8613df00,fa67ce83a62c-066,66,0,1,,,58,0.24
20261001T111152Z-8adcb79,fa67ce83a62c,0afd8613df00,fa67ce83a62c-067,67,0,1,,,57,0.16
20261001T111152Z-8adcb79,fa67ce83a62c,0afd8613df00,fa67ce83a62c-068,68,0,1,,,56,0.18
20261001T111152Z-8adcb79,fa67ce83a62c,0afd8613df00,fa67ce83a62c-069,69,0,1,,,55,0.24
20261001T111152Z-8adcb79,fa67ce83a62c,0afd8613df00,fa67ce83a62c-070,70,0,1,,,54,0.21
20261001T111152Z-8adcb79,fa67ce83a62c,0afd8613df00,fa67ce83a62c-071,71,0,1,,,53,0.33
20261001T111152Z-8adcb79,fa67ce83a62c,0afd8613df00,fa67ce83a62c-072,72,0,1,,,52,0.34
20261001T111152Z-8adcb79,fa67ce83a62c,0afd8613df00,fa67ce83a62c-073,73,0,1,,,51,0.36
20261001T111152Z-8adcb79,fa67ce83a62c,0afd8613df00,fa67ce83a62c-074,74,0,1,,,50,0.35
20261001T111152Z-8adcb79,fa67ce83a62c,0afd8613df00,fa67ce83a62c-075,75,0,1,,,49,0.18
20261001T111152Z-8adcb79,fa67ce83a62c,0afd8613df00,fa67ce83a62c-076,76,0,1,,,48,0.23
20261001T111152Z-8adcb79,fa67ce83a62c,0afd8613df00,fa67ce83a62c-077,77,0,1,,,47,0.27
20261001T111152Z-8adcb79,fa67ce83a62c,0afd8613df00,fa67ce83a62c-078,78,0,1,,,46,0.24
20261001T111152Z-8adcb79,fa67ce83a62c,0afd8613df00,fa67ce83a62c-079,79,0,1,,,45,0.24
20261001T111152Z-8adcb79,fa67ce83a62c,0afd8613df00,fa67ce83a62c-080,80,0,1,,,44,0.3
20261001T111152Z-8adcb79,fa67ce83a62c,0afd8613df00,fa67ce83a62c-081,81,0,1,,,43,0.28
20261001T111152Z-8adcb79,fa67ce83a62c,0afd8613df00,fa67ce83a62c-082,82,0,1,,,42,0.33
20261001T111152Z-8adcb79,fa67ce83a62c,0afd8613df00,fa67ce83a62c-083,83,0,1,,,41,0.24
20261001T111152Z-8adcb79,fa67ce83a62c,0afd8613df00,fa67ce83a62c-084,84,0,1,,,40,0.29
20261001T111152Z-8adcb79,fa67ce83a62c,0afd8613df00,fa67ce83a62c-085,85,0,1,,,39,0.21
20261001T111152Z-8adcb79,fa67ce83a62c,0afd8613df00,fa67ce83a62c-086,86,0,1,,,38,0.19
20261001T111152Z-8adcb79,fa67ce83a62c,0afd8613df00,fa67ce83a62c-087,87,0,1,,,37,0.36
20261001T111152Z-8adcb79,fa67ce83a62c,0afd8613df00,fa67ce83a62c-088,88,0,1,,,36,0.32
20261001T111152Z-8adcb79,fa67ce83a62c,0afd8613df00,fa67ce83a62c-089,89,0,1,,,35,0.22
20261001T111152Z-8adcb79,fa67ce83a62c,0afd8613df00,fa67ce83a62c-090,90,0,1,,,34,0.33
20261001T111152Z-8adcb79,fa67ce83a62c,0afd8613df00,fa67ce83a62c-091,91,0,1,,,33,0.12
20261001T111152Z-8adcb79,fa67ce83a62c,0afd8613df00,fa67ce83a62c-092,92,0,1,,,32,0.22
20261001T111152Z-8adcb79,fa67ce83a62c,0afd8613df00,fa67ce83a62c-093,93,0,1,,,31,0.21
20261001T111152Z-8adcb79,fa67ce83a62c,0afd8613df00,fa67ce83a62c-094,94,0,0,,,30,0.11
20261001T111152Z-8adcb79,fa67ce83a62c,0afd8613df00,fa67ce83a62c-095,95,0,0,,,29,0.18
20261001T111152Z-8adcb79,fa67ce83a62c,0afd8613df00,fa67ce83a62c-096,96,0,1,,,28,0.24
20261001T111152Z-8adcb79,fa67ce83a62c,0afd8613df00,fa67ce83a62c-097,97,0,1,,,27,0.26
20261001T111152Z-8adcb79,fa67ce83a62c,0afd8613df00,fa67ce83a62c-098,98,0,1,,,26,0.33
20261001T111152Z-8adcb79,fa67ce83a62c,0afd8613df00,fa67ce83a62c-099,99,0,1,,,25,0.2
20261001T111152Z-8adcb79,fa67ce83a62c,0afd8613df00,fa67ce83a62c-100,100,0,1,,,24,0.27
20261001T111152Z-8adcb79,fa67ce83a62c,0afd8613df00,fa67ce83a62c-101,101,0,1,,,23,0.28
20261001T111152Z-8adcb79,fa67ce83a62c,0afd8613df00,fa67ce83a62c-102,102,0,1,,,22,0.27
20261001T111152Z-8adcb79,fa67ce83a62c,0afd8613df00,fa67ce83a62c-103,103,0,1,,,21,0.28
20261001T111152Z-8adcb79,fa67ce83a62c,0afd8613df00,fa67ce83a62c-104,104,0,1,,,20,0.28
20261001T111152Z-8adcb79,fa67ce83a62c,0afd8613df00,fa67ce83a62c-105,105,0,1,,,19,0.34
20261001T111152Z-8adcb79,fa67ce83a62c,0afd8613df00,fa67ce83a62c-106,106,0,1,,,18,0.26
20261001T111152Z-8adcb79,fa67ce83a62c,0afd8613df00,fa67ce83a62c-107,107,0,1,,,17,0.23
20261001T111152Z-8adcb79,fa67ce83a62c,0afd8613df00,fa67ce83a62c-108,108,0,1,,,16,0.15
20261001T111152Z-8adcb79,fa67ce83a62c,0afd8613df00,fa67ce83a62c-109,109,0,1,,,15,0.3
20261001T111152Z-8adcb79,fa67ce83a62c,0afd8613df00,fa67ce83a62c-110,110,0,1,,3,14,0.31
20261001T111152Z-8adcb79,fa67ce83a62c,0afd8613df00,fa67ce83a62c-111,111,0,1,,,13,0.26
20261001T111152Z-8adcb79,fa67ce83a62c,0afd8613df00,fa67ce83a62c-112,112,0,1,,,12,0.33
20261001T111152Z-8adcb79,fa67ce83a62c,0afd8613df00,fa67ce83a62c-113,113,0,1,9,,11,0.47
20261001T111152Z-8adcb79,fa67ce83a62c,0afd8613df00,fa67ce83a62c-114,114,0,1,4,,10,0.45
20261001T111152Z-8adcb79,fa67ce83a62c,0afd8613df00,fa67ce83a62c-115,115,0,1,3,,9,0.44
20261001T111152Z-8adcb79,fa67ce83a62c,0afd8613df00,fa67ce83a62c-116,116,1,1,5,,8,0.5
20261001T111152Z-8adcb79,fa67ce83a62c,0afd8613df00,fa67ce83a62c-117,117,1,1,8,,7,0.51
20261001T111152Z-8adcb79,fa67ce83a62c,0afd8613df00,fa67ce83a62c-118,118,1,1,7,,6,0.52
20261001T111152Z-8adcb79,fa67ce83a62c,0afd8613df00,fa67ce83a62c-119,119,0,1,6,,5,0.49
20261001T111152Z-8adcb79,fa67ce83a62c,0afd8613df00,fa67ce83a62c-120,120,1,1,1,,4,0.5
20261001T111152Z-8adcb79,fa67ce83a62c,0afd8613df00,fa67ce83a62c-121,121,0,0,,,3,0.45
20261001T111152Z-8adcb79,fa67ce83a62c,0afd8613df00,fa67ce83a62c-122,122,1,1,2,1,2,0.56
20261001T111152Z-8adcb79,fa67ce83a62c,0afd8613df00,fa67ce83a62c-123,123,0,1,10,2,1,0.46
