item_id,trial_id,condition,category,indirect,origin,label,status,answer,predicted,latency_ms
in-001,t-1861,baseline,constraint,0,121,1,ok,0.94,1,210
in-001,t-1594,flag,constraint,0,121,1,ok,0.94,1,312
in-001,t-2034,flag_text,constraint,0,121,1,ok,0.93,1,217
in-001,t-2107,oracle_flag,constraint,0,121,1,ok,0.94,1,288
in-001,t-0668,flag_hint,constraint,0,121,1,ok,0.66,0,256
in-002,t-0700,baseline,constraint,0,121,1,ok,0.94,1,208
in-002,t-0351,flag,constraint,0,121,1,ok,0.95,1,265
in-002,t-0352,flag_text,constraint,0,121,1,ok,0.94,1,239
in-002,t-0237,oracle_flag,constraint,0,121,1,ok,0.94,1,198
in-002,t-1161,flag_hint,constraint,0,121,1,ok,0.81,1,289
in-003,t-1539,baseline,constraint,0,121,1,ok,0.91,1,321
in-003,t-1094,flag,constraint,0,121,1,ok,0.89,1,301
in-003,t-0382,flag_text,constraint,0,121,1,ok,0.89,1,268
in-003,t-1710,oracle_flag,constraint,0,121,1,ok,0.9,1,260
in-003,t-1948,flag_hint,constraint,0,121,1,ok,0.63,0,231
in-004,t-1566,baseline,constraint,0,121,1,ok,0.93,1,296
in-004,t-0478,flag,constraint,0,121,1,ok,0.93,1,236
in-004,t-2235,flag_text,constraint,0,121,1,ok,0.92,1,253
in-004,t-0582,oracle_flag,constraint,0,121,1,ok,0.93,1,239
in-004,t-0794,flag_hint,constraint,0,121,1,ok,0.76,1,248
in-005,t-1016,baseline,constraint,0,121,1,ok,0.91,1,223
in-005,t-0602,flag,constraint,0,121,1,ok,0.91,1,276
in-005,t-1714,flag_text,constraint,0,121,1,ok,0.9,1,237
in-005,t-0296,oracle_flag,constraint,0,121,1,ok,0.91,1,267
in-005,t-1251,flag_hint,constraint,0,121,1,ok,0.73,1,301
in-006,t-1530,baseline,constraint,0,121,1,ok,0.87,1,249
in-006,t-0726,flag,constraint,0,121,1,ok,0.88,1,242
in-006,t-0798,flag_text,constraint,0,121,1,ok,0.84,1,223
in-006,t-1904,oracle_flag,constraint,0,121,1,ok,0.86,1,200
in-006,t-1856,flag_hint,constraint,0,121,1,ok,0.47,0,245
in-007,t-2141,baseline,constraint,0,121,1,ok,0.89,1,227
in-007,t-1014,flag,constraint,0,121,1,ok,0.85,1,279
in-007,t-1345,flag_text,constraint,0,121,1,ok,0.86,1,214
in-007,t-1687,oracle_flag,constraint,0,121,1,ok,0.87,1,253
in-007,t-1680,flag_hint,constraint,0,121,1,ok,0.49,0,299
in-008,t-0497,baseline,constraint,0,121,1,ok,0.85,1,357
in-008,t-1451,flag,constraint,0,121,1,ok,0.81,1,334
in-008,t-2217,flag_text,constraint,0,121,1,ok,0.83,1,279
in-008,t-0394,oracle_flag,constraint,0,121,1,ok,0.78,1,319
in-008,t-1159,flag_hint,constraint,0,121,1,ok,0.4,0,299
in-009,t-0714,baseline,constraint,0,121,1,ok,0.9,1,224
in-009,t-1101,flag,constraint,0,121,1,ok,0.88,1,214
in-009,t-1258,flag_text,constraint,0,121,1,ok,0.87,1,203
in-009,t-1266,oracle_flag,constraint,0,121,1,ok,0.89,1,245
in-009,t-1391,flag_hint,constraint,0,121,1,ok,0.51,0,239
in-010,t-1319,baseline,constraint,0,121,1,ok,0.92,1,324
in-010,t-0686,flag,constraint,0,121,1,ok,0.9,1,247
in-010,t-0398,flag_text,constraint,0,121,1,ok,0.9,1,288
in-010,t-1756,oracle_flag,constraint,0,121,1,ok,0.89,1,249
in-010,t-0777,flag_hint,constraint,0,121,1,ok,0.62,0,242
in-011,t-0611,baseline,constraint,0,121,1,ok,0.92,1,211
in-011,t-1279,flag,constraint,0,121,1,ok,0.91,1,216
in-011,t-0630,flag_text,constraint,0,121,1,ok,0.9,1,213
in-011,t-1265,oracle_flag,constraint,0,121,1,ok,0.91,1,288
in-011,t-0241,flag_hint,constraint,0,121,1,ok,0.66,0,232
in-012,t-1815,baseline,constraint,0,121,1,ok,0.86,1,216
in-012,t-0253,flag,constraint,0,121,1,ok,0.85,1,335
in-012,t-1180,flag_text,constraint,0,121,1,ok,0.85,1,326
in-012,t-1964,oracle_flag,constraint,0,121,1,ok,0.84,1,224
in-012,t-0701,flag_hint,constraint,0,121,1,ok,0.41,0,233
in-013,t-0272,baseline,constraint,0,121,1,ok,0.91,1,296
in-013,t-1577,flag,constraint,0,121,1,ok,0.88,1,228
in-013,t-2129,flag_text,constraint,0,121,1,ok,0.88,1,206
in-013,t-2127,oracle_flag,constraint,0,121,1,ok,0.88,1,285
in-013,t-0240,flag_hint,constraint,0,121,1,ok,0.65,0,288
in-014,t-1025,baseline,constraint,0,121,1,ok,0.92,1,287
in-014,t-0238,flag,constraint,0,121,1,ok,0.92,1,205
in-014,t-0251,flag_text,constraint,0,121,1,ok,0.9,1,521
in-014,t-1763,oracle_flag,constraint,0,121,1,ok,0.91,1,278
in-014,t-2249,flag_hint,constraint,0,121,1,ok,0.58,0,311
in-015,t-2274,baseline,constraint,0,121,1,ok,0.89,1,233
in-015,t-1081,flag,constraint,0,121,1,ok,0.86,1,220
in-015,t-1499,flag_text,constraint,0,121,1,ok,0.88,1,227
in-015,t-1413,oracle_flag,constraint,0,121,1,ok,0.86,1,222
in-015,t-1808,flag_hint,constraint,0,121,1,ok,0.61,0,236
in-016,t-1222,baseline,constraint,0,121,1,ok,0.85,1,366
in-016,t-2114,flag,constraint,0,121,1,ok,0.86,1,213
in-016,t-0330,flag_text,constraint,0,121,1,ok,0.85,1,212
in-016,t-0678,oracle_flag,constraint,0,121,1,ok,0.86,1,218
in-016,t-1199,flag_hint,constraint,0,121,1,ok,0.6,0,226
in-017,t-1065,baseline,constraint,0,121,1,ok,0.92,1,305
in-017,t-1036,flag,constraint,0,121,1,ok,0.91,1,233
in-017,t-1175,flag_text,constraint,0,121,1,ok,0.92,1,259
in-017,t-0332,oracle_flag,constraint,0,121,1,ok,0.91,1,204
in-017,t-0867,flag_hint,constraint,0,121,1,ok,0.71,1,314
in-018,t-0905,baseline,constraint,0,121,1,ok,0.9,1,295
in-018,t-1093,flag,constraint,0,121,1,ok,0.9,1,224
in-018,t-0745,flag_text,constraint,0,121,1,ok,0.88,1,278
in-018,t-0378,oracle_flag,constraint,0,121,1,ok,0.9,1,337
in-018,t-1778,flag_hint,constraint,0,121,1,ok,0.68,0,221
in-019,t-1216,baseline,constraint,0,121,1,ok,0.93,1,307
in-019,t-1221,flag,constraint,0,121,1,ok,0.92,1,288
in-019,t-0840,flag_text,constraint,0,121,1,ok,0.93,1,237
in-019,t-0677,oracle_flag,constraint,0,121,1,ok,0.92,1,406
in-019,t-0592,flag_hint,constraint,0,121,1,ok,0.69,0,223
in-020,t-0727,baseline,constraint,0,121,1,ok,0.88,1,289
in-020,t-0475,flag,constraint,0,121,1,ok,0.86,1,266
in-020,t-0250,flag_text,constraint,0,121,1,ok,0.85,1,500
in-020,t-1031,oracle_flag,constraint,0,121,1,ok,0.86,1,297
in-020,t-0297,flag_hint,constraint,0,121,1,ok,0.53,0,207
in-021,t-0447,baseline,constraint,0,121,1,ok,0.91,1,277
in-021,t-1389,flag,constraint,0,121,1,ok,0.88,1,232
in-021,t-0830,flag_text,constraint,0,121,1,ok,0.88,1,298
in-021,t-0984,oracle_flag,constraint,0,121,1,ok,0.89,1,312
in-021,t-1191,flag_hint,constraint,0,121,1,ok,0.7,1,360
in-022,t-1918,baseline,constraint,0,121,1,ok,0.92,1,213
in-022,t-2271,flag,constraint,0,121,1,ok,0.91,1,207
in-022,t-0932,flag_text,constraint,0,121,1,ok,0.9,1,210
in-022,t-1230,oracle_flag,constraint,0,121,1,ok,0.92,1,304
in-022,t-1003,flag_hint,constraint,0,121,1,ok,0.68,0,211
in-023,t-2199,baseline,constraint,0,121,1,ok,0.95,1,302
in-023,t-0637,flag,constraint,0,121,1,ok,0.95,1,214
in-023,t-1905,flag_text,constraint,0,121,1,ok,0.94,1,240
in-023,t-1437,oracle_flag,constraint,0,121,1,ok,0.94,1,288
in-023,t-1132,flag_hint,constraint,0,121,1,ok,0.76,1,735
in-024,t-0765,baseline,constraint,0,121,1,ok,0.9,1,271
in-024,t-0300,flag,constraint,0,121,1,ok,0.88,1,500
in-024,t-1542,flag_text,constraint,0,121,1,ok,0.88,1,260
in-024,t-1875,oracle_flag,constraint,0,121,1,ok,0.89,1,304
in-024,t-1462,flag_hint,constraint,0,121,1,ok,0.66,0,197
in-025,t-1046,baseline,constraint,0,121,1,ok,0.9,1,212
in-025,t-0527,flag,constraint,0,121,1,ok,0.87,1,249
in-025,t-0817,flag_text,constraint,0,121,1,ok,0.87,1,219
in-025,t-1449,oracle_flag,constraint,0,121,1,ok,0.88,1,309
in-025,t-1390,flag_hint,constraint,0,121,1,ok,0.62,0,292
in-026,t-1487,baseline,constraint,0,121,1,ok,0.89,1,292
in-026,t-0299,flag,constraint,0,121,1,ok,0.87,1,212
in-026,t-1295,flag_text,constraint,0,121,1,ok,0.86,1,281
in-026,t-2133,oracle_flag,constraint,0,121,1,ok,0.86,1,309
in-026,t-0344,flag_hint,constraint,0,121,1,ok,0.53,0,267
in-027,t-1181,baseline,constraint,0,121,1,ok,0.85,1,310
in-027,t-1027,flag,constraint,0,121,1,ok,0.83,1,225
in-027,t-1310,flag_text,constraint,0,121,1,ok,0.8,1,422
in-027,t-2262,oracle_flag,constraint,0,121,1,ok,0.83,1,210
in-027,t-1297,flag_hint,constraint,0,121,1,ok,0.4,0,315
in-028,t-2240,baseline,constraint,0,121,1,ok,0.88,1,292
in-028,t-1926,flag,constraint,0,121,1,ok,0.84,1,214
in-028,t-0928,flag_text,constraint,0,121,1,ok,0.85,1,198
in-028,t-1311,oracle_flag,constraint,0,121,1,ok,0.85,1,247
in-028,t-0327,flag_hint,constraint,0,121,1,ok,0.5,0,300
in-029,t-0918,baseline,constraint,0,121,1,ok,0.81,1,296
in-029,t-1422,flag,constraint,0,121,1,ok,0.8,1,281
in-029,t-1275,flag_text,constraint,0,121,1,ok,0.75,1,245
in-029,t-2153,oracle_flag,constraint,0,121,1,ok,0.8,1,214
in-029,t-2177,flag_hint,constraint,0,121,1,ok,0.45,0,198
in-030,t-1510,baseline,constraint,0,121,1,ok,0.93,1,254
in-030,t-1187,flag,constraint,0,121,1,ok,0.92,1,266
in-030,t-2013,flag_text,constraint,0,121,1,ok,0.91,1,307
in-030,t-1373,oracle_flag,constraint,0,121,1,ok,0.93,1,326
in-030,t-1164,flag_hint,constraint,0,121,1,ok,0.65,0,222
in-031,t-1661,baseline,constraint,0,121,1,ok,0.85,1,260
in-031,t-1116,flag,constraint,0,121,1,ok,0.8,1,210
in-031,t-1941,flag_text,constraint,0,121,1,ok,0.83,1,346
in-031,t-0580,oracle_flag,constraint,0,121,1,ok,0.8,1,284
in-031,t-0922,flag_hint,constraint,0,121,1,ok,0.55,0,287
in-032,t-2089,baseline,constraint,0,121,1,ok,0.83,1,244
in-032,t-1200,flag,constraint,0,121,1,ok,0.81,1,293
in-032,t-0425,flag_text,constraint,0,121,1,ok,0.8,1,255
in-032,t-0578,oracle_flag,constraint,0,121,1,ok,0.81,1,216
in-032,t-0667,flag_hint,constraint,0,121,1,ok,0.46,0,211
in-033,t-2026,baseline,constraint,0,121,1,ok,0.88,1,290
in-033,t-1253,flag,constraint,0,121,1,ok,0.87,1,297
in-033,t-1826,flag_text,constraint,0,121,1,ok,0.86,1,233
in-033,t-1068,oracle_flag,constraint,0,121,1,ok,0.87,1,254
in-033,t-0967,flag_hint,constraint,0,121,1,ok,0.7,1,297
in-034,t-1467,baseline,constraint,0,121,1,ok,0.87,1,221
in-034,t-0396,flag,constraint,0,121,1,ok,0.86,1,310
in-034,t-1954,flag_text,constraint,0,121,1,ok,0.84,1,204
in-034,t-1069,oracle_flag,constraint,0,121,1,ok,0.85,1,266
in-034,t-0214,flag_hint,constraint,0,121,1,ok,0.36,0,208
in-035,t-2229,baseline,constraint,0,121,1,ok,0.92,1,209
in-035,t-1306,flag,constraint,0,121,1,ok,0.9,1,301
in-035,t-0340,flag_text,constraint,0,121,1,ok,0.91,1,266
in-035,t-2126,oracle_flag,constraint,0,121,1,ok,0.9,1,239
in-035,t-1874,flag_hint,constraint,0,121,1,ok,0.64,0,219
in-036,t-1729,baseline,constraint,0,121,1,ok,0.91,1,295
in-036,t-0957,flag,constraint,0,121,1,ok,0.91,1,279
in-036,t-0469,flag_text,constraint,0,121,1,ok,0.89,1,273
in-036,t-1667,oracle_flag,constraint,0,121,1,ok,0.91,1,328
in-036,t-1149,flag_hint,constraint,0,121,1,ok,0.66,0,282
in-037,t-0410,baseline,constraint,0,121,1,ok,0.88,1,198
in-037,t-0645,flag,constraint,0,121,1,ok,0.88,1,268
in-037,t-2244,flag_text,constraint,0,121,1,ok,0.86,1,318
in-037,t-1414,oracle_flag,constraint,0,121,1,ok,0.87,1,307
in-037,t-1485,flag_hint,constraint,0,121,1,ok,0.69,0,292
in-038,t-0673,baseline,constraint,0,121,1,ok,0.9,1,359
in-038,t-1018,flag,constraint,0,121,1,ok,0.9,1,261
in-038,t-1866,flag_text,constraint,0,121,1,ok,0.9,1,211
in-038,t-1466,oracle_flag,constraint,0,121,1,ok,0.91,1,243
in-038,t-0335,flag_hint,constraint,0,121,1,ok,0.75,1,335
in-039,t-1621,baseline,constraint,0,121,1,ok,0.84,1,234
in-039,t-1833,flag,constraint,0,121,1,ok,0.84,1,330
in-039,t-2078,flag_text,constraint,0,121,1,ok,0.83,1,295
in-039,t-1176,oracle_flag,constraint,0,121,1,ok,0.84,1,218
in-039,t-1427,flag_hint,constraint,0,121,1,ok,0.62,0,291
in-040,t-1322,baseline,constraint,0,121,1,ok,0.92,1,248
in-040,t-1121,flag,constraint,0,121,1,ok,0.9,1,242
in-040,t-1744,flag_text,constraint,0,121,1,ok,0.9,1,254
in-040,t-0440,oracle_flag,constraint,0,121,1,ok,0.89,1,282
in-040,t-0474,flag_hint,constraint,0,121,1,ok,0.58,0,257
in-041,t-0916,baseline,constraint,0,121,1,ok,0.82,1,199
in-041,t-0749,flag,constraint,0,121,1,ok,0.82,1,273
in-041,t-0276,flag_text,constraint,0,121,1,ok,0.79,1,208
in-041,t-2247,oracle_flag,constraint,0,121,1,ok,0.81,1,212
in-041,t-1174,flag_hint,constraint,0,121,1,ok,0.55,0,226
in-042,t-0846,baseline,constraint,0,121,1,ok,0.85,1,219
in-042,t-0274,flag,constraint,0,121,1,ok,0.85,1,215
in-042,t-1387,flag_text,constraint,0,121,1,ok,0.81,1,211
in-042,t-0385,oracle_flag,constraint,0,121,1,ok,0.85,1,538
in-042,t-0560,flag_hint,constraint,0,121,1,ok,0.62,0,322
in-043,t-1395,baseline,constraint,0,121,1,ok,0.84,1,215
in-043,t-0842,flag,constraint,0,121,1,ok,0.83,1,199
in-043,t-0413,flag_text,constraint,0,121,1,ok,0.82,1,239
in-043,t-0933,oracle_flag,constraint,0,121,1,ok,0.83,1,288
in-043,t-1197,flag_hint,constraint,0,121,1,ok,0.55,0,235
in-044,t-1652,baseline,constraint,0,121,1,ok,0.94,1,230
in-044,t-1561,flag,constraint,0,121,1,ok,0.93,1,320
in-044,t-2181,flag_text,constraint,0,121,1,ok,0.91,1,250
in-044,t-0435,oracle_flag,constraint,0,121,1,ok,0.93,1,285
in-044,t-2066,flag_hint,constraint,0,121,1,ok,0.77,1,280
in-045,t-0902,baseline,constraint,0,121,1,ok,0.92,1,326
in-045,t-0692,flag,constraint,0,121,1,ok,0.91,1,213
in-045,t-1549,flag_text,constraint,0,121,1,ok,0.91,1,220
in-045,t-0965,oracle_flag,constraint,0,121,1,ok,0.91,1,281
in-045,t-1946,flag_hint,constraint,0,121,1,ok,0.76,1,201
in-046,t-0670,baseline,constraint,0,121,1,ok,0.9,1,308
in-046,t-2243,flag,constraint,0,121,1,ok,0.88,1,313
in-046,t-0226,flag_text,constraint,0,121,1,ok,0.87,1,302
in-046,t-1288,oracle_flag,constraint,0,121,1,ok,0.88,1,262
in-046,t-1908,flag_hint,constraint,0,121,1,ok,0.65,0,216
in-047,t-1376,baseline,constraint,0,121,1,ok,0.91,1,204
in-047,t-1147,flag,constraint,0,121,1,ok,0.89,1,209
in-047,t-0876,flag_text,constraint,0,121,1,ok,0.87,1,193
in-047,t-0534,oracle_flag,constraint,0,121,1,ok,0.89,1,229
in-047,t-0572,flag_hint,constraint,0,121,1,ok,0.49,0,213
in-048,t-1005,baseline,constraint,0,121,1,ok,0.77,1,220
in-048,t-1592,flag,constraint,0,121,1,ok,0.69,0,305
in-048,t-1979,flag_text,constraint,0,121,1,ok,0.69,0,202
in-048,t-0889,oracle_flag,constraint,0,121,1,ok,0.72,1,241
in-048,t-0724,flag_hint,constraint,0,121,1,ok,0.29,0,205
in-049,t-0500,baseline,constraint,0,121,1,ok,0.86,1,243
in-049,t-0232,flag,constraint,0,121,1,ok,0.85,1,391
in-049,t-0669,flag_text,constraint,0,121,1,ok,0.84,1,213
in-049,t-1305,oracle_flag,constraint,0,121,1,ok,0.85,1,207
in-049,t-1444,flag_hint,constraint,0,121,1,ok,0.53,0,218
in-050,t-1620,baseline,constraint,0,121,1,ok,0.91,1,298
in-050,t-2215,flag,constraint,0,121,1,ok,0.9,1,204
in-050,t-2161,flag_text,constraint,0,121,1,ok,0.89,1,223
in-050,t-0855,oracle_flag,constraint,0,121,1,ok,0.91,1,208
in-050,t-0790,flag_hint,constraint,0,121,1,ok,0.75,1,253
in-051,t-0350,baseline,mixed,0,121,1,ok,0.93,1,218
in-051,t-2242,flag,mixed,0,121,1,ok,0.93,1,200
in-051,t-0761,flag_text,mixed,0,121,1,ok,0.92,1,327
in-051,t-1768,oracle_flag,mixed,0,121,1,ok,0.93,1,295
in-051,t-1285,flag_hint,mixed,0,121,1,ok,0.76,1,281
in-052,t-0850,baseline,mixed,0,121,1,ok,0.89,1,241
in-052,t-0467,flag,mixed,0,121,1,ok,0.86,1,304
in-052,t-1383,flag_text,mixed,0,121,1,ok,0.88,1,209
in-052,t-1738,oracle_flag,mixed,0,121,1,ok,0.87,1,249
in-052,t-1831,flag_hint,mixed,0,121,1,ok,0.7,1,298
in-053,t-1498,baseline,mixed,0,121,1,ok,0.86,1,309
in-053,t-1412,flag,mixed,0,121,1,ok,0.88,1,253
in-053,t-1064,flag_text,mixed,0,121,1,ok,0.88,1,219
in-053,t-0414,oracle_flag,mixed,0,121,1,ok,0.89,1,244
in-053,t-0429,flag_hint,mixed,0,121,1,ok,0.75,1,315
in-054,t-1688,baseline,mixed,0,121,1,ok,0.91,1,278
in-054,t-0990,flag,mixed,0,121,1,ok,0.91,1,310
in-054,t-1740,flag_text,mixed,0,121,1,ok,0.91,1,238
in-054,t-2059,oracle_flag,mixed,0,121,1,ok,0.91,1,230
in-054,t-1678,flag_hint,mixed,0,121,1,ok,0.74,1,315
in-055,t-0436,baseline,mixed,0,121,1,ok,0.83,1,226
in-055,t-1640,flag,mixed,0,121,1,ok,0.76,1,307
in-055,t-0912,flag_text,mixed,0,121,1,ok,0.78,1,231
in-055,t-1105,oracle_flag,mixed,0,121,1,ok,0.79,1,306
in-055,t-0263,flag_hint,mixed,0,121,1,ok,0.55,0,213
in-056,t-1771,baseline,mixed,0,121,1,ok,0.95,1,336
in-056,t-1215,flag,mixed,0,121,1,ok,0.95,1,222
in-056,t-1334,flag_text,mixed,0,121,1,ok,0.94,1,313
in-056,t-1619,oracle_flag,mixed,0,121,1,ok,0.94,1,223
in-056,t-0891,flag_hint,mixed,0,121,1,ok,0.82,1,239
in-057,t-0298,baseline,mixed,0,121,1,ok,0.7,1,305
in-057,t-0365,flag,mixed,0,121,1,ok,0.72,1,531
in-057,t-2009,flag_text,mixed,0,121,1,ok,0.72,1,317
in-057,t-1988,oracle_flag,mixed,0,121,1,ok,0.7,1,295
in-057,t-2054,flag_hint,mixed,0,121,1,ok,0.62,0,206
in-058,t-0242,baseline,mixed,0,121,1,ok,0.87,1,325
in-058,t-0574,flag,mixed,0,121,1,ok,0.88,1,457
in-058,t-0286,flag_text,mixed,0,121,1,ok,0.84,1,321
in-058,t-1921,oracle_flag,mixed,0,121,1,ok,0.87,1,322
in-058,t-2081,flag_hint,mixed,0,121,1,ok,0.61,0,296
in-059,t-1820,baseline,mixed,0,121,1,ok,0.88,1,262
in-059,t-0845,flag,mixed,0,121,1,ok,0.88,1,212
in-059,t-2264,flag_text,mixed,0,121,1,ok,0.89,1,477
in-059,t-1653,oracle_flag,mixed,0,121,1,ok,0.88,1,310
in-059,t-0620,flag_hint,mixed,0,121,1,ok,0.73,1,345
in-060,t-1351,baseline,mixed,0,121,1,ok,0.8,1,295
in-060,t-1006,flag,mixed,0,121,1,ok,0.79,1,298
in-060,t-0899,flag_text,mixed,0,121,1,ok,0.78,1,287
in-060,t-0400,oracle_flag,mixed,0,121,1,ok,0.78,1,282
in-060,t-1977,flag_hint,mixed,0,121,1,ok,0.6,0,215
in-061,t-1796,baseline,mixed,0,121,1,ok,0.92,1,272
in-061,t-0622,flag,mixed,0,121,1,ok,0.93,1,246
in-061,t-0877,flag_text,mixed,0,121,1,ok,0.92,1,215
in-061,t-1996,oracle_flag,mixed,0,121,1,ok,0.92,1,296
in-061,t-1433,flag_hint,mixed,0,121,1,ok,0.73,1,284
in-062,t-0822,baseline,mixed,0,121,1,ok,0.66,0,320
in-062,t-0750,flag,mixed,0,121,1,ok,0.67,0,246
in-062,t-1491,flag_text,mixed,0,121,1,ok,0.61,0,205
in-062,t-1648,oracle_flag,mixed,0,121,1,ok,0.7,1,315
in-062,t-2094,flag_hint,mixed,0,121,1,ok,0.5,0,209
in-063,t-1340,baseline,mixed,0,121,1,ok,0.9,1,227
in-063,t-0950,flag,mixed,0,121,1,ok,0.91,1,196
in-063,t-1470,flag_text,mixed,0,121,1,ok,0.89,1,268
in-063,t-1692,oracle_flag,mixed,0,121,1,ok,0.92,1,264
in-063,t-0377,flag_hint,mixed,0,121,1,ok,0.79,1,520
in-064,t-2075,baseline,mixed,0,121,1,ok,0.76,1,211
in-064,t-2032,flag,mixed,0,121,1,ok,0.73,1,219
in-064,t-2160,flag_text,mixed,0,121,1,ok,0.76,1,285
in-064,t-0280,oracle_flag,mixed,0,121,1,ok,0.73,1,308
in-064,t-1933,flag_hint,mixed,0,121,1,ok,0.59,0,216
in-065,t-0632,baseline,mixed,0,121,1,ok,0.8,1,225
in-065,t-1076,flag,mixed,0,121,1,ok,0.8,1,212
in-065,t-1669,flag_text,mixed,0,121,1,ok,0.79,1,240
in-065,t-1185,oracle_flag,mixed,0,121,1,ok,0.8,1,253
in-065,t-1639,flag_hint,mixed,0,121,1,ok,0.57,0,216
in-066,t-0415,baseline,mixed,0,121,1,ok,0.95,1,233
in-066,t-0221,flag,mixed,0,121,1,ok,0.94,1,308
in-066,t-1246,flag_text,mixed,0,121,1,ok,0.94,1,289
in-066,t-1959,oracle_flag,mixed,0,121,1,ok,0.94,1,287
in-066,t-1231,flag_hint,mixed,0,121,1,ok,0.69,0,201
in-067,t-1455,baseline,mixed,0,121,1,ok,0.66,0,233
in-067,t-0605,flag,mixed,0,121,1,ok,0.6,0,215
in-067,t-1205,flag_text,mixed,0,121,1,ok,0.68,0,270
in-067,t-1854,oracle_flag,mixed,0,121,1,ok,0.64,0,289
in-067,t-0516,flag_hint,mixed,0,121,1,ok,0.48,0,254
in-068,t-1056,baseline,mixed,0,121,1,ok,0.92,1,247
in-068,t-0786,flag,mixed,0,121,1,ok,0.93,1,378
in-068,t-1138,flag_text,mixed,0,121,1,ok,0.93,1,293
in-068,t-1607,oracle_flag,mixed,0,121,1,ok,0.93,1,295
in-068,t-2120,flag_hint,mixed,0,121,1,ok,0.82,1,204
in-069,t-1512,baseline,mixed,0,121,1,ok,0.83,1,367
in-069,t-0783,flag,mixed,0,121,1,ok,0.83,1,249
in-069,t-2108,flag_text,mixed,0,121,1,ok,0.83,1,209
in-069,t-1804,oracle_flag,mixed,0,121,1,ok,0.83,1,275
in-069,t-0848,flag_hint,mixed,0,121,1,ok,0.61,0,251
in-070,t-1344,baseline,mixed,0,121,1,ok,0.92,1,206
in-070,t-0426,flag,mixed,0,121,1,ok,0.92,1,218
in-070,t-0323,flag_text,mixed,0,121,1,ok,0.92,1,220
in-070,t-0564,oracle_flag,mixed,0,121,1,ok,0.92,1,314
in-070,t-0849,flag_hint,mixed,0,121,1,ok,0.74,1,257
in-071,t-1300,baseline,mixed,0,121,1,ok,0.88,1,243
in-071,t-1236,flag,mixed,0,121,1,ok,0.86,1,223
in-071,t-0359,flag_text,mixed,0,121,1,ok,0.87,1,527
in-071,t-1665,oracle_flag,mixed,0,121,1,ok,0.85,1,208
in-071,t-2275,flag_hint,mixed,0,121,1,ok,0.67,0,240
in-072,t-2064,baseline,mixed,0,121,1,ok,0.93,1,212
in-072,t-1625,flag,mixed,0,121,1,ok,0.93,1,322
in-072,t-2162,flag_text,mixed,0,121,1,ok,0.92,1,205
in-072,t-0774,oracle_flag,mixed,0,121,1,ok,0.93,1,282
in-072,t-0438,flag_hint,mixed,0,121,1,ok,0.72,1,200
in-073,t-1971,baseline,mixed,0,121,1,ok,0.89,1,274
in-073,t-0546,flag,mixed,0,121,1,ok,0.9,1,333
in-073,t-1335,flag_text,mixed,0,121,1,ok,0.89,1,221
in-073,t-0802,oracle_flag,mixed,0,121,1,ok,0.89,1,217
in-073,t-2035,flag_hint,mixed,0,121,1,ok,0.78,1,247
in-074,t-1689,baseline,mixed,0,121,1,ok,0.76,1,232
in-074,t-2157,flag,mixed,0,121,1,ok,0.74,1,214
in-074,t-2080,flag_text,mixed,0,121,1,ok,0.74,1,229
in-074,t-0871,oracle_flag,mixed,0,121,1,ok,0.72,1,204
in-074,t-0548,flag_hint,mixed,0,121,1,ok,0.49,0,279
in-075,t-1400,baseline,mixed,0,121,1,ok,0.87,1,251
in-075,t-1769,flag,mixed,0,121,1,ok,0.89,1,216
in-075,t-0449,flag_text,mixed,0,121,1,ok,0.89,1,285
in-075,t-0509,oracle_flag,mixed,0,121,1,ok,0.89,1,278
in-075,t-2238,flag_hint,mixed,0,121,1,ok,0.55,0,324
in-076,t-2010,baseline,mixed,0,121,1,ok,0.81,1,211
in-076,t-0938,flag,mixed,0,121,1,ok,0.82,1,244
in-076,t-1624,flag_text,mixed,0,121,1,ok,0.81,1,200
in-076,t-1658,oracle_flag,mixed,0,121,1,ok,0.82,1,320
in-076,t-0466,flag_hint,mixed,0,121,1,ok,0.63,0,225
in-077,t-1673,baseline,mixed,0,121,1,ok,0.9,1,289
in-077,t-1649,flag,mixed,0,121,1,ok,0.9,1,227
in-077,t-1950,flag_text,mixed,0,121,1,ok,0.89,1,277
in-077,t-1724,oracle_flag,mixed,0,121,1,ok,0.9,1,258
in-077,t-2224,flag_hint,mixed,0,121,1,ok,0.7,1,208
in-078,t-1960,baseline,mixed,0,121,1,ok,0.78,1,241
in-078,t-0939,flag,mixed,0,121,1,ok,0.81,1,212
in-078,t-1587,flag_text,mixed,0,121,1,ok,0.82,1,231
in-078,t-1328,oracle_flag,mixed,0,121,1,ok,0.81,1,211
in-078,t-0836,flag_hint,mixed,0,121,1,ok,0.62,0,280
in-079,t-1004,baseline,mixed,0,121,1,ok,0.93,1,318
in-079,t-0267,flag,mixed,0,121,1,ok,0.94,1,336
in-079,t-1995,flag_text,mixed,0,121,1,ok,0.93,1,228
in-079,t-1736,oracle_flag,mixed,0,121,1,no_answer,,0,3855
in-079,t-1273,flag_hint,mixed,0,121,1,ok,0.66,0,197
in-080,t-2232,baseline,mixed,0,121,1,ok,0.84,1,216
in-080,t-1352,flag,mixed,0,121,1,ok,0.84,1,214
in-080,t-1459,flag_text,mixed,0,121,1,ok,0.83,1,324
in-080,t-1271,oracle_flag,mixed,0,121,1,ok,0.85,1,315
in-080,t-1629,flag_hint,mixed,0,121,1,ok,0.65,0,253
in-081,t-1802,baseline,request,0,121,0,ok,0.04,0,280
in-081,t-0705,flag,request,0,121,0,ok,0.05,0,226
in-081,t-2072,flag_text,request,0,121,0,ok,0.04,0,306
in-081,t-1085,oracle_flag,request,0,121,0,ok,0.05,0,202
in-081,t-0554,flag_hint,request,0,121,0,ok,0.16,0,292
in-082,t-1299,baseline,request,0,121,0,ok,0.1,0,227
in-082,t-1418,flag,request,0,121,0,ok,0.08,0,201
in-082,t-1891,flag_text,request,0,121,0,ok,0.07,0,201
in-082,t-1541,oracle_flag,request,0,121,0,ok,0.08,0,254
in-082,t-1978,flag_hint,request,0,121,0,ok,0.16,0,227
in-083,t-1670,baseline,request,0,121,0,ok,0.07,0,283
in-083,t-1760,flag,request,0,121,0,ok,0.07,0,240
in-083,t-0345,flag_text,request,0,121,0,ok,0.06,0,237
in-083,t-1165,oracle_flag,request,0,121,0,ok,0.07,0,208
in-083,t-1800,flag_hint,request,0,121,0,ok,0.17,0,246
in-084,t-0563,baseline,request,0,121,0,ok,0.05,0,305
in-084,t-2152,flag,request,0,121,0,ok,0.06,0,207
in-084,t-0454,flag_text,request,0,121,0,ok,0.05,0,292
in-084,t-1722,oracle_flag,request,0,121,0,ok,0.06,0,249
in-084,t-1898,flag_hint,request,0,121,0,ok,0.12,0,261
in-085,t-0373,baseline,request,0,121,0,ok,0.09,0,521
in-085,t-0566,flag,request,0,121,0,ok,0.09,0,244
in-085,t-0829,flag_text,request,0,121,0,ok,0.07,0,317
in-085,t-1058,oracle_flag,request,0,121,0,ok,0.08,0,218
in-085,t-1882,flag_hint,request,0,121,0,ok,0.16,0,207
in-086,t-1694,baseline,request,0,121,0,ok,0.05,0,275
in-086,t-2033,flag,request,0,121,0,ok,0.05,0,253
in-086,t-0962,flag_text,request,0,121,0,ok,0.05,0,306
in-086,t-1690,oracle_flag,request,0,121,0,ok,0.05,0,283
in-086,t-1155,flag_hint,request,0,121,0,ok,0.13,0,221
in-087,t-1786,baseline,request,0,121,0,ok,0.06,0,302
in-087,t-0270,flag,request,0,121,0,ok,0.05,0,203
in-087,t-2041,flag_text,request,0,121,0,ok,0.05,0,312
in-087,t-2168,oracle_flag,request,0,121,0,ok,0.05,0,217
in-087,t-1308,flag_hint,request,0,121,0,ok,0.1,0,239
in-088,t-1411,baseline,request,0,121,0,ok,0.68,0,251
in-088,t-0914,flag,request,0,121,0,ok,0.54,0,231
in-088,t-1321,flag_text,request,0,121,0,ok,0.55,0,290
in-088,t-1333,oracle_flag,request,0,121,0,ok,0.53,0,212
in-088,t-1999,flag_hint,request,0,121,0,ok,0.37,0,293
in-089,t-2255,baseline,request,0,121,0,ok,0.49,0,213
in-089,t-0907,flag,request,0,121,0,ok,0.34,0,210
in-089,t-0759,flag_text,request,0,121,0,ok,0.36,0,532
in-089,t-1158,oracle_flag,request,0,121,0,ok,0.34,0,228
in-089,t-1026,flag_hint,request,0,121,0,ok,0.41,0,195
in-090,t-1915,baseline,request,0,121,0,ok,0.5,0,217
in-090,t-1315,flag,request,0,121,0,ok,0.47,0,293
in-090,t-1019,flag_text,request,0,121,0,ok,0.37,0,261
in-090,t-2038,oracle_flag,request,0,121,0,ok,0.43,0,362
in-090,t-2171,flag_hint,request,0,121,0,ok,0.34,0,246
in-091,t-0739,baseline,request,0,121,0,ok,0.06,0,224
in-091,t-0212,flag,request,0,121,0,ok,0.05,0,207
in-091,t-1961,flag_text,request,0,121,0,ok,0.05,0,283
in-091,t-2228,oracle_flag,request,0,121,0,ok,0.06,0,320
in-091,t-1784,flag_hint,request,0,121,0,ok,0.11,0,258
in-092,t-1339,baseline,request,0,121,0,ok,0.04,0,224
in-092,t-1015,flag,request,0,121,0,ok,0.05,0,244
in-092,t-1067,flag_text,request,0,121,0,ok,0.04,0,296
in-092,t-2122,oracle_flag,request,0,121,0,ok,0.04,0,246
in-092,t-1163,flag_hint,request,0,121,0,ok,0.1,0,268
in-093,t-0379,baseline,request,0,121,0,ok,0.07,0,267
in-093,t-1803,flag,request,0,121,0,ok,0.07,0,252
in-093,t-1939,flag_text,request,0,121,0,ok,0.05,0,207
in-093,t-1816,oracle_flag,request,0,121,0,ok,0.07,0,308
in-093,t-2195,flag_hint,request,0,121,0,ok,0.13,0,223
in-094,t-2156,baseline,request,0,121,0,ok,0.05,0,235
in-094,t-2176,flag,request,0,121,0,ok,0.05,0,217
in-094,t-1259,flag_text,request,0,121,0,ok,0.04,0,304
in-094,t-1060,oracle_flag,request,0,121,0,ok,0.05,0,202
in-094,t-2016,flag_hint,request,0,121,0,ok,0.13,0,241
in-095,t-2206,baseline,request,0,121,0,ok,0.06,0,280
in-095,t-1612,flag,request,0,121,0,ok,0.06,0,262
in-095,t-2272,flag_text,request,0,121,0,ok,0.05,0,211
in-095,t-1262,oracle_flag,request,0,121,0,ok,0.06,0,207
in-095,t-1170,flag_hint,request,0,121,0,ok,0.13,0,274
in-096,t-0718,baseline,request,0,121,0,ok,0.05,0,736
in-096,t-1823,flag,request,0,121,0,ok,0.06,0,248
in-096,t-1130,flag_text,request,0,121,0,ok,0.04,0,201
in-096,t-1973,oracle_flag,request,0,121,0,ok,0.05,0,216
in-096,t-1238,flag_hint,request,0,121,0,ok,0.13,0,318
in-097,t-1859,baseline,request,0,121,0,ok,0.07,0,307
in-097,t-0732,flag,request,0,121,0,ok,0.06,0,214
in-097,t-1947,flag_text,request,0,121,0,ok,0.05,0,309
in-097,t-1647,oracle_flag,request,0,121,0,ok,0.06,0,307
in-097,t-0760,flag_hint,request,0,121,0,ok,0.13,0,274
in-098,t-1879,baseline,request,0,121,0,ok,0.08,0,310
in-098,t-0325,flag,request,0,121,0,ok,0.1,0,210
in-098,t-1937,flag_text,request,0,121,0,ok,0.07,0,227
in-098,t-1424,oracle_flag,request,0,121,0,ok,0.12,0,288
in-098,t-1603,flag_hint,request,0,121,0,ok,0.19,0,227
in-099,t-0450,baseline,request,0,121,0,ok,0.1,0,235
in-099,t-1748,flag,request,0,121,0,ok,0.12,0,289
in-099,t-1779,flag_text,request,0,121,0,ok,0.09,0,217
in-099,t-1956,oracle_flag,request,0,121,0,ok,0.11,0,213
in-099,t-0363,flag_hint,request,0,121,0,ok,0.2,0,278
in-100,t-1825,baseline,request,0,121,0,ok,0.05,0,292
in-100,t-0813,flag,request,0,121,0,ok,0.05,0,263
in-100,t-1614,flag_text,request,0,121,0,ok,0.05,0,304
in-100,t-1033,oracle_flag,request,0,121,0,ok,0.05,0,285
in-100,t-0881,flag_hint,request,0,121,0,ok,0.1,0,331
in-101,t-1887,baseline,request,0,121,0,ok,0.71,1,308
in-101,t-1934,flag,request,0,121,0,ok,0.57,0,309
in-101,t-1381,flag_text,request,0,121,0,ok,0.66,0,306
in-101,t-1364,oracle_flag,request,0,121,0,ok,0.62,0,278
in-101,t-0423,flag_hint,request,0,121,0,ok,0.36,0,300
in-102,t-2273,baseline,request,0,121,0,ok,0.06,0,209
in-102,t-0734,flag,request,0,121,0,ok,0.05,0,284
in-102,t-0496,flag_text,request,0,121,0,ok,0.05,0,209
in-102,t-1611,oracle_flag,request,0,121,0,ok,0.06,0,268
in-102,t-2137,flag_hint,request,0,121,0,ok,0.1,0,295
in-103,t-2051,baseline,request,0,121,0,ok,0.66,0,345
in-103,t-1368,flag,request,0,121,0,ok,0.54,0,206
in-103,t-0773,flag_text,request,0,121,0,ok,0.55,0,338
in-103,t-0652,oracle_flag,request,0,121,0,ok,0.56,0,227
in-103,t-1476,flag_hint,request,0,121,0,ok,0.37,0,324
in-104,t-0946,baseline,request,0,121,0,ok,0.1,0,219
in-104,t-0768,flag,request,0,121,0,ok,0.11,0,229
in-104,t-2062,flag_text,request,0,121,0,ok,0.08,0,202
in-104,t-1545,oracle_flag,request,0,121,0,ok,0.11,0,205
in-104,t-0719,flag_hint,request,0,121,0,ok,0.22,0,292
in-105,t-0315,baseline,request,0,121,0,ok,0.06,0,281
in-105,t-1431,flag,request,0,121,0,ok,0.06,0,226
in-105,t-1745,flag_text,request,0,121,0,ok,0.05,0,206
in-105,t-0915,oracle_flag,request,0,121,0,ok,0.06,0,312
in-105,t-1114,flag_hint,request,0,121,0,ok,0.11,0,518
in-106,t-0708,baseline,request,0,121,0,ok,0.05,0,319
in-106,t-0831,flag,request,0,121,0,ok,0.07,0,207
in-106,t-1529,flag_text,request,0,121,0,ok,0.06,0,194
in-106,t-0245,oracle_flag,request,0,121,0,ok,0.07,0,230
in-106,t-1890,flag_hint,request,0,121,0,ok,0.14,0,308
in-107,t-0304,baseline,request,0,121,0,ok,0.05,0,248
in-107,t-1169,flag,request,0,121,0,ok,0.05,0,267
in-107,t-1716,flag_text,request,0,121,0,ok,0.04,0,221
in-107,t-0216,oracle_flag,request,0,121,0,ok,0.06,0,222
in-107,t-1514,flag_hint,request,0,121,0,ok,0.11,0,274
in-108,t-1503,baseline,request,0,121,0,ok,0.51,0,240
in-108,t-1772,flag,request,0,121,0,ok,0.43,0,222
in-108,t-0312,flag_text,request,0,121,0,ok,0.41,0,526
in-108,t-1428,oracle_flag,request,0,121,0,ok,0.42,0,205
in-108,t-0892,flag_hint,request,0,121,0,ok,0.33,0,286
in-109,t-1855,baseline,request,0,121,0,ok,0.12,0,279
in-109,t-1254,flag,request,0,121,0,ok,0.1,0,199
in-109,t-1286,flag_text,request,0,121,0,ok,0.08,0,235
in-109,t-0494,oracle_flag,request,0,121,0,ok,0.11,0,250
in-109,t-0923,flag_hint,request,0,121,0,ok,0.3,0,227
in-110,t-2105,baseline,request,0,121,0,ok,0.52,0,201
in-110,t-0982,flag,request,0,121,0,ok,0.42,0,234
in-110,t-1685,flag_text,request,0,121,0,ok,0.47,0,234
in-110,t-2198,oracle_flag,request,0,121,0,ok,0.38,0,223
in-110,t-0864,flag_hint,request,0,121,0,ok,0.47,0,334
in-111,t-2136,baseline,request,0,121,0,ok,0.05,0,226
in-111,t-0906,flag,request,0,121,0,ok,0.06,0,207
in-111,t-0807,flag_text,request,0,121,0,ok,0.04,0,204
in-111,t-1531,oracle_flag,request,0,121,0,ok,0.06,0,226
in-111,t-1241,flag_hint,request,0,121,0,ok,0.12,0,303
in-112,t-1885,baseline,request,0,121,0,ok,0.28,0,215
in-112,t-1844,flag,request,0,121,0,ok,0.33,0,300
in-112,t-0958,flag_text,request,0,121,0,ok,0.23,0,228
in-112,t-0896,oracle_flag,request,0,121,0,ok,0.34,0,225
in-112,t-2124,flag_hint,request,0,121,0,ok,0.3,0,224
in-113,t-1495,baseline,request,0,121,0,ok,0.08,0,211
in-113,t-0553,flag,request,0,121,0,ok,0.08,0,232
in-113,t-0593,flag_text,request,0,121,0,ok,0.07,0,303
in-113,t-0481,oracle_flag,request,0,121,0,ok,0.08,0,266
in-113,t-0480,flag_hint,request,0,121,0,ok,0.16,0,255
in-114,t-1536,baseline,request,0,121,0,ok,0.06,0,239
in-114,t-1022,flag,request,0,121,0,ok,0.07,0,296
in-114,t-1758,flag_text,request,0,121,0,ok,0.05,0,215
in-114,t-1565,oracle_flag,request,0,121,0,ok,0.07,0,327
in-114,t-2083,flag_hint,request,0,121,0,ok,0.15,0,303
in-115,t-1975,baseline,request,0,121,0,ok,0.23,0,213
in-115,t-0402,flag,request,0,121,0,ok,0.18,0,330
in-115,t-1609,flag_text,request,0,121,0,ok,0.16,0,327
in-115,t-1821,oracle_flag,request,0,121,0,ok,0.2,0,295
in-115,t-1814,flag_hint,request,0,121,0,ok,0.28,0,269
in-116,t-0349,baseline,request,0,121,0,ok,0.14,0,222
in-116,t-1122,flag,request,0,121,0,ok,0.15,0,363
in-116,t-1486,flag_text,request,0,121,0,ok,0.1,0,212
in-116,t-1776,oracle_flag,request,0,121,0,ok,0.14,0,204
in-116,t-1204,flag_hint,request,0,121,0,ok,0.18,0,229
in-117,t-2100,baseline,request,0,121,0,ok,0.09,0,241
in-117,t-1482,flag,request,0,121,0,ok,0.09,0,208
in-117,t-1698,flag_text,request,0,121,0,ok,0.06,0,289
in-117,t-0452,oracle_flag,request,0,121,0,ok,0.09,0,225
in-117,t-2183,flag_hint,request,0,121,0,ok,0.17,0,204
in-118,t-0287,baseline,request,0,121,0,ok,0.37,0,215
in-118,t-0629,flag,request,0,121,0,ok,0.28,0,298
in-118,t-1863,flag_text,request,0,121,0,ok,0.29,0,249
in-118,t-0380,oracle_flag,request,0,121,0,ok,0.3,0,268
in-118,t-1245,flag_hint,request,0,121,0,ok,0.32,0,248
in-119,t-0847,baseline,request,0,121,0,ok,0.07,0,231
in-119,t-0862,flag,request,0,121,0,ok,0.08,0,272
in-119,t-2184,flag_text,request,0,121,0,ok,0.06,0,207
in-119,t-1732,oracle_flag,request,0,121,0,ok,0.07,0,208
in-119,t-1838,flag_hint,request,0,121,0,ok,0.14,0,291
in-120,t-1178,baseline,request,0,121,0,ok,0.34,0,296
in-120,t-0588,flag,request,0,121,0,ok,0.36,0,311
in-120,t-1895,flag_text,request,0,121,0,ok,0.22,0,217
in-120,t-2278,oracle_flag,request,0,121,0,ok,0.37,0,240
in-120,t-1877,flag_hint,request,0,121,0,ok,0.41,0,198
in-121,t-0526,baseline,request,0,121,0,ok,0.04,0,291
in-121,t-0859,flag,request,0,121,0,ok,0.05,0,287
in-121,t-1152,flag_text,request,0,121,0,ok,0.04,0,360
in-121,t-1704,oracle_flag,request,0,121,0,ok,0.05,0,226
in-121,t-1558,flag_hint,request,0,121,0,ok,0.1,0,316
in-122,t-1873,baseline,request,0,121,0,ok,0.57,0,319
in-122,t-1075,flag,request,0,121,0,ok,0.54,0,297
in-122,t-1432,flag_text,request,0,121,0,ok,0.51,0,241
in-122,t-1182,oracle_flag,request,0,121,0,ok,0.56,0,257
in-122,t-0995,flag_hint,request,0,121,0,ok,0.36,0,233
in-123,t-1107,baseline,request,0,121,0,ok,0.06,0,350
in-123,t-1949,flag,request,0,121,0,ok,0.08,0,337
in-123,t-1248,flag_text,request,0,121,0,ok,0.06,0,304
in-123,t-0675,oracle_flag,request,0,121,0,ok,0.08,0,319
in-123,t-1203,flag_hint,request,0,121,0,ok,0.15,0,207
in-124,t-0368,baseline,request,0,121,0,ok,0.09,0,289
in-124,t-0310,flag,request,0,121,0,ok,0.08,0,467
in-124,t-0294,flag_text,request,0,121,0,ok,0.08,0,285
in-124,t-1206,oracle_flag,request,0,121,0,ok,0.08,0,218
in-124,t-1417,flag_hint,request,0,121,0,ok,0.15,0,318
in-125,t-0596,baseline,request,0,121,0,ok,0.1,0,190
in-125,t-1347,flag,request,0,121,0,ok,0.1,0,215
in-125,t-1460,flag_text,request,0,121,0,ok,0.08,0,211
in-125,t-1553,oracle_flag,request,0,121,0,ok,0.1,0,239
in-125,t-0730,flag_hint,request,0,121,0,ok,0.15,0,299
in-126,t-2111,baseline,request,0,121,0,ok,0.09,0,289
in-126,t-2121,flag,request,0,121,0,ok,0.09,0,247
in-126,t-0491,flag_text,request,0,121,0,ok,0.08,0,288
in-126,t-1955,oracle_flag,request,0,121,0,ok,0.11,0,208
in-126,t-2017,flag_hint,request,0,121,0,ok,0.16,0,283
in-127,t-1474,baseline,request,0,121,0,ok,0.08,0,277
in-127,t-0973,flag,request,0,121,0,ok,0.1,0,254
in-127,t-0618,flag_text,request,0,121,0,ok,0.07,0,298
in-127,t-1994,oracle_flag,request,0,121,0,ok,0.11,0,291
in-127,t-0997,flag_hint,request,0,121,0,ok,0.25,0,236
in-128,t-2091,baseline,request,0,121,0,ok,0.74,1,291
in-128,t-1150,flag,request,0,121,0,ok,0.68,0,236
in-128,t-1616,flag_text,request,0,121,0,ok,0.69,0,290
in-128,t-2182,oracle_flag,request,0,121,0,ok,0.71,1,237
in-128,t-1754,flag_hint,request,0,121,0,ok,0.28,0,262
in-129,t-1505,baseline,request,0,121,0,ok,0.06,0,191
in-129,t-0508,flag,request,0,121,0,ok,0.07,0,235
in-129,t-0658,flag_text,request,0,121,0,ok,0.05,0,273
in-129,t-1735,oracle_flag,request,0,121,0,ok,0.06,0,310
in-129,t-2042,flag_hint,request,0,121,0,ok,0.13,0,237
in-130,t-1705,baseline,request,0,121,0,ok,0.42,0,306
in-130,t-1307,flag,request,0,121,0,ok,0.27,0,202
in-130,t-1752,flag_text,request,0,121,0,ok,0.29,0,222
in-130,t-0401,oracle_flag,request,0,121,0,ok,0.28,0,244
in-130,t-1506,flag_hint,request,0,121,0,ok,0.41,0,214
in-131,t-0662,baseline,request,0,121,0,ok,0.06,0,314
in-131,t-1179,flag,request,0,121,0,ok,0.06,0,218
in-131,t-1438,flag_text,request,0,121,0,ok,0.05,0,227
in-131,t-2210,oracle_flag,request,0,121,0,ok,0.06,0,219
in-131,t-0317,flag_hint,request,0,121,0,ok,0.12,0,238
in-132,t-0712,baseline,request,0,121,0,ok,0.09,0,346
in-132,t-0358,flag,request,0,121,0,ok,0.1,0,470
in-132,t-0936,flag_text,request,0,121,0,ok,0.06,0,285
in-132,t-2214,oracle_flag,request,0,121,0,ok,0.11,0,216
in-132,t-0621,flag_hint,request,0,121,0,ok,0.15,0,286
in-133,t-2150,baseline,request,0,121,0,ok,0.11,0,205
in-133,t-0567,flag,request,0,121,0,ok,0.11,0,288
in-133,t-0818,flag_text,request,0,121,0,ok,0.06,0,267
in-133,t-0361,oracle_flag,request,0,121,0,ok,0.11,0,529
in-133,t-0746,flag_hint,request,0,121,0,ok,0.16,0,297
in-134,t-1385,baseline,request,0,121,0,ok,0.08,0,284
in-134,t-1362,flag,request,0,121,0,ok,0.08,0,312
in-134,t-0883,flag_text,request,0,121,0,ok,0.06,0,327
in-134,t-0843,oracle_flag,request,0,121,0,ok,0.08,0,209
in-134,t-1591,flag_hint,request,0,121,0,ok,0.14,0,224
in-135,t-1935,baseline,request,0,121,0,ok,0.06,0,278
in-135,t-1312,flag,request,0,121,0,ok,0.08,0,212
in-135,t-0517,flag_text,request,0,121,0,ok,0.05,0,265
in-135,t-0852,oracle_flag,request,0,121,0,ok,0.07,0,212
in-135,t-1809,flag_hint,request,0,121,0,ok,0.17,0,275
in-136,t-1590,baseline,request,0,121,0,ok,0.07,0,283
in-136,t-1501,flag,request,0,121,0,ok,0.07,0,278
in-136,t-1490,flag_text,request,0,121,0,ok,0.06,0,197
in-136,t-1397,oracle_flag,request,0,121,0,ok,0.07,0,384
in-136,t-1386,flag_hint,request,0,121,0,ok,0.13,0,194
in-137,t-2053,baseline,request,0,121,0,ok,0.52,0,209
in-137,t-2223,flag,request,0,121,0,ok,0.5,0,225
in-137,t-1578,flag_text,request,0,121,0,ok,0.46,0,295
in-137,t-2213,oracle_flag,request,0,121,0,ok,0.53,0,265
in-137,t-0851,flag_hint,request,0,121,0,ok,0.26,0,208
in-138,t-1992,baseline,request,0,121,0,ok,0.05,0,312
in-138,t-0552,flag,request,0,121,0,ok,0.06,0,274
in-138,t-1684,flag_text,request,0,121,0,ok,0.05,0,278
in-138,t-0921,oracle_flag,request,0,121,0,ok,0.06,0,238
in-138,t-1104,flag_hint,request,0,121,0,ok,0.12,0,219
in-139,t-1728,baseline,request,0,121,0,ok,0.09,0,220
in-139,t-1443,flag,request,0,121,0,ok,0.09,0,285
in-139,t-1041,flag_text,request,0,121,0,ok,0.07,0,254
in-139,t-0273,oracle_flag,request,0,121,0,ok,0.08,0,213
in-139,t-0337,flag_hint,request,0,121,0,ok,0.15,0,455
in-140,t-2063,baseline,request,0,121,0,ok,0.2,0,234
in-140,t-1675,flag,request,0,121,0,ok,0.19,0,218
in-140,t-0853,flag_text,request,0,121,0,ok,0.11,0,291
in-140,t-2060,oracle_flag,request,0,121,0,ok,0.21,0,290
in-140,t-1125,flag_hint,request,0,121,0,ok,0.24,0,264
in-141,t-1089,baseline,request,0,121,0,ok,0.82,1,226
in-141,t-1883,flag,request,0,121,0,ok,0.74,1,317
in-141,t-1264,flag_text,request,0,121,0,ok,0.74,1,234
in-141,t-1348,oracle_flag,request,0,121,0,ok,0.72,1,195
in-141,t-1942,flag_hint,request,0,121,0,ok,0.46,0,274
in-142,t-1560,baseline,request,0,121,0,ok,0.05,0,208
in-142,t-1102,flag,request,0,121,0,ok,0.05,0,201
in-142,t-0787,flag_text,request,0,121,0,ok,0.05,0,206
in-142,t-1881,oracle_flag,request,0,121,0,ok,0.06,0,288
in-142,t-1998,flag_hint,request,0,121,0,ok,0.12,0,203
in-143,t-0575,baseline,request,0,121,0,ok,0.05,0,234
in-143,t-0782,flag,request,0,121,0,ok,0.05,0,229
in-143,t-1276,flag_text,request,0,121,0,ok,0.04,0,224
in-143,t-2196,oracle_flag,request,0,121,0,ok,0.05,0,243
in-143,t-0597,flag_hint,request,0,121,0,ok,0.12,0,335
in-144,t-0971,baseline,request,0,121,0,ok,0.79,1,295
in-144,t-1888,flag,request,0,121,0,ok,0.65,0,222
in-144,t-1327,flag_text,request,0,121,0,ok,0.7,1,206
in-144,t-0693,oracle_flag,request,0,121,0,ok,0.59,0,313
in-144,t-2234,flag_hint,request,0,121,0,ok,0.34,0,194
in-145,t-0948,baseline,request,0,121,0,ok,0.42,0,315
in-145,t-1047,flag,request,0,121,0,ok,0.32,0,212
in-145,t-0874,flag_text,request,0,121,0,ok,0.39,0,300
in-145,t-1450,oracle_flag,request,0,121,0,ok,0.35,0,213
in-145,t-0944,flag_hint,request,0,121,0,ok,0.3,0,213
in-146,t-2036,baseline,request,0,121,0,ok,0.07,0,203
in-146,t-0448,flag,request,0,121,0,ok,0.09,0,240
in-146,t-0778,flag_text,request,0,121,0,ok,0.06,0,281
in-146,t-0640,oracle_flag,request,0,121,0,ok,0.09,0,291
in-146,t-0319,flag_hint,request,0,121,0,ok,0.12,0,255
in-147,t-0428,baseline,request,0,121,0,ok,0.08,0,210
in-147,t-1970,flag,request,0,121,0,ok,0.1,0,240
in-147,t-1835,flag_text,request,0,121,0,ok,0.07,0,243
in-147,t-1128,oracle_flag,request,0,121,0,ok,0.11,0,316
in-147,t-2268,flag_hint,request,0,121,0,ok,0.16,0,201
in-148,t-0841,baseline,request,0,121,0,ok,0.24,0,284
in-148,t-0625,flag,request,0,121,0,ok,0.29,0,281
in-148,t-2128,flag_text,request,0,121,0,ok,0.18,0,213
in-148,t-1146,oracle_flag,request,0,121,0,ok,0.27,0,207
in-148,t-0388,flag_hint,request,0,121,0,ok,0.31,0,337
in-149,t-0795,baseline,request,0,121,0,ok,0.1,0,379
in-149,t-1195,flag,request,0,121,0,ok,0.09,0,218
in-149,t-0999,flag_text,request,0,121,0,ok,0.07,0,305
in-149,t-2113,oracle_flag,request,0,121,0,ok,0.08,0,301
in-149,t-0716,flag_hint,request,0,121,0,ok,0.16,0,211
in-150,t-1589,baseline,request,0,121,0,ok,0.06,0,241
in-150,t-1706,flag,request,0,121,0,ok,0.07,0,383
in-150,t-1766,flag_text,request,0,121,0,ok,0.05,0,204
in-150,t-2203,oracle_flag,request,0,121,0,ok,0.06,0,202
in-150,t-0336,flag_hint,request,0,121,0,ok,0.12,0,266
in-151,t-0314,baseline,indirect-constraint,1,121,1,ok,0.87,1,327
in-151,t-1850,flag,indirect-constraint,1,121,1,ok,0.85,1,316
in-151,t-0302,flag_text,indirect-constraint,1,121,1,ok,0.84,1,528
in-151,t-1207,oracle_flag,indirect-constraint,1,121,1,ok,0.86,1,223
in-151,t-2045,flag_hint,indirect-constraint,1,121,1,ok,0.91,1,286
in-152,t-0434,baseline,indirect-constraint,1,121,1,ok,0.8,1,238
in-152,t-0606,flag,indirect-constraint,1,121,1,ok,0.84,1,250
in-152,t-1292,flag_text,indirect-constraint,1,121,1,ok,0.79,1,282
in-152,t-1095,oracle_flag,indirect-constraint,1,121,1,ok,0.84,1,252
in-152,t-0838,flag_hint,indirect-constraint,1,121,1,ok,0.89,1,255
in-153,t-1434,baseline,indirect-constraint,1,121,1,ok,0.86,1,227
in-153,t-0870,flag,indirect-constraint,1,121,1,ok,0.85,1,224
in-153,t-1817,flag_text,indirect-constraint,1,121,1,ok,0.83,1,296
in-153,t-1290,oracle_flag,indirect-constraint,1,121,1,ok,0.85,1,288
in-153,t-1600,flag_hint,indirect-constraint,1,121,1,ok,0.91,1,338
in-154,t-1001,baseline,indirect-constraint,1,121,1,ok,0.82,1,520
in-154,t-0439,flag,indirect-constraint,1,121,1,ok,0.76,1,326
in-154,t-0903,flag_text,indirect-constraint,1,121,1,ok,0.78,1,304
in-154,t-0869,oracle_flag,indirect-constraint,1,121,1,ok,0.76,1,250
in-154,t-1627,flag_hint,indirect-constraint,1,121,1,ok,0.9,1,225
in-155,t-0977,baseline,indirect-constraint,1,121,1,ok,0.88,1,300
in-155,t-2144,flag,indirect-constraint,1,121,1,ok,0.88,1,309
in-155,t-0356,flag_text,indirect-constraint,1,121,1,ok,0.85,1,275
in-155,t-1493,oracle_flag,indirect-constraint,1,121,1,ok,0.88,1,203
in-155,t-0683,flag_hint,indirect-constraint,1,121,1,ok,0.93,1,241
in-156,t-0879,baseline,indirect-constraint,1,121,1,ok,0.8,1,204
in-156,t-1632,flag,indirect-constraint,1,121,1,ok,0.8,1,246
in-156,t-1982,flag_text,indirect-constraint,1,121,1,ok,0.68,0,299
in-156,t-1588,oracle_flag,indirect-constraint,1,121,1,ok,0.79,1,286
in-156,t-0406,flag_hint,indirect-constraint,1,121,1,ok,0.88,1,246
in-157,t-1976,baseline,indirect-constraint,1,121,1,ok,0.89,1,209
in-157,t-2008,flag,indirect-constraint,1,121,1,ok,0.88,1,306
in-157,t-1868,flag_text,indirect-constraint,1,121,1,ok,0.86,1,339
in-157,t-0370,oracle_flag,indirect-constraint,1,121,1,ok,0.87,1,306
in-157,t-1606,flag_hint,indirect-constraint,1,121,1,ok,0.92,1,209
in-158,t-1927,baseline,indirect-constraint,1,121,1,ok,0.94,1,302
in-158,t-1634,flag,indirect-constraint,1,121,1,ok,0.94,1,285
in-158,t-1968,flag_text,indirect-constraint,1,121,1,ok,0.91,1,252
in-158,t-1255,oracle_flag,indirect-constraint,1,121,1,ok,0.94,1,236
in-158,t-2125,flag_hint,indirect-constraint,1,121,1,ok,0.93,1,301
in-159,t-0277,baseline,indirect-constraint,1,121,1,ok,0.79,1,214
in-159,t-1686,flag,indirect-constraint,1,121,1,ok,0.8,1,257
in-159,t-0897,flag_text,indirect-constraint,1,121,1,ok,0.77,1,213
in-159,t-0383,oracle_flag,indirect-constraint,1,121,1,ok,0.81,1,232
in-159,t-0514,flag_hint,indirect-constraint,1,121,1,ok,0.9,1,277
in-160,t-0451,baseline,indirect-constraint,1,121,1,ok,0.41,0,289
in-160,t-0744,flag,indirect-constraint,1,121,1,ok,0.6,0,209
in-160,t-1872,flag_text,indirect-constraint,1,121,1,ok,0.48,0,310
in-160,t-1447,oracle_flag,indirect-constraint,1,121,1,ok,0.59,0,208
in-160,t-2142,flag_hint,indirect-constraint,1,121,1,ok,0.81,1,297
in-161,t-1442,baseline,indirect-constraint,1,121,1,ok,0.87,1,239
in-161,t-1070,flag,indirect-constraint,1,121,1,ok,0.85,1,260
in-161,t-1617,flag_text,indirect-constraint,1,121,1,ok,0.84,1,280
in-161,t-0682,oracle_flag,indirect-constraint,1,121,1,ok,0.85,1,276
in-161,t-2237,flag_hint,indirect-constraint,1,121,1,ok,0.84,1,200
in-162,t-0945,baseline,indirect-constraint,1,121,1,ok,0.85,1,211
in-162,t-1287,flag,indirect-constraint,1,121,1,ok,0.84,1,205
in-162,t-1671,flag_text,indirect-constraint,1,121,1,ok,0.76,1,264
in-162,t-0710,oracle_flag,indirect-constraint,1,121,1,ok,0.85,1,292
in-162,t-1726,flag_hint,indirect-constraint,1,121,1,ok,0.89,1,258
in-163,t-0411,baseline,indirect-constraint,1,121,1,ok,0.47,0,292
in-163,t-1430,flag,indirect-constraint,1,121,1,ok,0.34,0,214
in-163,t-2233,flag_text,indirect-constraint,1,121,1,ok,0.52,0,239
in-163,t-1660,oracle_flag,indirect-constraint,1,121,1,ok,0.34,0,256
in-163,t-0292,flag_hint,indirect-constraint,1,121,1,ok,0.86,1,318
in-164,t-1190,baseline,indirect-constraint,1,121,1,ok,0.73,1,233
in-164,t-0646,flag,indirect-constraint,1,121,1,ok,0.7,1,243
in-164,t-0809,flag_text,indirect-constraint,1,121,1,ok,0.69,0,268
in-164,t-2135,oracle_flag,indirect-constraint,1,121,1,ok,0.7,1,292
in-164,t-2276,flag_hint,indirect-constraint,1,121,1,ok,0.9,1,255
in-165,t-1349,baseline,indirect-constraint,1,121,1,ok,0.72,1,205
in-165,t-0934,flag,indirect-constraint,1,121,1,ok,0.78,1,524
in-165,t-2148,flag_text,indirect-constraint,1,121,1,ok,0.75,1,300
in-165,t-1188,oracle_flag,indirect-constraint,1,121,1,ok,0.8,1,236
in-165,t-0676,flag_hint,indirect-constraint,1,121,1,ok,0.89,1,364
in-166,t-1574,baseline,indirect-constraint,1,121,1,ok,0.73,1,311
in-166,t-0821,flag,indirect-constraint,1,121,1,ok,0.69,0,205
in-166,t-0860,flag_text,indirect-constraint,1,121,1,ok,0.66,0,281
in-166,t-1325,oracle_flag,indirect-constraint,1,121,1,ok,0.69,0,204
in-166,t-1318,flag_hint,indirect-constraint,1,121,1,ok,0.3,0,202
in-167,t-1168,baseline,indirect-constraint,1,121,1,ok,0.85,1,248
in-167,t-0522,flag,indirect-constraint,1,121,1,ok,0.84,1,258
in-167,t-1662,flag_text,indirect-constraint,1,121,1,ok,0.8,1,259
in-167,t-2097,oracle_flag,indirect-constraint,1,121,1,ok,0.84,1,253
in-167,t-0459,flag_hint,indirect-constraint,1,121,1,ok,0.91,1,211
in-168,t-0320,baseline,indirect-constraint,1,121,1,ok,0.88,1,272
in-168,t-1741,flag,indirect-constraint,1,121,1,ok,0.86,1,237
in-168,t-2020,flag_text,indirect-constraint,1,121,1,ok,0.82,1,302
in-168,t-0348,oracle_flag,indirect-constraint,1,121,1,ok,0.87,1,317
in-168,t-2173,flag_hint,indirect-constraint,1,121,1,ok,0.93,1,200
in-169,t-0789,baseline,indirect-constraint,1,121,1,ok,0.9,1,286
in-169,t-0421,flag,indirect-constraint,1,121,1,ok,0.88,1,284
in-169,t-0328,flag_text,indirect-constraint,1,121,1,ok,0.81,1,232
in-169,t-0812,oracle_flag,indirect-constraint,1,121,1,ok,0.87,1,331
in-169,t-1965,flag_hint,indirect-constraint,1,121,1,ok,0.92,1,297
in-170,t-0233,baseline,indirect-constraint,1,121,1,ok,0.68,0,220
in-170,t-2164,flag,indirect-constraint,1,121,1,ok,0.81,1,485
in-170,t-2185,flag_text,indirect-constraint,1,121,1,ok,0.65,0,266
in-170,t-0929,oracle_flag,indirect-constraint,1,121,1,ok,0.78,1,248
in-170,t-1407,flag_hint,indirect-constraint,1,121,1,ok,0.91,1,399
in-171,t-0313,baseline,indirect-constraint,1,121,1,ok,0.84,1,523
in-171,t-2015,flag,indirect-constraint,1,121,1,ok,0.81,1,289
in-171,t-0225,flag_text,indirect-constraint,1,121,1,ok,0.76,1,187
in-171,t-1952,oracle_flag,indirect-constraint,1,121,1,ok,0.81,1,200
in-171,t-2052,flag_hint,indirect-constraint,1,121,1,ok,0.9,1,215
in-172,t-1797,baseline,indirect-constraint,1,121,1,ok,0.87,1,224
in-172,t-0371,flag,indirect-constraint,1,121,1,ok,0.86,1,268
in-172,t-0963,flag_text,indirect-constraint,1,121,1,ok,0.83,1,308
in-172,t-0980,oracle_flag,indirect-constraint,1,121,1,ok,0.86,1,271
in-172,t-0595,flag_hint,indirect-constraint,1,121,1,ok,0.92,1,320
in-173,t-2178,baseline,indirect-constraint,1,121,1,ok,0.7,1,249
in-173,t-2086,flag,indirect-constraint,1,121,1,ok,0.62,0,310
in-173,t-1980,flag_text,indirect-constraint,1,121,1,ok,0.64,0,315
in-173,t-0717,oracle_flag,indirect-constraint,1,121,1,ok,0.65,0,341
in-173,t-1278,flag_hint,indirect-constraint,1,121,1,ok,0.86,1,264
in-174,t-0218,baseline,indirect-constraint,1,121,1,ok,0.61,0,222
in-174,t-0288,flag,indirect-constraint,1,121,1,ok,0.53,0,308
in-174,t-0747,flag_text,indirect-constraint,1,121,1,ok,0.54,0,236
in-174,t-0764,oracle_flag,indirect-constraint,1,121,1,ok,0.59,0,271
in-174,t-1737,flag_hint,indirect-constraint,1,121,1,ok,0.69,0,213
in-175,t-1346,baseline,indirect-constraint,1,121,1,ok,0.85,1,237
in-175,t-1731,flag,indirect-constraint,1,121,1,ok,0.79,1,302
in-175,t-0993,flag_text,indirect-constraint,1,121,1,ok,0.77,1,226
in-175,t-0518,oracle_flag,indirect-constraint,1,121,1,ok,0.79,1,218
in-175,t-0663,flag_hint,indirect-constraint,1,121,1,ok,0.91,1,343
in-176,t-1795,baseline,indirect-request,1,121,0,ok,0.09,0,252
in-176,t-1997,flag,indirect-request,1,121,0,ok,0.15,0,214
in-176,t-0375,flag_text,indirect-request,1,121,0,ok,0.09,0,525
in-176,t-0799,oracle_flag,indirect-request,1,121,0,ok,0.12,0,377
in-176,t-1963,flag_hint,indirect-request,1,121,0,ok,0.16,0,304
in-177,t-0600,baseline,indirect-request,1,121,0,ok,0.83,1,290
in-177,t-1100,flag,indirect-request,1,121,0,ok,0.84,1,212
in-177,t-0264,flag_text,indirect-request,1,121,0,ok,0.8,1,311
in-177,t-1260,oracle_flag,indirect-request,1,121,0,ok,0.84,1,215
in-177,t-1039,flag_hint,indirect-request,1,121,0,ok,0.35,0,206
in-178,t-0444,baseline,indirect-request,1,121,0,ok,0.19,0,214
in-178,t-1365,flag,indirect-request,1,121,0,ok,0.2,0,199
in-178,t-0888,flag_text,indirect-request,1,121,0,ok,0.2,0,317
in-178,t-1210,oracle_flag,indirect-request,1,121,0,ok,0.21,0,287
in-178,t-1244,flag_hint,indirect-request,1,121,0,ok,0.14,0,259
in-179,t-2236,baseline,indirect-request,1,121,0,ok,0.08,0,259
in-179,t-0614,flag,indirect-request,1,121,0,ok,0.08,0,209
in-179,t-2250,flag_text,indirect-request,1,121,0,ok,0.06,0,317
in-179,t-1028,oracle_flag,indirect-request,1,121,0,ok,0.09,0,324
in-179,t-0247,flag_hint,indirect-request,1,121,0,ok,0.14,0,200
in-180,t-0895,baseline,indirect-request,1,121,0,ok,0.26,0,219
in-180,t-2087,flag,indirect-request,1,121,0,ok,0.22,0,250
in-180,t-0996,flag_text,indirect-request,1,121,0,ok,0.17,0,292
in-180,t-1052,oracle_flag,indirect-request,1,121,0,ok,0.21,0,327
in-180,t-0983,flag_hint,indirect-request,1,121,0,ok,0.19,0,216
in-181,t-0872,baseline,indirect-request,1,121,0,ok,0.1,0,206
in-181,t-0573,flag,indirect-request,1,121,0,ok,0.12,0,208
in-181,t-1839,flag_text,indirect-request,1,121,0,ok,0.09,0,224
in-181,t-0607,oracle_flag,indirect-request,1,121,0,ok,0.12,0,301
in-181,t-1257,flag_hint,indirect-request,1,121,0,ok,0.12,0,239
in-182,t-1063,baseline,indirect-request,1,121,0,ok,0.17,0,313
in-182,t-1044,flag,indirect-request,1,121,0,ok,0.16,0,234
in-182,t-0511,flag_text,indirect-request,1,121,0,ok,0.14,0,284
in-182,t-2104,oracle_flag,indirect-request,1,121,0,ok,0.18,0,219
in-182,t-0486,flag_hint,indirect-request,1,121,0,ok,0.13,0,244
in-183,t-1048,baseline,indirect-request,1,121,0,ok,0.78,1,300
in-183,t-1966,flag,indirect-request,1,121,0,ok,0.63,0,224
in-183,t-2154,flag_text,indirect-request,1,121,0,ok,0.67,0,304
in-183,t-0584,oracle_flag,indirect-request,1,121,0,ok,0.6,0,241
in-183,t-0430,flag_hint,indirect-request,1,121,0,ok,0.27,0,257
in-184,t-1405,baseline,indirect-request,1,121,0,ok,0.73,1,276
in-184,t-1938,flag,indirect-request,1,121,0,ok,0.62,0,237
in-184,t-1471,flag_text,indirect-request,1,121,0,ok,0.65,0,281
in-184,t-0404,oracle_flag,indirect-request,1,121,0,ok,0.6,0,230
in-184,t-2043,flag_hint,indirect-request,1,121,0,ok,0.21,0,287
in-185,t-1473,baseline,indirect-request,1,121,0,ok,0.07,0,208
in-185,t-0326,flag,indirect-request,1,121,0,ok,0.1,0,208
in-185,t-1472,flag_text,indirect-request,1,121,0,ok,0.07,0,243
in-185,t-1017,oracle_flag,indirect-request,1,121,0,ok,0.11,0,306
in-185,t-1343,flag_hint,indirect-request,1,121,0,ok,0.11,0,293
in-186,t-0581,baseline,indirect-request,1,121,0,ok,0.81,1,281
in-186,t-0603,flag,indirect-request,1,121,0,ok,0.8,1,244
in-186,t-2098,flag_text,indirect-request,1,121,0,ok,0.74,1,213
in-186,t-1513,oracle_flag,indirect-request,1,121,0,ok,0.82,1,210
in-186,t-0412,flag_hint,indirect-request,1,121,0,ok,0.33,0,210
in-187,t-1233,baseline,indirect-request,1,121,0,ok,0.13,0,288
in-187,t-0828,flag,indirect-request,1,121,0,ok,0.15,0,220
in-187,t-1818,flag_text,indirect-request,1,121,0,ok,0.11,0,255
in-187,t-2159,oracle_flag,indirect-request,1,121,0,ok,0.15,0,214
in-187,t-0390,flag_hint,indirect-request,1,121,0,ok,0.22,0,296
in-188,t-1131,baseline,indirect-request,1,121,0,ok,0.64,0,204
in-188,t-1936,flag,indirect-request,1,121,0,ok,0.69,0,304
in-188,t-1010,flag_text,indirect-request,1,121,0,ok,0.58,0,244
in-188,t-0381,oracle_flag,indirect-request,1,121,0,ok,0.66,0,241
in-188,t-1775,flag_hint,indirect-request,1,121,0,ok,0.22,0,281
in-189,t-0465,baseline,indirect-request,1,121,0,ok,0.33,0,291
in-189,t-1074,flag,indirect-request,1,121,0,ok,0.34,0,230
in-189,t-0539,flag_text,indirect-request,1,121,0,ok,0.24,0,231
in-189,t-0969,oracle_flag,indirect-request,1,121,0,ok,0.29,0,311
in-189,t-0557,flag_hint,indirect-request,1,121,0,ok,0.16,0,319
in-190,t-0741,baseline,indirect-request,1,121,0,ok,0.44,0,245
in-190,t-1598,flag,indirect-request,1,121,0,ok,0.34,0,233
in-190,t-0975,flag_text,indirect-request,1,121,0,ok,0.29,0,210
in-190,t-1562,oracle_flag,indirect-request,1,121,0,ok,0.35,0,308
in-190,t-2055,flag_hint,indirect-request,1,121,0,ok,0.23,0,207
in-191,t-1494,baseline,indirect-request,1,121,0,ok,0.07,0,271
in-191,t-2191,flag,indirect-request,1,121,0,ok,0.08,0,238
in-191,t-2220,flag_text,indirect-request,1,121,0,ok,0.06,0,269
in-191,t-1145,oracle_flag,indirect-request,1,121,0,ok,0.07,0,292
in-191,t-0441,flag_hint,indirect-request,1,121,0,ok,0.1,0,250
in-192,t-1812,baseline,indirect-request,1,121,0,ok,0.12,0,238
in-192,t-1314,flag,indirect-request,1,121,0,ok,0.13,0,232
in-192,t-1184,flag_text,indirect-request,1,121,0,ok,0.1,0,270
in-192,t-1782,oracle_flag,indirect-request,1,121,0,ok,0.14,0,292
in-192,t-2145,flag_hint,indirect-request,1,121,0,ok,0.12,0,217
in-193,t-0479,baseline,indirect-request,1,121,0,ok,0.84,1,299
in-193,t-0283,flag,indirect-request,1,121,0,ok,0.8,1,541
in-193,t-1693,flag_text,indirect-request,1,121,0,ok,0.8,1,254
in-193,t-2096,oracle_flag,indirect-request,1,121,0,ok,0.8,1,204
in-193,t-2170,flag_hint,indirect-request,1,121,0,ok,0.34,0,281
in-194,t-2265,baseline,indirect-request,1,121,0,ok,0.17,0,294
in-194,t-1751,flag,indirect-request,1,121,0,ok,0.18,0,201
in-194,t-1079,flag_text,indirect-request,1,121,0,ok,0.14,0,205
in-194,t-0856,oracle_flag,indirect-request,1,121,0,ok,0.17,0,214
in-194,t-0728,flag_hint,indirect-request,1,121,0,ok,0.2,0,231
in-195,t-1261,baseline,indirect-request,1,121,0,ok,0.08,0,310
in-195,t-1500,flag,indirect-request,1,121,0,ok,0.07,0,301
in-195,t-1654,flag_text,indirect-request,1,121,0,ok,0.06,0,302
in-195,t-0316,oracle_flag,indirect-request,1,121,0,ok,0.07,0,245
in-195,t-1157,flag_hint,indirect-request,1,121,0,ok,0.16,0,279
in-196,t-1723,baseline,indirect-request,1,121,0,ok,0.07,0,272
in-196,t-0706,flag,indirect-request,1,121,0,ok,0.1,0,264
in-196,t-1989,flag_text,indirect-request,1,121,0,ok,0.06,0,209
in-196,t-1822,oracle_flag,indirect-request,1,121,0,ok,0.09,0,250
in-196,t-0443,flag_hint,indirect-request,1,121,0,ok,0.14,0,249
in-197,t-0844,baseline,indirect-request,1,121,0,ok,0.1,0,279
in-197,t-2022,flag,indirect-request,1,121,0,ok,0.13,0,213
in-197,t-0445,flag_text,indirect-request,1,121,0,ok,0.07,0,307
in-197,t-1511,oracle_flag,indirect-request,1,121,0,ok,0.13,0,264
in-197,t-1337,flag_hint,indirect-request,1,121,0,ok,0.13,0,405
in-198,t-1635,baseline,indirect-request,1,121,0,ok,0.83,1,234
in-198,t-2031,flag,indirect-request,1,121,0,ok,0.79,1,228
in-198,t-1586,flag_text,indirect-request,1,121,0,ok,0.78,1,317
in-198,t-1237,oracle_flag,indirect-request,1,121,0,ok,0.77,1,310
in-198,t-2021,flag_hint,indirect-request,1,121,0,ok,0.42,0,201
in-199,t-0544,baseline,indirect-request,1,121,0,ok,0.07,0,214
in-199,t-0433,flag,indirect-request,1,121,0,ok,0.08,0,255
in-199,t-1396,flag_text,indirect-request,1,121,0,ok,0.06,0,211
in-199,t-0835,oracle_flag,indirect-request,1,121,0,ok,0.07,0,245
in-199,t-0281,flag_hint,indirect-request,1,121,0,ok,0.1,0,320
in-200,t-0321,baseline,indirect-request,1,121,0,ok,0.12,0,272
in-200,t-1659,flag,indirect-request,1,121,0,ok,0.13,0,260
in-200,t-1091,flag_text,indirect-request,1,121,0,ok,0.08,0,248
in-200,t-1330,oracle_flag,indirect-request,1,121,0,ok,0.13,0,224
in-200,t-1516,flag_hint,indirect-request,1,121,0,ok,0.15,0,380
in-201,t-0654,baseline,indirect-constraint,1,new,1,ok,0.79,1,203
in-201,t-1379,flag,indirect-constraint,1,new,1,ok,0.72,1,244
in-201,t-1124,flag_text,indirect-constraint,1,new,1,ok,0.76,1,220
in-201,t-2012,oracle_flag,indirect-constraint,1,new,1,ok,0.73,1,216
in-201,t-0806,flag_hint,indirect-constraint,1,new,1,ok,0.87,1,227
in-202,t-1115,baseline,indirect-constraint,1,new,1,ok,0.6,0,204
in-202,t-1843,flag,indirect-constraint,1,new,1,ok,0.56,0,223
in-202,t-2266,flag_text,indirect-constraint,1,new,1,ok,0.5,0,201
in-202,t-1240,oracle_flag,indirect-constraint,1,new,1,ok,0.57,0,276
in-202,t-1280,flag_hint,indirect-constraint,1,new,1,ok,0.85,1,294
in-203,t-0699,baseline,indirect-constraint,1,new,1,ok,0.83,1,222
in-203,t-0334,flag,indirect-constraint,1,new,1,ok,0.83,1,530
in-203,t-1324,flag_text,indirect-constraint,1,new,1,ok,0.81,1,204
in-203,t-0909,oracle_flag,indirect-constraint,1,new,1,ok,0.81,1,232
in-203,t-1557,flag_hint,indirect-constraint,1,new,1,ok,0.9,1,211
in-204,t-0555,baseline,indirect-constraint,1,new,1,ok,0.53,0,233
in-204,t-0495,flag,indirect-constraint,1,new,1,ok,0.62,0,275
in-204,t-0392,flag_text,indirect-constraint,1,new,1,ok,0.56,0,308
in-204,t-0762,oracle_flag,indirect-constraint,1,new,1,ok,0.61,0,326
in-204,t-0930,flag_hint,indirect-constraint,1,new,1,ok,0.88,1,212
in-205,t-1974,baseline,indirect-constraint,1,new,1,ok,0.73,1,294
in-205,t-1774,flag,indirect-constraint,1,new,1,ok,0.71,1,236
in-205,t-2138,flag_text,indirect-constraint,1,new,1,ok,0.65,0,210
in-205,t-1581,oracle_flag,indirect-constraint,1,new,1,ok,0.74,1,218
in-205,t-1029,flag_hint,indirect-constraint,1,new,1,ok,0.85,1,296
in-206,t-0285,baseline,indirect-constraint,1,new,1,ok,0.82,1,208
in-206,t-1871,flag,indirect-constraint,1,new,1,ok,0.76,1,205
in-206,t-2079,flag_text,indirect-constraint,1,new,1,ok,0.81,1,203
in-206,t-1764,oracle_flag,indirect-constraint,1,new,1,ok,0.75,1,220
in-206,t-1792,flag_hint,indirect-constraint,1,new,1,ok,0.94,1,218
in-207,t-1272,baseline,indirect-constraint,1,new,1,ok,0.83,1,193
in-207,t-1225,flag,indirect-constraint,1,new,1,ok,0.87,1,242
in-207,t-0617,flag_text,indirect-constraint,1,new,1,ok,0.79,1,208
in-207,t-1801,oracle_flag,indirect-constraint,1,new,1,ok,0.86,1,244
in-207,t-0952,flag_hint,indirect-constraint,1,new,1,ok,0.92,1,263
in-208,t-1408,baseline,indirect-constraint,1,new,1,ok,0.88,1,255
in-208,t-1030,flag,indirect-constraint,1,new,1,ok,0.88,1,227
in-208,t-1366,flag_text,indirect-constraint,1,new,1,ok,0.82,1,214
in-208,t-0615,oracle_flag,indirect-constraint,1,new,1,ok,0.87,1,219
in-208,t-1177,flag_hint,indirect-constraint,1,new,1,ok,0.92,1,206
in-209,t-1834,baseline,indirect-constraint,1,new,1,ok,0.44,0,307
in-209,t-1356,flag,indirect-constraint,1,new,1,ok,0.55,0,341
in-209,t-1791,flag_text,indirect-constraint,1,new,1,ok,0.52,0,207
in-209,t-0519,oracle_flag,indirect-constraint,1,new,1,ok,0.57,0,310
in-209,t-1154,flag_hint,indirect-constraint,1,new,1,ok,0.83,1,204
in-210,t-1739,baseline,indirect-constraint,1,new,1,ok,0.88,1,248
in-210,t-1799,flag,indirect-constraint,1,new,1,ok,0.84,1,274
in-210,t-1813,flag_text,indirect-constraint,1,new,1,ok,0.83,1,242
in-210,t-2253,oracle_flag,indirect-constraint,1,new,1,ok,0.84,1,289
in-210,t-1436,flag_hint,indirect-constraint,1,new,1,ok,0.92,1,239
in-211,t-2106,baseline,indirect-constraint,1,new,1,ok,0.76,1,340
in-211,t-2030,flag,indirect-constraint,1,new,1,ok,0.8,1,218
in-211,t-1708,flag_text,indirect-constraint,1,new,1,ok,0.71,1,239
in-211,t-1042,oracle_flag,indirect-constraint,1,new,1,ok,0.82,1,215
in-211,t-0639,flag_hint,indirect-constraint,1,new,1,ok,0.89,1,221
in-212,t-0947,baseline,indirect-constraint,1,new,1,ok,0.85,1,220
in-212,t-0417,flag,indirect-constraint,1,new,1,ok,0.83,1,260
in-212,t-1375,flag_text,indirect-constraint,1,new,1,ok,0.83,1,279
in-212,t-0820,oracle_flag,indirect-constraint,1,new,1,ok,0.86,1,312
in-212,t-1916,flag_hint,indirect-constraint,1,new,1,ok,0.76,1,269
in-213,t-1596,baseline,indirect-constraint,1,new,1,ok,0.76,1,323
in-213,t-0736,flag,indirect-constraint,1,new,1,ok,0.65,0,316
in-213,t-0211,flag_text,indirect-constraint,1,new,1,ok,0.69,0,188
in-213,t-1050,oracle_flag,indirect-constraint,1,new,1,ok,0.69,0,298
in-213,t-1770,flag_hint,indirect-constraint,1,new,1,ok,0.84,1,305
in-214,t-2231,baseline,indirect-constraint,1,new,1,ok,0.87,1,216
in-214,t-0290,flag,indirect-constraint,1,new,1,ok,0.88,1,262
in-214,t-0230,flag_text,indirect-constraint,1,new,1,ok,0.8,1,220
in-214,t-1071,oracle_flag,indirect-constraint,1,new,1,ok,0.87,1,263
in-214,t-0303,flag_hint,indirect-constraint,1,new,1,ok,0.94,1,359
in-215,t-0972,baseline,indirect-constraint,1,new,1,ok,0.84,1,226
in-215,t-0420,flag,indirect-constraint,1,new,1,ok,0.85,1,234
in-215,t-1535,flag_text,indirect-constraint,1,new,1,ok,0.77,1,288
in-215,t-0339,oracle_flag,indirect-constraint,1,new,1,ok,0.85,1,263
in-215,t-0635,flag_hint,indirect-constraint,1,new,1,ok,0.93,1,205
in-216,t-1350,baseline,indirect-constraint,1,new,1,ok,0.87,1,335
in-216,t-0222,flag,indirect-constraint,1,new,1,ok,0.88,1,221
in-216,t-0636,flag_text,indirect-constraint,1,new,1,ok,0.79,1,326
in-216,t-1555,oracle_flag,indirect-constraint,1,new,1,ok,0.88,1,207
in-216,t-2088,flag_hint,indirect-constraint,1,new,1,ok,0.93,1,301
in-217,t-1504,baseline,indirect-constraint,1,new,1,ok,0.49,0,250
in-217,t-0661,flag,indirect-constraint,1,new,1,ok,0.59,0,303
in-217,t-1421,flag_text,indirect-constraint,1,new,1,ok,0.46,0,350
in-217,t-2200,oracle_flag,indirect-constraint,1,new,1,ok,0.57,0,211
in-217,t-1727,flag_hint,indirect-constraint,1,new,1,ok,0.84,1,274
in-218,t-0610,baseline,indirect-constraint,1,new,1,ok,0.72,1,269
in-218,t-0884,flag,indirect-constraint,1,new,1,ok,0.69,0,306
in-218,t-2257,flag_text,indirect-constraint,1,new,1,ok,0.69,0,302
in-218,t-0249,oracle_flag,indirect-constraint,1,new,1,ok,0.71,1,218
in-218,t-0346,flag_hint,indirect-constraint,1,new,1,ok,0.91,1,284
in-219,t-2123,baseline,indirect-constraint,1,new,1,ok,0.74,1,277
in-219,t-1546,flag,indirect-constraint,1,new,1,ok,0.77,1,306
in-219,t-1638,flag_text,indirect-constraint,1,new,1,ok,0.72,1,257
in-219,t-1709,oracle_flag,indirect-constraint,1,new,1,ok,0.77,1,261
in-219,t-1922,flag_hint,indirect-constraint,1,new,1,ok,0.9,1,206
in-220,t-1189,baseline,indirect-constraint,1,new,1,ok,0.8,1,291
in-220,t-1013,flag,indirect-constraint,1,new,1,ok,0.75,1,291
in-220,t-1123,flag_text,indirect-constraint,1,new,1,ok,0.75,1,222
in-220,t-1720,oracle_flag,indirect-constraint,1,new,1,ok,0.74,1,411
in-220,t-0488,flag_hint,indirect-constraint,1,new,1,ok,0.8,1,207
in-221,t-0839,baseline,indirect-constraint,1,new,1,ok,0.79,1,523
in-221,t-0703,flag,indirect-constraint,1,new,1,ok,0.76,1,234
in-221,t-1750,flag_text,indirect-constraint,1,new,1,ok,0.68,0,199
in-221,t-0887,oracle_flag,indirect-constraint,1,new,1,ok,0.76,1,319
in-221,t-0961,flag_hint,indirect-constraint,1,new,1,ok,0.91,1,218
in-222,t-0608,baseline,indirect-constraint,1,new,1,ok,0.71,1,216
in-222,t-1445,flag,indirect-constraint,1,new,1,ok,0.74,1,205
in-222,t-1284,flag_text,indirect-constraint,1,new,1,ok,0.62,0,200
in-222,t-1057,oracle_flag,indirect-constraint,1,new,1,ok,0.74,1,277
in-222,t-1277,flag_hint,indirect-constraint,1,new,1,ok,0.87,1,223
in-223,t-1599,baseline,indirect-constraint,1,new,1,ok,0.73,1,231
in-223,t-0353,flag,indirect-constraint,1,new,1,ok,0.67,0,296
in-223,t-1798,flag_text,indirect-constraint,1,new,1,ok,0.6,0,302
in-223,t-1192,oracle_flag,indirect-constraint,1,new,1,ok,0.69,0,219
in-223,t-1202,flag_hint,indirect-constraint,1,new,1,ok,0.89,1,288
in-224,t-1166,baseline,indirect-constraint,1,new,1,ok,0.49,0,337
in-224,t-0405,flag,indirect-constraint,1,new,1,ok,0.45,0,223
in-224,t-0357,flag_text,indirect-constraint,1,new,1,ok,0.49,0,245
in-224,t-0360,oracle_flag,indirect-constraint,1,new,1,ok,0.47,0,522
in-224,t-0389,flag_hint,indirect-constraint,1,new,1,ok,0.9,1,226
in-225,t-2151,baseline,indirect-constraint,1,new,1,ok,0.8,1,271
in-225,t-1595,flag,indirect-constraint,1,new,1,ok,0.82,1,221
in-225,t-0804,flag_text,indirect-constraint,1,new,1,ok,0.74,1,290
in-225,t-1851,oracle_flag,indirect-constraint,1,new,1,ok,0.81,1,217
in-225,t-1567,flag_hint,indirect-constraint,1,new,1,ok,0.91,1,215
in-226,t-0446,baseline,indirect-constraint,1,new,1,ok,0.69,0,245
in-226,t-1211,flag,indirect-constraint,1,new,1,ok,0.68,0,242
in-226,t-0994,flag_text,indirect-constraint,1,new,1,ok,0.51,0,291
in-226,t-0372,oracle_flag,indirect-constraint,1,new,1,ok,0.65,0,451
in-226,t-1464,flag_hint,indirect-constraint,1,new,1,ok,0.89,1,267
in-227,t-1984,baseline,indirect-constraint,1,new,1,ok,0.53,0,320
in-227,t-1967,flag,indirect-constraint,1,new,1,ok,0.58,0,291
in-227,t-0391,flag_text,indirect-constraint,1,new,1,ok,0.53,0,211
in-227,t-0562,oracle_flag,indirect-constraint,1,new,1,ok,0.59,0,225
in-227,t-1235,flag_hint,indirect-constraint,1,new,1,ok,0.84,1,299
in-228,t-0484,baseline,indirect-constraint,1,new,1,ok,0.78,1,208
in-228,t-0364,flag,indirect-constraint,1,new,1,ok,0.77,1,950
in-228,t-1338,flag_text,indirect-constraint,1,new,1,ok,0.75,1,192
in-228,t-2095,oracle_flag,indirect-constraint,1,new,1,ok,0.79,1,276
in-228,t-0698,flag_hint,indirect-constraint,1,new,1,ok,0.86,1,292
in-229,t-1038,baseline,indirect-constraint,1,new,1,ok,0.84,1,317
in-229,t-0223,flag,indirect-constraint,1,new,1,ok,0.8,1,202
in-229,t-0520,flag_text,indirect-constraint,1,new,1,ok,0.74,1,232
in-229,t-0748,oracle_flag,indirect-constraint,1,new,1,ok,0.8,1,251
in-229,t-0660,flag_hint,indirect-constraint,1,new,1,ok,0.91,1,216
in-230,t-1829,baseline,indirect-constraint,1,new,1,ok,0.53,0,212
in-230,t-1201,flag,indirect-constraint,1,new,1,ok,0.54,0,225
in-230,t-2084,flag_text,indirect-constraint,1,new,1,ok,0.6,0,205
in-230,t-1691,oracle_flag,indirect-constraint,1,new,1,ok,0.57,0,266
in-230,t-0679,flag_hint,indirect-constraint,1,new,1,ok,0.85,1,246
in-231,t-0538,baseline,indirect-constraint,1,new,1,ok,0.84,1,267
in-231,t-1601,flag,indirect-constraint,1,new,1,ok,0.85,1,248
in-231,t-1631,flag_text,indirect-constraint,1,new,1,ok,0.79,1,267
in-231,t-0374,oracle_flag,indirect-constraint,1,new,1,ok,0.85,1,526
in-231,t-0893,flag_hint,indirect-constraint,1,new,1,ok,0.83,1,200
in-232,t-1007,baseline,indirect-constraint,1,new,1,ok,0.71,1,332
in-232,t-1548,flag,indirect-constraint,1,new,1,ok,0.69,0,302
in-232,t-0815,flag_text,indirect-constraint,1,new,1,ok,0.68,0,203
in-232,t-1034,oracle_flag,indirect-constraint,1,new,1,ok,0.75,1,235
in-232,t-0924,flag_hint,indirect-constraint,1,new,1,ok,0.28,0,206
in-233,t-1637,baseline,indirect-constraint,1,new,1,ok,0.6,0,267
in-233,t-1402,flag,indirect-constraint,1,new,1,ok,0.58,0,290
in-233,t-1676,flag_text,indirect-constraint,1,new,1,ok,0.58,0,200
in-233,t-2190,oracle_flag,indirect-constraint,1,new,1,ok,0.55,0,214
in-233,t-1576,flag_hint,indirect-constraint,1,new,1,ok,0.9,1,311
in-234,t-1923,baseline,indirect-constraint,1,new,1,ok,0.64,0,313
in-234,t-1126,flag,indirect-constraint,1,new,1,ok,0.56,0,262
in-234,t-1066,flag_text,indirect-constraint,1,new,1,ok,0.52,0,233
in-234,t-1604,oracle_flag,indirect-constraint,1,new,1,ok,0.61,0,282
in-234,t-2149,flag_hint,indirect-constraint,1,new,1,ok,0.9,1,267
in-235,t-2068,baseline,indirect-constraint,1,new,1,ok,0.7,1,237
in-235,t-1342,flag,indirect-constraint,1,new,1,ok,0.74,1,210
in-235,t-1889,flag_text,indirect-constraint,1,new,1,ok,0.69,0,197
in-235,t-1118,oracle_flag,indirect-constraint,1,new,1,ok,0.76,1,304
in-235,t-0664,flag_hint,indirect-constraint,1,new,1,ok,0.89,1,259
in-236,t-0689,baseline,indirect-constraint,1,new,1,ok,0.81,1,293
in-236,t-0442,flag,indirect-constraint,1,new,1,ok,0.79,1,269
in-236,t-1332,flag_text,indirect-constraint,1,new,1,ok,0.79,1,254
in-236,t-1757,oracle_flag,indirect-constraint,1,new,1,ok,0.81,1,259
in-236,t-1931,flag_hint,indirect-constraint,1,new,1,ok,0.9,1,227
in-237,t-2155,baseline,indirect-constraint,1,new,1,ok,0.82,1,214
in-237,t-1585,flag,indirect-constraint,1,new,1,ok,0.83,1,216
in-237,t-1374,flag_text,indirect-constraint,1,new,1,ok,0.76,1,210
in-237,t-1109,oracle_flag,indirect-constraint,1,new,1,ok,0.84,1,290
in-237,t-1657,flag_hint,indirect-constraint,1,new,1,ok,0.89,1,213
in-238,t-1377,baseline,indirect-constraint,1,new,1,ok,0.47,0,220
in-238,t-2056,flag,indirect-constraint,1,new,1,ok,0.46,0,346
in-238,t-1584,flag_text,indirect-constraint,1,new,1,ok,0.36,0,287
in-238,t-0217,oracle_flag,indirect-constraint,1,new,1,ok,0.52,0,248
in-238,t-2112,flag_hint,indirect-constraint,1,new,1,ok,0.79,1,221
in-239,t-0601,baseline,indirect-constraint,1,new,1,ok,0.88,1,201
in-239,t-1683,flag,indirect-constraint,1,new,1,ok,0.86,1,243
in-239,t-0873,flag_text,indirect-constraint,1,new,1,ok,0.82,1,190
in-239,t-0612,oracle_flag,indirect-constraint,1,new,1,ok,0.85,1,196
in-239,t-1522,flag_hint,indirect-constraint,1,new,1,ok,0.93,1,281
in-240,t-2085,baseline,indirect-constraint,1,new,1,ok,0.74,1,322
in-240,t-0940,flag,indirect-constraint,1,new,1,ok,0.69,0,267
in-240,t-1478,flag_text,indirect-constraint,1,new,1,ok,0.56,0,218
in-240,t-1717,oracle_flag,indirect-constraint,1,new,1,ok,0.69,0,254
in-240,t-1914,flag_hint,indirect-constraint,1,new,1,ok,0.89,1,226
in-241,t-2209,baseline,indirect-constraint,1,new,1,ok,0.83,1,431
in-241,t-0431,flag,indirect-constraint,1,new,1,ok,0.79,1,270
in-241,t-1572,flag_text,indirect-constraint,1,new,1,ok,0.77,1,212
in-241,t-1656,oracle_flag,indirect-constraint,1,new,1,ok,0.77,1,265
in-241,t-0826,flag_hint,indirect-constraint,1,new,1,ok,0.89,1,295
in-242,t-1120,baseline,indirect-constraint,1,new,1,ok,0.77,1,247
in-242,t-2263,flag,indirect-constraint,1,new,1,ok,0.81,1,245
in-242,t-1084,flag_text,indirect-constraint,1,new,1,ok,0.8,1,241
in-242,t-1903,oracle_flag,indirect-constraint,1,new,1,ok,0.79,1,225
in-242,t-0525,flag_hint,indirect-constraint,1,new,1,ok,0.89,1,234
in-243,t-2211,baseline,indirect-constraint,1,new,1,ok,0.6,0,210
in-243,t-0462,flag,indirect-constraint,1,new,1,ok,0.65,0,293
in-243,t-1458,flag_text,indirect-constraint,1,new,1,ok,0.59,0,383
in-243,t-0545,oracle_flag,indirect-constraint,1,new,1,ok,0.64,0,292
in-243,t-1173,flag_hint,indirect-constraint,1,new,1,ok,0.86,1,258
in-244,t-0307,baseline,indirect-constraint,1,new,1,ok,0.69,0,277
in-244,t-0811,flag,indirect-constraint,1,new,1,ok,0.73,1,199
in-244,t-0409,flag_text,indirect-constraint,1,new,1,ok,0.63,0,221
in-244,t-1901,oracle_flag,indirect-constraint,1,new,1,ok,0.71,1,194
in-244,t-0343,flag_hint,indirect-constraint,1,new,1,ok,0.91,1,262
in-245,t-1406,baseline,indirect-constraint,1,new,1,ok,0.51,0,243
in-245,t-1229,flag,indirect-constraint,1,new,1,ok,0.29,0,325
in-245,t-0780,flag_text,indirect-constraint,1,new,1,ok,0.2,0,299
in-245,t-0524,oracle_flag,indirect-constraint,1,new,1,ok,0.33,0,351
in-245,t-0586,flag_hint,indirect-constraint,1,new,1,ok,0.73,1,263
in-246,t-1268,baseline,indirect-constraint,1,new,1,ok,0.51,0,227
in-246,t-0456,flag,indirect-constraint,1,new,1,ok,0.46,0,310
in-246,t-1133,flag_text,indirect-constraint,1,new,1,ok,0.55,0,235
in-246,t-1392,oracle_flag,indirect-constraint,1,new,1,ok,0.48,0,285
in-246,t-2002,flag_hint,indirect-constraint,1,new,1,ok,0.86,1,203
in-247,t-0598,baseline,indirect-constraint,1,new,1,ok,0.81,1,200
in-247,t-0904,flag,indirect-constraint,1,new,1,ok,0.82,1,228
in-247,t-1403,flag_text,indirect-constraint,1,new,1,ok,0.78,1,238
in-247,t-2179,oracle_flag,indirect-constraint,1,new,1,ok,0.81,1,208
in-247,t-0515,flag_hint,indirect-constraint,1,new,1,ok,0.86,1,242
in-248,t-1463,baseline,indirect-constraint,1,new,1,ok,0.85,1,211
in-248,t-0341,flag,indirect-constraint,1,new,1,ok,0.78,1,215
in-248,t-1787,flag_text,indirect-constraint,1,new,1,ok,0.73,1,228
in-248,t-0715,oracle_flag,indirect-constraint,1,new,1,ok,0.75,1,218
in-248,t-1575,flag_hint,indirect-constraint,1,new,1,ok,0.88,1,221
in-249,t-0865,baseline,indirect-constraint,1,new,1,ok,0.77,1,273
in-249,t-0306,flag,indirect-constraint,1,new,1,ok,0.76,1,522
in-249,t-2261,flag_text,indirect-constraint,1,new,1,ok,0.7,1,218
in-249,t-2061,oracle_flag,indirect-constraint,1,new,1,ok,0.71,1,201
in-249,t-0613,flag_hint,indirect-constraint,1,new,1,ok,0.87,1,212
in-250,t-0858,baseline,indirect-constraint,1,new,1,ok,0.82,1,236
in-250,t-1369,flag,indirect-constraint,1,new,1,ok,0.78,1,239
in-250,t-0960,flag_text,indirect-constraint,1,new,1,ok,0.7,1,215
in-250,t-0756,oracle_flag,indirect-constraint,1,new,1,ok,0.79,1,234
in-250,t-0432,flag_hint,indirect-constraint,1,new,1,ok,0.9,1,274
in-251,t-2102,baseline,indirect-constraint,1,new,1,ok,0.53,0,249
in-251,t-1415,flag,indirect-constraint,1,new,1,ok,0.53,0,200
in-251,t-2074,flag_text,indirect-constraint,1,new,1,ok,0.53,0,303
in-251,t-1762,oracle_flag,indirect-constraint,1,new,1,ok,0.56,0,246
in-251,t-1141,flag_hint,indirect-constraint,1,new,1,ok,0.89,1,199
in-252,t-0583,baseline,indirect-constraint,1,new,1,ok,0.63,0,209
in-252,t-0926,flag,indirect-constraint,1,new,1,ok,0.68,0,300
in-252,t-1519,flag_text,indirect-constraint,1,new,1,ok,0.68,0,220
in-252,t-0523,oracle_flag,indirect-constraint,1,new,1,ok,0.68,0,434
in-252,t-0362,flag_hint,indirect-constraint,1,new,1,ok,0.89,1,332
in-253,t-1781,baseline,indirect-constraint,1,new,1,ok,0.87,1,255
in-253,t-1111,flag,indirect-constraint,1,new,1,ok,0.84,1,243
in-253,t-1593,flag_text,indirect-constraint,1,new,1,ok,0.83,1,213
in-253,t-1099,oracle_flag,indirect-constraint,1,new,1,ok,0.83,1,197
in-253,t-1533,flag_hint,indirect-constraint,1,new,1,ok,0.92,1,296
in-254,t-0742,baseline,indirect-constraint,1,new,1,ok,0.8,1,277
in-254,t-1655,flag,indirect-constraint,1,new,1,ok,0.8,1,260
in-254,t-1743,flag_text,indirect-constraint,1,new,1,ok,0.78,1,236
in-254,t-1129,oracle_flag,indirect-constraint,1,new,1,ok,0.81,1,203
in-254,t-0507,flag_hint,indirect-constraint,1,new,1,ok,0.85,1,270
in-255,t-0649,baseline,indirect-constraint,1,new,1,ok,0.67,0,204
in-255,t-1925,flag,indirect-constraint,1,new,1,ok,0.63,0,300
in-255,t-2165,flag_text,indirect-constraint,1,new,1,ok,0.63,0,215
in-255,t-2039,oracle_flag,indirect-constraint,1,new,1,ok,0.61,0,275
in-255,t-1098,flag_hint,indirect-constraint,1,new,1,ok,0.79,1,306
in-256,t-2146,baseline,indirect-constraint,1,new,1,ok,0.91,1,311
in-256,t-0256,flag,indirect-constraint,1,new,1,ok,0.89,1,486
in-256,t-0227,flag_text,indirect-constraint,1,new,1,ok,0.85,1,217
in-256,t-1393,oracle_flag,indirect-constraint,1,new,1,ok,0.88,1,234
in-256,t-0910,flag_hint,indirect-constraint,1,new,1,ok,0.92,1,295
in-257,t-0471,baseline,indirect-constraint,1,new,1,ok,0.57,0,293
in-257,t-1214,flag,indirect-constraint,1,new,1,ok,0.71,1,263
in-257,t-0533,flag_text,indirect-constraint,1,new,1,ok,0.59,0,319
in-257,t-1087,oracle_flag,indirect-constraint,1,new,1,ok,0.67,0,266
in-257,t-1410,flag_hint,indirect-constraint,1,new,1,ok,0.8,1,203
in-258,t-1642,baseline,indirect-constraint,1,new,1,ok,0.6,0,255
in-258,t-0547,flag,indirect-constraint,1,new,1,ok,0.38,0,243
in-258,t-1363,flag_text,indirect-constraint,1,new,1,ok,0.54,0,222
in-258,t-0941,oracle_flag,indirect-constraint,1,new,1,ok,0.4,0,193
in-258,t-0239,flag_hint,indirect-constraint,1,new,1,ok,0.89,1,325
in-259,t-1119,baseline,indirect-constraint,1,new,1,ok,0.67,0,274
in-259,t-1054,flag,indirect-constraint,1,new,1,ok,0.74,1,215
in-259,t-0666,flag_text,indirect-constraint,1,new,1,ok,0.66,0,225
in-259,t-1320,oracle_flag,indirect-constraint,1,new,1,ok,0.71,1,234
in-259,t-1902,flag_hint,indirect-constraint,1,new,1,ok,0.89,1,216
in-260,t-0970,baseline,indirect-constraint,1,new,1,ok,0.72,1,294
in-260,t-0681,flag,indirect-constraint,1,new,1,ok,0.76,1,286
in-260,t-0235,flag_text,indirect-constraint,1,new,1,ok,0.71,1,234
in-260,t-1127,oracle_flag,indirect-constraint,1,new,1,ok,0.75,1,207
in-260,t-1283,flag_hint,indirect-constraint,1,new,1,ok,0.91,1,215
in-261,t-1507,baseline,indirect-constraint,1,new,1,ok,0.79,1,195
in-261,t-1435,flag,indirect-constraint,1,new,1,ok,0.7,1,309
in-261,t-1247,flag_text,indirect-constraint,1,new,1,ok,0.67,0,207
in-261,t-1876,oracle_flag,indirect-constraint,1,new,1,ok,0.73,1,225
in-261,t-1666,flag_hint,indirect-constraint,1,new,1,ok,0.9,1,215
in-262,t-2077,baseline,indirect-constraint,1,new,1,ok,0.73,1,330
in-262,t-0571,flag,indirect-constraint,1,new,1,ok,0.76,1,262
in-262,t-0502,flag_text,indirect-constraint,1,new,1,ok,0.66,0,260
in-262,t-1788,oracle_flag,indirect-constraint,1,new,1,ok,0.76,1,298
in-262,t-0808,flag_hint,indirect-constraint,1,new,1,ok,0.89,1,299
in-263,t-1894,baseline,indirect-constraint,1,new,1,ok,0.7,1,235
in-263,t-0506,flag,indirect-constraint,1,new,1,ok,0.66,0,250
in-263,t-0751,flag_text,indirect-constraint,1,new,1,ok,0.66,0,304
in-263,t-0949,oracle_flag,indirect-constraint,1,new,1,ok,0.69,0,264
in-263,t-1303,flag_hint,indirect-constraint,1,new,1,ok,0.91,1,314
in-264,t-0376,baseline,indirect-constraint,1,new,1,ok,0.79,1,528
in-264,t-0355,flag,indirect-constraint,1,new,1,ok,0.8,1,241
in-264,t-0650,flag_text,indirect-constraint,1,new,1,ok,0.73,1,308
in-264,t-1453,oracle_flag,indirect-constraint,1,new,1,ok,0.79,1,292
in-264,t-1532,flag_hint,indirect-constraint,1,new,1,ok,0.91,1,234
in-265,t-0558,baseline,indirect-constraint,1,new,1,ok,0.73,1,214
in-265,t-2221,flag,indirect-constraint,1,new,1,ok,0.75,1,237
in-265,t-1943,flag_text,indirect-constraint,1,new,1,ok,0.71,1,233
in-265,t-0951,oracle_flag,indirect-constraint,1,new,1,ok,0.78,1,274
in-265,t-2260,flag_hint,indirect-constraint,1,new,1,ok,0.9,1,228
in-266,t-2212,baseline,indirect-constraint,1,new,1,ok,0.78,1,352
in-266,t-1852,flag,indirect-constraint,1,new,1,ok,0.73,1,209
in-266,t-2218,flag_text,indirect-constraint,1,new,1,ok,0.66,0,256
in-266,t-1382,oracle_flag,indirect-constraint,1,new,1,ok,0.74,1,193
in-266,t-1828,flag_hint,indirect-constraint,1,new,1,ok,0.9,1,240
in-267,t-2163,baseline,indirect-constraint,1,new,1,ok,0.75,1,333
in-267,t-1360,flag,indirect-constraint,1,new,1,ok,0.74,1,284
in-267,t-0246,flag_text,indirect-constraint,1,new,1,ok,0.66,0,281
in-267,t-0648,oracle_flag,indirect-constraint,1,new,1,ok,0.71,1,226
in-267,t-2258,flag_hint,indirect-constraint,1,new,1,ok,0.88,1,197
in-268,t-1198,baseline,indirect-constraint,1,new,1,ok,0.83,1,198
in-268,t-1160,flag,indirect-constraint,1,new,1,ok,0.78,1,232
in-268,t-0492,flag_text,indirect-constraint,1,new,1,ok,0.75,1,231
in-268,t-1227,oracle_flag,indirect-constraint,1,new,1,ok,0.79,1,205
in-268,t-1323,flag_hint,indirect-constraint,1,new,1,ok,0.91,1,275
in-269,t-0653,baseline,indirect-constraint,1,new,1,ok,0.88,1,295
in-269,t-0685,flag,indirect-constraint,1,new,1,ok,0.88,1,304
in-269,t-0309,flag_text,indirect-constraint,1,new,1,ok,0.83,1,259
in-269,t-0772,oracle_flag,indirect-constraint,1,new,1,ok,0.88,1,222
in-269,t-2011,flag_hint,indirect-constraint,1,new,1,ok,0.93,1,314
in-270,t-1359,baseline,indirect-constraint,1,new,1,ok,0.87,1,204
in-270,t-0800,flag,indirect-constraint,1,new,1,ok,0.84,1,257
in-270,t-1401,flag_text,indirect-constraint,1,new,1,ok,0.84,1,216
in-270,t-0729,oracle_flag,indirect-constraint,1,new,1,ok,0.87,1,318
in-270,t-1554,flag_hint,indirect-constraint,1,new,1,ok,0.67,0,215
in-271,t-0927,baseline,indirect-constraint,1,new,1,ok,0.63,0,212
in-271,t-0863,flag,indirect-constraint,1,new,1,ok,0.65,0,251
in-271,t-0709,flag_text,indirect-constraint,1,new,1,ok,0.59,0,231
in-271,t-1171,oracle_flag,indirect-constraint,1,new,1,ok,0.66,0,247
in-271,t-0816,flag_hint,indirect-constraint,1,new,1,ok,0.83,1,258
in-272,t-1135,baseline,indirect-constraint,1,new,1,ok,0.8,1,293
in-272,t-0219,flag,indirect-constraint,1,new,1,ok,0.74,1,209
in-272,t-1759,flag_text,indirect-constraint,1,new,1,ok,0.7,1,309
in-272,t-1088,oracle_flag,indirect-constraint,1,new,1,ok,0.73,1,260
in-272,t-0978,flag_hint,indirect-constraint,1,new,1,ok,0.83,1,209
in-273,t-2202,baseline,indirect-constraint,1,new,1,ok,0.73,1,323
in-273,t-1783,flag,indirect-constraint,1,new,1,ok,0.78,1,236
in-273,t-1183,flag_text,indirect-constraint,1,new,1,ok,0.71,1,267
in-273,t-1848,oracle_flag,indirect-constraint,1,new,1,ok,0.8,1,314
in-273,t-1024,flag_hint,indirect-constraint,1,new,1,ok,0.9,1,220
in-274,t-0322,baseline,indirect-constraint,1,new,1,ok,0.79,1,274
in-274,t-0628,flag,indirect-constraint,1,new,1,ok,0.74,1,336
in-274,t-1000,flag_text,indirect-constraint,1,new,1,ok,0.6,0,307
in-274,t-1520,oracle_flag,indirect-constraint,1,new,1,ok,0.71,1,290
in-274,t-2000,flag_hint,indirect-constraint,1,new,1,ok,0.88,1,338
in-275,t-0857,baseline,indirect-constraint,1,new,1,ok,0.32,0,234
in-275,t-0427,flag,indirect-constraint,1,new,1,ok,0.51,0,302
in-275,t-1749,flag_text,indirect-constraint,1,new,1,ok,0.49,0,201
in-275,t-0318,oracle_flag,indirect-constraint,1,new,1,ok,0.51,0,284
in-275,t-0911,flag_hint,indirect-constraint,1,new,1,ok,0.83,1,328
in-276,t-2005,baseline,indirect-request,1,new,0,ok,0.14,0,201
in-276,t-1217,flag,indirect-request,1,new,0,ok,0.15,0,233
in-276,t-1753,flag_text,indirect-request,1,new,0,ok,0.12,0,226
in-276,t-2071,oracle_flag,indirect-request,1,new,0,ok,0.16,0,221
in-276,t-1547,flag_hint,indirect-request,1,new,0,ok,0.2,0,202
in-277,t-0282,baseline,indirect-request,1,new,0,ok,0.83,1,227
in-277,t-0591,flag,indirect-request,1,new,0,ok,0.8,1,317
in-277,t-1664,flag_text,indirect-request,1,new,0,ok,0.79,1,312
in-277,t-0540,oracle_flag,indirect-request,1,new,0,ok,0.8,1,202
in-277,t-0254,flag_hint,indirect-request,1,new,0,ok,0.32,0,268
in-278,t-0476,baseline,indirect-request,1,new,0,ok,0.15,0,247
in-278,t-1682,flag,indirect-request,1,new,0,ok,0.18,0,301
in-278,t-0437,flag_text,indirect-request,1,new,0,ok,0.13,0,293
in-278,t-0819,oracle_flag,indirect-request,1,new,0,ok,0.17,0,209
in-278,t-0234,flag_hint,indirect-request,1,new,0,ok,0.12,0,227
in-279,t-0278,baseline,indirect-request,1,new,0,ok,0.53,0,307
in-279,t-2216,flag,indirect-request,1,new,0,ok,0.62,0,352
in-279,t-2252,flag_text,indirect-request,1,new,0,ok,0.51,0,222
in-279,t-1045,oracle_flag,indirect-request,1,new,0,ok,0.54,0,291
in-279,t-0490,flag_hint,indirect-request,1,new,0,ok,0.81,1,238
in-280,t-0220,baseline,indirect-request,1,new,0,ok,0.81,1,315
in-280,t-0974,flag,indirect-request,1,new,0,ok,0.77,1,297
in-280,t-0691,flag_text,indirect-request,1,new,0,ok,0.76,1,264
in-280,t-1909,oracle_flag,indirect-request,1,new,0,ok,0.77,1,307
in-280,t-1528,flag_hint,indirect-request,1,new,0,ok,0.35,0,204
in-281,t-0354,baseline,indirect-request,1,new,0,ok,0.06,0,342
in-281,t-1761,flag,indirect-request,1,new,0,ok,0.06,0,282
in-281,t-0576,flag_text,indirect-request,1,new,0,ok,0.05,0,269
in-281,t-1699,oracle_flag,indirect-request,1,new,0,ok,0.06,0,252
in-281,t-2048,flag_hint,indirect-request,1,new,0,ok,0.15,0,366
in-282,t-1544,baseline,indirect-request,1,new,0,ok,0.77,1,230
in-282,t-1940,flag,indirect-request,1,new,0,ok,0.73,1,223
in-282,t-1250,flag_text,indirect-request,1,new,0,ok,0.72,1,204
in-282,t-1862,oracle_flag,indirect-request,1,new,0,ok,0.73,1,233
in-282,t-1479,flag_hint,indirect-request,1,new,0,ok,0.25,0,319
in-283,t-1987,baseline,indirect-request,1,new,0,ok,0.07,0,229
in-283,t-1037,flag,indirect-request,1,new,0,ok,0.1,0,301
in-283,t-0229,flag_text,indirect-request,1,new,0,ok,0.08,0,208
in-283,t-0992,oracle_flag,indirect-request,1,new,0,ok,0.1,0,294
in-283,t-1681,flag_hint,indirect-request,1,new,0,ok,0.11,0,223
in-284,t-2270,baseline,indirect-request,1,new,0,ok,0.6,0,203
in-284,t-1108,flag,indirect-request,1,new,0,ok,0.57,0,232
in-284,t-0258,flag_text,indirect-request,1,new,0,ok,0.47,0,304
in-284,t-0499,oracle_flag,indirect-request,1,new,0,ok,0.58,0,266
in-284,t-1298,flag_hint,indirect-request,1,new,0,ok,0.22,0,289
in-285,t-1805,baseline,indirect-request,1,new,0,ok,0.75,1,284
in-285,t-1213,flag,indirect-request,1,new,0,ok,0.74,1,256
in-285,t-1534,flag_text,indirect-request,1,new,0,ok,0.61,0,216
in-285,t-0331,oracle_flag,indirect-request,1,new,0,ok,0.71,1,241
in-285,t-1645,flag_hint,indirect-request,1,new,0,ok,0.29,0,211
in-286,t-1270,baseline,indirect-request,1,new,0,ok,0.09,0,304
in-286,t-0711,flag,indirect-request,1,new,0,ok,0.1,0,250
in-286,t-0347,flag_text,indirect-request,1,new,0,ok,0.07,0,210
in-286,t-0559,oracle_flag,indirect-request,1,new,0,ok,0.1,0,216
in-286,t-0920,flag_hint,indirect-request,1,new,0,ok,0.15,0,302
in-287,t-2193,baseline,indirect-request,1,new,0,ok,0.35,0,292
in-287,t-0295,flag,indirect-request,1,new,0,ok,0.27,0,269
in-287,t-1583,flag_text,indirect-request,1,new,0,ok,0.25,0,238
in-287,t-1196,oracle_flag,indirect-request,1,new,0,ok,0.29,0,209
in-287,t-1985,flag_hint,indirect-request,1,new,0,ok,0.17,0,257
in-288,t-1461,baseline,indirect-request,1,new,0,ok,0.77,1,313
in-288,t-1608,flag,indirect-request,1,new,0,ok,0.69,0,224
in-288,t-0537,flag_text,indirect-request,1,new,0,ok,0.63,0,230
in-288,t-1864,oracle_flag,indirect-request,1,new,0,ok,0.68,0,228
in-288,t-0464,flag_hint,indirect-request,1,new,0,ok,0.21,0,218
in-289,t-0248,baseline,indirect-request,1,new,0,ok,0.37,0,321
in-289,t-1896,flag,indirect-request,1,new,0,ok,0.39,0,288
in-289,t-1793,flag_text,indirect-request,1,new,0,ok,0.27,0,317
in-289,t-0767,oracle_flag,indirect-request,1,new,0,ok,0.38,0,347
in-289,t-1613,flag_hint,indirect-request,1,new,0,ok,0.26,0,210
in-290,t-1032,baseline,indirect-request,1,new,0,ok,0.69,0,242
in-290,t-0882,flag,indirect-request,1,new,0,ok,0.6,0,194
in-290,t-1465,flag_text,indirect-request,1,new,0,ok,0.56,0,238
in-290,t-0501,oracle_flag,indirect-request,1,new,0,ok,0.62,0,267
in-290,t-0399,flag_hint,indirect-request,1,new,0,ok,0.3,0,239
in-291,t-1480,baseline,indirect-request,1,new,0,ok,0.36,0,196
in-291,t-0955,flag,indirect-request,1,new,0,ok,0.37,0,221
in-291,t-1677,flag_text,indirect-request,1,new,0,ok,0.3,0,307
in-291,t-0834,oracle_flag,indirect-request,1,new,0,ok,0.36,0,280
in-291,t-1409,flag_hint,indirect-request,1,new,0,ok,0.19,0,210
in-292,t-0791,baseline,indirect-request,1,new,0,ok,0.22,0,274
in-292,t-0403,flag,indirect-request,1,new,0,ok,0.26,0,300
in-292,t-1502,flag_text,indirect-request,1,new,0,ok,0.23,0,278
in-292,t-1256,oracle_flag,indirect-request,1,new,0,ok,0.23,0,205
in-292,t-0271,flag_hint,indirect-request,1,new,0,ok,0.17,0,200
in-293,t-0424,baseline,indirect-request,1,new,0,ok,0.1,0,263
in-293,t-1527,flag,indirect-request,1,new,0,ok,0.1,0,198
in-293,t-0704,flag_text,indirect-request,1,new,0,ok,0.08,0,278
in-293,t-1853,oracle_flag,indirect-request,1,new,0,ok,0.1,0,334
in-293,t-0338,flag_hint,indirect-request,1,new,0,ok,0.12,0,327
in-294,t-1865,baseline,indirect-request,1,new,0,ok,0.09,0,246
in-294,t-1857,flag,indirect-request,1,new,0,ok,0.13,0,222
in-294,t-1807,flag_text,indirect-request,1,new,0,ok,0.1,0,234
in-294,t-1239,oracle_flag,indirect-request,1,new,0,ok,0.14,0,315
in-294,t-1906,flag_hint,indirect-request,1,new,0,ok,0.16,0,199
in-295,t-0684,baseline,indirect-request,1,new,0,ok,0.51,0,220
in-295,t-1790,flag,indirect-request,1,new,0,ok,0.46,0,240
in-295,t-0589,flag_text,indirect-request,1,new,0,ok,0.44,0,214
in-295,t-0723,oracle_flag,indirect-request,1,new,0,ok,0.51,0,224
in-295,t-0604,flag_hint,indirect-request,1,new,0,ok,0.23,0,214
in-296,t-1072,baseline,indirect-request,1,new,0,ok,0.15,0,234
in-296,t-0935,flag,indirect-request,1,new,0,ok,0.14,0,423
in-296,t-1113,flag_text,indirect-request,1,new,0,ok,0.12,0,282
in-296,t-0937,oracle_flag,indirect-request,1,new,0,ok,0.17,0,191
in-296,t-1092,flag_hint,indirect-request,1,new,0,ok,0.15,0,275
in-297,t-1293,baseline,indirect-request,1,new,0,ok,0.41,0,213
in-297,t-0477,flag,indirect-request,1,new,0,ok,0.47,0,269
in-297,t-1355,flag_text,indirect-request,1,new,0,ok,0.42,0,207
in-297,t-1103,oracle_flag,indirect-request,1,new,0,ok,0.43,0,224
in-297,t-1143,flag_hint,indirect-request,1,new,0,ok,0.16,0,227
in-298,t-0631,baseline,indirect-request,1,new,0,ok,0.82,1,313
in-298,t-1226,flag,indirect-request,1,new,0,ok,0.76,1,211
in-298,t-1602,flag_text,indirect-request,1,new,0,ok,0.76,1,252
in-298,t-1747,oracle_flag,indirect-request,1,new,0,ok,0.74,1,326
in-298,t-0333,flag_hint,indirect-request,1,new,0,ok,0.31,0,394
in-299,t-0532,baseline,indirect-request,1,new,0,ok,0.31,0,223
in-299,t-0422,flag,indirect-request,1,new,0,ok,0.31,0,231
in-299,t-1096,flag_text,indirect-request,1,new,0,ok,0.33,0,271
in-299,t-0594,oracle_flag,indirect-request,1,new,0,ok,0.29,0,203
in-299,t-2025,flag_hint,indirect-request,1,new,0,ok,0.19,0,232
in-300,t-1794,baseline,indirect-request,1,new,0,ok,0.84,1,306
in-300,t-1420,flag,indirect-request,1,new,0,ok,0.84,1,210
in-300,t-2139,flag_text,indirect-request,1,new,0,ok,0.73,1,228
in-300,t-1367,oracle_flag,indirect-request,1,new,0,ok,0.79,1,266
in-300,t-1719,flag_hint,indirect-request,1,new,0,ok,0.89,1,210
in-301,t-1140,baseline,indirect-request,1,new,0,ok,0.61,0,218
in-301,t-1543,flag,indirect-request,1,new,0,ok,0.57,0,260
in-301,t-2132,flag_text,indirect-request,1,new,0,ok,0.51,0,214
in-301,t-1012,oracle_flag,indirect-request,1,new,0,ok,0.57,0,232
in-301,t-1209,flag_hint,indirect-request,1,new,0,ok,0.2,0,224
in-302,t-1957,baseline,indirect-request,1,new,0,ok,0.22,0,309
in-302,t-1023,flag,indirect-request,1,new,0,ok,0.2,0,249
in-302,t-2172,flag_text,indirect-request,1,new,0,ok,0.16,0,317
in-302,t-1840,oracle_flag,indirect-request,1,new,0,ok,0.18,0,300
in-302,t-1556,flag_hint,indirect-request,1,new,0,ok,0.16,0,248
in-303,t-0878,baseline,indirect-request,1,new,0,ok,0.63,0,247
in-303,t-1524,flag,indirect-request,1,new,0,ok,0.7,1,313
in-303,t-0638,flag_text,indirect-request,1,new,0,ok,0.58,0,284
in-303,t-0590,oracle_flag,indirect-request,1,new,0,ok,0.68,0,206
in-303,t-0792,flag_hint,indirect-request,1,new,0,ok,0.21,0,248
in-304,t-1208,baseline,indirect-request,1,new,0,ok,0.69,0,254
in-304,t-1139,flag,indirect-request,1,new,0,ok,0.67,0,195
in-304,t-1867,flag_text,indirect-request,1,new,0,ok,0.61,0,225
in-304,t-0707,oracle_flag,indirect-request,1,new,0,ok,0.66,0,205
in-304,t-1900,flag_hint,indirect-request,1,new,0,ok,0.29,0,297
in-305,t-1860,baseline,indirect-request,1,new,0,ok,0.13,0,200
in-305,t-0482,flag,indirect-request,1,new,0,ok,0.15,0,224
in-305,t-0998,flag_text,indirect-request,1,new,0,ok,0.14,0,199
in-305,t-1002,oracle_flag,indirect-request,1,new,0,ok,0.17,0,203
in-305,t-0257,flag_hint,indirect-request,1,new,0,ok,0.2,0,221
in-306,t-1892,baseline,indirect-request,1,new,0,ok,0.15,0,214
in-306,t-1986,flag,indirect-request,1,new,0,ok,0.16,0,266
in-306,t-0369,flag_text,indirect-request,1,new,0,ok,0.13,0,214
in-306,t-0731,oracle_flag,indirect-request,1,new,0,ok,0.15,0,208
in-306,t-1302,flag_hint,indirect-request,1,new,0,ok,0.13,0,208
in-307,t-1880,baseline,indirect-request,1,new,0,ok,0.05,0,234
in-307,t-2222,flag,indirect-request,1,new,0,ok,0.07,0,264
in-307,t-0976,flag_text,indirect-request,1,new,0,ok,0.04,0,247
in-307,t-1440,oracle_flag,indirect-request,1,new,0,ok,0.06,0,250
in-307,t-1733,flag_hint,indirect-request,1,new,0,ok,0.25,0,326
in-308,t-0793,baseline,indirect-request,1,new,0,ok,0.47,0,279
in-308,t-0665,flag,indirect-request,1,new,0,ok,0.5,0,281
in-308,t-1336,flag_text,indirect-request,1,new,0,ok,0.45,0,300
in-308,t-1569,oracle_flag,indirect-request,1,new,0,ok,0.49,0,218
in-308,t-0991,flag_hint,indirect-request,1,new,0,ok,0.21,0,237
in-309,t-0779,baseline,indirect-request,1,new,0,ok,0.82,1,228
in-309,t-1628,flag,indirect-request,1,new,0,ok,0.8,1,284
in-309,t-1945,flag_text,indirect-request,1,new,0,ok,0.72,1,211
in-309,t-1827,oracle_flag,indirect-request,1,new,0,ok,0.8,1,284
in-309,t-1623,flag_hint,indirect-request,1,new,0,ok,0.88,1,220
in-310,t-2044,baseline,indirect-request,1,new,0,ok,0.64,0,241
in-310,t-0228,flag,indirect-request,1,new,0,ok,0.65,0,302
in-310,t-0550,flag_text,indirect-request,1,new,0,ok,0.6,0,297
in-310,t-1597,oracle_flag,indirect-request,1,new,0,ok,0.64,0,264
in-310,t-0721,flag_hint,indirect-request,1,new,0,ok,0.21,0,235
in-311,t-1806,baseline,indirect-request,1,new,0,ok,0.07,0,305
in-311,t-0953,flag,indirect-request,1,new,0,ok,0.09,0,260
in-311,t-1958,flag_text,indirect-request,1,new,0,ok,0.07,0,239
in-311,t-0966,oracle_flag,indirect-request,1,new,0,ok,0.09,0,227
in-311,t-2090,flag_hint,indirect-request,1,new,0,ok,0.12,0,253
in-312,t-0284,baseline,indirect-request,1,new,0,ok,0.24,0,285
in-312,t-2241,flag,indirect-request,1,new,0,ok,0.42,0,223
in-312,t-0771,flag_text,indirect-request,1,new,0,ok,0.22,0,206
in-312,t-0695,oracle_flag,indirect-request,1,new,0,ok,0.35,0,293
in-312,t-2158,flag_hint,indirect-request,1,new,0,ok,0.4,0,214
in-313,t-0291,baseline,indirect-request,1,new,0,ok,0.11,0,203
in-313,t-0366,flag,indirect-request,1,new,0,ok,0.13,0,326
in-313,t-1193,flag_text,indirect-request,1,new,0,ok,0.11,0,252
in-313,t-0528,oracle_flag,indirect-request,1,new,0,ok,0.14,0,277
in-313,t-2277,flag_hint,indirect-request,1,new,0,ok,0.16,0,295
in-314,t-0931,baseline,indirect-request,1,new,0,ok,0.19,0,203
in-314,t-2099,flag,indirect-request,1,new,0,ok,0.3,0,215
in-314,t-0917,flag_text,indirect-request,1,new,0,ok,0.16,0,341
in-314,t-1252,oracle_flag,indirect-request,1,new,0,ok,0.29,0,207
in-314,t-1570,flag_hint,indirect-request,1,new,0,ok,0.17,0,214
in-315,t-2014,baseline,indirect-request,1,new,0,ok,0.72,1,235
in-315,t-1836,flag,indirect-request,1,new,0,ok,0.56,0,284
in-315,t-0626,flag_text,indirect-request,1,new,0,ok,0.63,0,222
in-315,t-1870,oracle_flag,indirect-request,1,new,0,ok,0.57,0,216
in-315,t-0504,flag_hint,indirect-request,1,new,0,ok,0.28,0,281
in-316,t-1370,baseline,indirect-request,1,new,0,ok,0.41,0,269
in-316,t-1142,flag,indirect-request,1,new,0,ok,0.39,0,251
in-316,t-1842,flag_text,indirect-request,1,new,0,ok,0.36,0,247
in-316,t-0587,oracle_flag,indirect-request,1,new,0,ok,0.38,0,253
in-316,t-0757,flag_hint,indirect-request,1,new,0,ok,0.18,0,229
in-317,t-1167,baseline,indirect-request,1,new,0,ok,0.12,0,279
in-317,t-0861,flag,indirect-request,1,new,0,ok,0.13,0,244
in-317,t-0657,flag_text,indirect-request,1,new,0,ok,0.1,0,498
in-317,t-1845,oracle_flag,indirect-request,1,new,0,ok,0.14,0,213
in-317,t-0769,flag_hint,indirect-request,1,new,0,ok,0.16,0,361
in-318,t-0781,baseline,indirect-request,1,new,0,ok,0.8,1,406
in-318,t-1172,flag,indirect-request,1,new,0,ok,0.77,1,305
in-318,t-1538,flag_text,indirect-request,1,new,0,ok,0.76,1,221
in-318,t-1755,oracle_flag,indirect-request,1,new,0,ok,0.77,1,278
in-318,t-1117,flag_hint,indirect-request,1,new,0,ok,0.25,0,334
in-319,t-2143,baseline,indirect-request,1,new,0,ok,0.78,1,225
in-319,t-1301,flag,indirect-request,1,new,0,ok,0.81,1,282
in-319,t-1394,flag_text,indirect-request,1,new,0,ok,0.7,1,289
in-319,t-0543,oracle_flag,indirect-request,1,new,0,ok,0.79,1,307
in-319,t-0386,flag_hint,indirect-request,1,new,0,ok,0.37,0,515
in-320,t-1646,baseline,indirect-request,1,new,0,ok,0.08,0,218
in-320,t-1289,flag,indirect-request,1,new,0,ok,0.12,0,197
in-320,t-1725,flag_text,indirect-request,1,new,0,ok,0.07,0,268
in-320,t-2093,oracle_flag,indirect-request,1,new,0,ok,0.12,0,202
in-320,t-1526,flag_hint,indirect-request,1,new,0,ok,0.24,0,280
in-321,t-2069,baseline,indirect-request,1,new,0,ok,0.25,0,244
in-321,t-1110,flag,indirect-request,1,new,0,ok,0.26,0,223
in-321,t-0460,flag_text,indirect-request,1,new,0,ok,0.21,0,373
in-321,t-2279,oracle_flag,indirect-request,1,new,0,ok,0.26,0,248
in-321,t-1078,flag_hint,indirect-request,1,new,0,ok,0.16,0,308
in-322,t-2070,baseline,indirect-request,1,new,0,ok,0.65,0,270
in-322,t-1697,flag,indirect-request,1,new,0,ok,0.6,0,235
in-322,t-1497,flag_text,indirect-request,1,new,0,ok,0.53,0,214
in-322,t-0213,oracle_flag,indirect-request,1,new,0,ok,0.62,0,232
in-322,t-1232,flag_hint,indirect-request,1,new,0,ok,0.26,0,221
in-323,t-1049,baseline,indirect-request,1,new,0,ok,0.39,0,226
in-323,t-2226,flag,indirect-request,1,new,0,ok,0.33,0,323
in-323,t-1457,flag_text,indirect-request,1,new,0,ok,0.28,0,284
in-323,t-0913,oracle_flag,indirect-request,1,new,0,ok,0.38,0,488
in-323,t-0694,flag_hint,indirect-request,1,new,0,ok,0.17,0,231
in-324,t-1488,baseline,indirect-request,1,new,0,ok,0.85,1,241
in-324,t-1097,flag,indirect-request,1,new,0,ok,0.84,1,217
in-324,t-0387,flag_text,indirect-request,1,new,0,ok,0.77,1,526
in-324,t-0498,oracle_flag,indirect-request,1,new,0,ok,0.81,1,237
in-324,t-1083,flag_hint,indirect-request,1,new,0,ok,0.9,1,230
in-325,t-0568,baseline,indirect-request,1,new,0,ok,0.09,0,262
in-325,t-1651,flag,indirect-request,1,new,0,ok,0.14,0,300
in-325,t-1477,flag_text,indirect-request,1,new,0,ok,0.09,0,203
in-325,t-0485,oracle_flag,indirect-request,1,new,0,ok,0.15,0,321
in-325,t-1304,flag_hint,indirect-request,1,new,0,ok,0.17,0,225
in-326,t-1707,baseline,indirect-request,1,new,0,ok,0.34,0,215
in-326,t-1718,flag,indirect-request,1,new,0,ok,0.35,0,217
in-326,t-1384,flag_text,indirect-request,1,new,0,ok,0.3,0,223
in-326,t-0541,oracle_flag,indirect-request,1,new,0,ok,0.38,0,295
in-326,t-1296,flag_hint,indirect-request,1,new,0,ok,0.21,0,213
in-327,t-2201,baseline,indirect-request,1,new,0,ok,0.57,0,212
in-327,t-2027,flag,indirect-request,1,new,0,ok,0.62,0,214
in-327,t-1358,flag_text,indirect-request,1,new,0,ok,0.55,0,215
in-327,t-1144,oracle_flag,indirect-request,1,new,0,ok,0.61,0,204
in-327,t-1021,flag_hint,indirect-request,1,new,0,ok,0.43,0,241
in-328,t-0275,baseline,indirect-request,1,new,0,ok,0.52,0,242
in-328,t-0265,flag,indirect-request,1,new,0,ok,0.46,0,208
in-328,t-0814,flag_text,indirect-request,1,new,0,ok,0.43,0,357
in-328,t-0690,oracle_flag,indirect-request,1,new,0,ok,0.45,0,257
in-328,t-0416,flag_hint,indirect-request,1,new,0,ok,0.14,0,239
in-329,t-1563,baseline,indirect-request,1,new,0,ok,0.3,0,223
in-329,t-2167,flag,indirect-request,1,new,0,ok,0.25,0,327
in-329,t-2103,flag_text,indirect-request,1,new,0,ok,0.25,0,276
in-329,t-0261,oracle_flag,indirect-request,1,new,0,ok,0.22,0,225
in-329,t-0754,flag_hint,indirect-request,1,new,0,ok,0.2,0,202
in-330,t-2046,baseline,indirect-request,1,new,0,ok,0.64,0,220
in-330,t-1404,flag,indirect-request,1,new,0,ok,0.65,0,291
in-330,t-1331,flag_text,indirect-request,1,new,0,ok,0.55,0,363
in-330,t-1035,oracle_flag,indirect-request,1,new,0,ok,0.64,0,284
in-330,t-0577,flag_hint,indirect-request,1,new,0,ok,0.29,0,271
in-331,t-1897,baseline,indirect-request,1,new,0,ok,0.53,0,265
in-331,t-1525,flag,indirect-request,1,new,0,ok,0.46,0,242
in-331,t-0854,flag_text,indirect-request,1,new,0,ok,0.45,0,204
in-331,t-1579,oracle_flag,indirect-request,1,new,0,ok,0.48,0,294
in-331,t-1220,flag_hint,indirect-request,1,new,0,ok,0.26,0,280
in-332,t-1559,baseline,indirect-request,1,new,0,ok,0.06,0,217
in-332,t-2180,flag,indirect-request,1,new,0,ok,0.07,0,199
in-332,t-0210,flag_text,indirect-request,1,new,0,ok,0.06,0,236
in-332,t-0565,oracle_flag,indirect-request,1,new,0,ok,0.07,0,205
in-332,t-0797,flag_hint,indirect-request,1,new,0,ok,0.13,0,393
in-333,t-0743,baseline,indirect-request,1,new,0,ok,0.77,1,313
in-333,t-2029,flag,indirect-request,1,new,0,ok,0.71,1,292
in-333,t-0236,flag_text,indirect-request,1,new,0,ok,0.7,1,202
in-333,t-1223,oracle_flag,indirect-request,1,new,0,ok,0.72,1,203
in-333,t-1509,flag_hint,indirect-request,1,new,0,ok,0.31,0,242
in-334,t-1371,baseline,indirect-request,1,new,0,ok,0.13,0,214
in-334,t-2192,flag,indirect-request,1,new,0,ok,0.16,0,243
in-334,t-0720,flag_text,indirect-request,1,new,0,ok,0.13,0,296
in-334,t-0301,oracle_flag,indirect-request,1,new,0,ok,0.15,0,519
in-334,t-0418,flag_hint,indirect-request,1,new,0,ok,0.15,0,226
in-335,t-0259,baseline,indirect-request,1,new,0,ok,0.47,0,235
in-335,t-1341,flag,indirect-request,1,new,0,ok,0.44,0,214
in-335,t-0644,flag_text,indirect-request,1,new,0,ok,0.39,0,213
in-335,t-0803,oracle_flag,indirect-request,1,new,0,ok,0.46,0,322
in-335,t-1819,flag_hint,indirect-request,1,new,0,ok,0.17,0,235
in-336,t-0397,baseline,indirect-request,1,new,0,ok,0.29,0,235
in-336,t-2001,flag,indirect-request,1,new,0,ok,0.26,0,205
in-336,t-0825,flag_text,indirect-request,1,new,0,ok,0.25,0,319
in-336,t-1151,oracle_flag,indirect-request,1,new,0,ok,0.28,0,253
in-336,t-1218,flag_hint,indirect-request,1,new,0,ok,0.16,0,295
in-337,t-1636,baseline,indirect-request,1,new,0,ok,0.68,0,283
in-337,t-2248,flag,indirect-request,1,new,0,ok,0.68,0,210
in-337,t-0468,flag_text,indirect-request,1,new,0,ok,0.59,0,253
in-337,t-1518,oracle_flag,indirect-request,1,new,0,ok,0.66,0,292
in-337,t-0900,flag_hint,indirect-request,1,new,0,ok,0.79,1,206
in-338,t-2117,baseline,indirect-request,1,new,0,ok,0.73,1,272
in-338,t-1715,flag,indirect-request,1,new,0,ok,0.65,0,204
in-338,t-0461,flag_text,indirect-request,1,new,0,ok,0.66,0,274
in-338,t-2197,oracle_flag,indirect-request,1,new,0,ok,0.65,0,276
in-338,t-0776,flag_hint,indirect-request,1,new,0,ok,0.26,0,318
in-339,t-1951,baseline,indirect-request,1,new,0,ok,0.3,0,214
in-339,t-1780,flag,indirect-request,1,new,0,ok,0.36,0,210
in-339,t-1696,flag_text,indirect-request,1,new,0,ok,0.26,0,240
in-339,t-1643,oracle_flag,indirect-request,1,new,0,ok,0.39,0,239
in-339,t-1930,flag_hint,indirect-request,1,new,0,ok,0.24,0,325
in-340,t-0735,baseline,indirect-request,1,new,0,ok,0.73,1,209
in-340,t-1090,flag,indirect-request,1,new,0,ok,0.79,1,298
in-340,t-2049,flag_text,indirect-request,1,new,0,ok,0.67,0,276
in-340,t-1452,oracle_flag,indirect-request,1,new,0,ok,0.76,1,281
in-340,t-0609,flag_hint,indirect-request,1,new,0,ok,0.37,0,256
in-341,t-0886,baseline,indirect-request,1,new,0,ok,0.11,0,203
in-341,t-2023,flag,indirect-request,1,new,0,ok,0.15,0,209
in-341,t-0784,flag_text,indirect-request,1,new,0,ok,0.09,0,249
in-341,t-1713,oracle_flag,indirect-request,1,new,0,no_answer,,0,30121
in-341,t-0908,flag_hint,indirect-request,1,new,0,ok,0.34,0,301
in-342,t-2065,baseline,indirect-request,1,new,0,ok,0.59,0,244
in-342,t-1730,flag,indirect-request,1,new,0,ok,0.52,0,222
in-342,t-1641,flag_text,indirect-request,1,new,0,ok,0.57,0,271
in-342,t-1523,oracle_flag,indirect-request,1,new,0,ok,0.51,0,214
in-342,t-0470,flag_hint,indirect-request,1,new,0,ok,0.21,0,222
in-343,t-1228,baseline,indirect-request,1,new,0,ok,0.07,0,207
in-343,t-0530,flag,indirect-request,1,new,0,ok,0.08,0,287
in-343,t-2006,flag_text,indirect-request,1,new,0,ok,0.06,0,202
in-343,t-1721,oracle_flag,indirect-request,1,new,0,ok,0.07,0,209
in-343,t-1981,flag_hint,indirect-request,1,new,0,ok,0.11,0,223
in-344,t-1378,baseline,indirect-request,1,new,0,ok,0.8,1,194
in-344,t-0788,flag,indirect-request,1,new,0,ok,0.78,1,233
in-344,t-1053,flag_text,indirect-request,1,new,0,ok,0.75,1,290
in-344,t-0655,oracle_flag,indirect-request,1,new,0,ok,0.77,1,258
in-344,t-0329,flag_hint,indirect-request,1,new,0,ok,0.36,0,284
in-345,t-1061,baseline,indirect-request,1,new,0,ok,0.16,0,229
in-345,t-0956,flag,indirect-request,1,new,0,ok,0.22,0,338
in-345,t-1329,flag_text,indirect-request,1,new,0,ok,0.14,0,210
in-345,t-1399,oracle_flag,indirect-request,1,new,0,ok,0.21,0,283
in-345,t-0585,flag_hint,indirect-request,1,new,0,ok,0.15,0,282
in-346,t-1481,baseline,indirect-request,1,new,0,ok,0.82,1,232
in-346,t-2082,flag,indirect-request,1,new,0,ok,0.7,1,222
in-346,t-1582,flag_text,indirect-request,1,new,0,ok,0.72,1,293
in-346,t-2050,oracle_flag,indirect-request,1,new,0,ok,0.7,1,250
in-346,t-0758,flag_hint,indirect-request,1,new,0,ok,0.28,0,296
in-347,t-1294,baseline,indirect-request,1,new,0,ok,0.74,1,207
in-347,t-1425,flag,indirect-request,1,new,0,ok,0.67,0,226
in-347,t-1448,flag_text,indirect-request,1,new,0,ok,0.67,0,314
in-347,t-1886,oracle_flag,indirect-request,1,new,0,ok,0.63,0,327
in-347,t-1242,flag_hint,indirect-request,1,new,0,ok,0.24,0,214
in-348,t-1674,baseline,indirect-request,1,new,0,ok,0.1,0,239
in-348,t-0531,flag,indirect-request,1,new,0,ok,0.11,0,311
in-348,t-1712,flag_text,indirect-request,1,new,0,ok,0.09,0,207
in-348,t-1309,oracle_flag,indirect-request,1,new,0,ok,0.12,0,294
in-348,t-1051,flag_hint,indirect-request,1,new,0,ok,0.12,0,230
in-349,t-1552,baseline,indirect-request,1,new,0,ok,0.06,0,255
in-349,t-1777,flag,indirect-request,1,new,0,ok,0.08,0,207
in-349,t-0752,flag_text,indirect-request,1,new,0,ok,0.05,0,258
in-349,t-0641,oracle_flag,indirect-request,1,new,0,ok,0.08,0,241
in-349,t-0455,flag_hint,indirect-request,1,new,0,ok,0.12,0,226
in-350,t-0697,baseline,indirect-request,1,new,0,ok,0.28,0,195
in-350,t-1423,flag,indirect-request,1,new,0,ok,0.3,0,240
in-350,t-2076,flag_text,indirect-request,1,new,0,ok,0.22,0,211
in-350,t-2239,oracle_flag,indirect-request,1,new,0,ok,0.31,0,229
in-350,t-0810,flag_hint,indirect-request,1,new,0,ok,0.28,0,256
