form,record,field,value,n,metric,k,low,high
pair,0,all,1.0,200,precision,200,0.9811546736227335,1
pair,0,all,0.8849557522123894,226,recall,200,0.8367727360307285,0.9202708404101189
pair,0,all,0.965,200,target_accuracy,193,0.9295293884777092,0.9829444579914328
pair,0,all,0.8539823008849557,226,target_reach,193,0.802032112800749,0.8940999115126738
pair,0,all,0.006944444444444444,144,false_release,1,0.001226918607059712,0.038284723575657084
pair,0,all,0.05675675675675676,370,ask_rate,21,0.03741879073311205,0.08520393539604396
pair,0,all,0.9108108108108108,370,accuracy,337,0.8773909124141366,0.9357880243442067
pair,0,all,0.8432432432432433,370,action_accuracy,312,0.8026930253268985,0.8767393757804016
pair,0,all,0.31666666666666665,60,limited_release,19,0.21305867552366523,0.44233767026176773
pair,0,n,1.0,69,precision,69,0.9472627418109483,1
pair,0,n,0.8734177215189873,79,recall,69,0.7824364133349648,0.9297673653032448
pair,0,n,1.0,69,target_accuracy,69,0.9472627418109483,1
pair,0,n,0.8734177215189873,79,target_reach,69,0.7824364133349648,0.9297673653032448
pair,0,n,0.0,48,false_release,0,6.938893903907228e-18,0.07410012966611748
pair,0,n,0.031496062992125984,127,ask_rate,4,0.012315000096796348,0.07818734470602129
pair,0,n,0.9212598425196851,127,accuracy,117,0.8611139699111128,0.9566696360224882
pair,0,n,0.8346456692913385,127,action_accuracy,106,0.7604115573739907,0.8892296249097109
pair,0,n,0.45,20,limited_release,9,0.2581978582556243,0.6579146575496577
pair,0,n,1.0,64,precision,64,0.9433759402071946,1
pair,0,n,0.8767123287671232,73,recall,64,0.7819969564497797,0.9337624896109706
pair,0,n,0.9375,64,target_accuracy,60,0.8500251490779133,0.9754287986033819
pair,0,n,0.821917808219178,73,target_reach,60,0.7187827114087395,0.8928662697704473
pair,0,n,0.020833333333333332,48,false_release,1,0.003687110977510649,0.10899217995251861
pair,0,n,0.0743801652892562,121,ask_rate,9,0.03962268397692748,0.13533088535026477
pair,0,n,0.8925619834710744,121,accuracy,108,0.8248348380619106,0.9361303164421355
pair,0,n,0.8429752066115702,121,action_accuracy,102,0.7677344176119717,0.8971088226389315
pair,0,n,0.25,20,limited_release,5,0.11186170140766569,0.468700877618744
pair,0,n,1.0,67,precision,67,0.9457738606086981,0.9999999999999998
pair,0,n,0.9054054054054054,74,recall,67,0.8173774141493173,0.9534200620157751
pair,0,n,0.9552238805970149,67,target_accuracy,64,0.8764216691090624,0.9846560248779613
pair,0,n,0.8648648648648649,74,target_reach,64,0.7688082144747669,0.9249095140738163
pair,0,n,0.0,48,false_release,0,6.938893903907228e-18,0.07410012966611748
pair,0,n,0.06557377049180328,122,ask_rate,8,0.03359886877221732,0.12407141736905616
pair,0,n,0.9180327868852459,122,accuracy,112,0.8556745297110475,0.954869157209614
pair,0,n,0.8524590163934426,122,action_accuracy,104,0.7788100522620708,0.9045895269063299
pair,0,n,0.25,20,limited_release,5,0.11186170140766569,0.468700877618744
pair,0,category,1.0,30,precision,30,0.8864866068260312,0.9999999999999999
pair,0,category,1.0,30,recall,30,0.8864866068260312,0.9999999999999999
pair,0,category,0.9333333333333333,30,target_accuracy,28,0.7867654163738308,0.9815229762087295
pair,0,category,0.9333333333333333,30,target_reach,28,0.7867654163738308,0.9815229762087295
pair,0,category,,0,false_release,0,,
pair,0,category,0.3,30,ask_rate,9,0.16664748268243793,0.47875787458714947
pair,0,category,0.9333333333333333,30,accuracy,28,0.7867654163738308,0.9815229762087295
pair,0,category,0.36666666666666664,30,action_accuracy,11,0.21873920806100708,0.5448643634520511
pair,0,category,0.6333333333333333,30,limited_release,19,0.4551356365479487,0.7812607919389929
pair,0,category,1.0,28,precision,28,0.8793566952341543,0.9999999999999998
pair,0,category,0.9655172413793104,29,recall,28,0.8282447812067973,0.9938867857072374
pair,0,category,0.9642857142857143,28,target_accuracy,27,0.8228780225664668,0.9936674801509623
pair,0,category,0.9310344827586207,29,target_reach,27,0.7803541984972431,0.9808787338305667
pair,0,category,,0,false_release,0,,
pair,0,category,0.10344827586206896,29,ask_rate,3,0.03581489135067707,0.26385081090773804
pair,0,category,0.9310344827586207,29,accuracy,27,0.7803541984972431,0.9808787338305667
pair,0,category,0.7241379310344828,29,action_accuracy,21,0.5428286758313405,0.8530124489791204
pair,0,category,,0,limited_release,0,,
pair,0,category,1.0,17,precision,17,0.8156818649911483,1
pair,0,category,0.8947368421052632,19,recall,17,0.6860591728889099,0.9706414397011299
pair,0,category,0.8823529411764706,17,target_accuracy,15,0.6566364940511412,0.9671202262362074
pair,0,category,0.7894736842105263,19,target_reach,15,0.5666572155618583,0.9149232336708375
pair,0,category,,0,false_release,0,,
pair,0,category,0.05263157894736842,19,ask_rate,1,0.009351994062300362,0.24638731166898786
pair,0,category,0.7894736842105263,19,accuracy,15,0.5666572155618583,0.9149232336708375
pair,0,category,0.631578947368421,19,action_accuracy,12,0.41039533164803066,0.8085048725486492
pair,0,category,,0,limited_release,0,,
pair,0,category,1.0,25,precision,25,0.8668077490609515,0.9999999999999999
pair,0,category,0.8620689655172413,29,recall,25,0.6944100627964798,0.9450256003588804
pair,0,category,1.0,25,target_accuracy,25,0.8668077490609515,0.9999999999999999
pair,0,category,0.8620689655172413,29,target_reach,25,0.6944100627964798,0.9450256003588804
pair,0,category,,0,false_release,0,,
pair,0,category,0.10344827586206896,29,ask_rate,3,0.03581489135067707,0.26385081090773804
pair,0,category,0.8620689655172413,29,accuracy,25,0.6944100627964798,0.9450256003588804
pair,0,category,0.8275862068965517,29,action_accuracy,24,0.6545156010980476,0.9240214274710877
pair,0,category,,0,limited_release,0,,
pair,0,category,1.0,28,precision,28,0.8793566952341543,0.9999999999999998
pair,0,category,0.9655172413793104,29,recall,28,0.8282447812067973,0.9938867857072374
pair,0,category,1.0,28,target_accuracy,28,0.8793566952341543,0.9999999999999998
pair,0,category,0.9655172413793104,29,target_reach,28,0.8282447812067973,0.9938867857072374
pair,0,category,,0,false_release,0,,
pair,0,category,0.0,29,ask_rate,0,0,0.11696979849974075
pair,0,category,0.9655172413793104,29,accuracy,28,0.8282447812067973,0.9938867857072374
pair,0,category,0.7586206896551724,29,action_accuracy,22,0.5789239838218867,0.8778157755747991
pair,0,category,,0,limited_release,0,,
pair,0,category,,0,precision,0,,
pair,0,category,,0,recall,0,,
pair,0,category,,0,target_accuracy,0,,
pair,0,category,,0,target_reach,0,,
pair,0,category,0.0,29,false_release,0,0,0.11696979849974075
pair,0,category,0.0,29,ask_rate,0,0,0.11696979849974075
pair,0,category,1.0,29,accuracy,29,0.8830302015002593,1
pair,0,category,1.0,29,action_accuracy,29,0.8830302015002593,1
pair,0,category,,0,limited_release,0,,
pair,0,category,1.0,22,precision,22,0.8513451253913791,1
pair,0,category,0.7333333333333333,30,recall,22,0.555520383048111,0.8581733668040368
pair,0,category,1.0,22,target_accuracy,22,0.8513451253913791,1
pair,0,category,0.7333333333333333,30,target_reach,22,0.555520383048111,0.8581733668040368
pair,0,category,,0,false_release,0,,
pair,0,category,0.03333333333333333,30,ask_rate,1,0.005908590381612455,0.16670390991409173
pair,0,category,0.7333333333333333,30,accuracy,22,0.555520383048111,0.8581733668040368
pair,0,category,0.7666666666666667,30,action_accuracy,23,0.5907167384187784,0.8820761185551049
pair,0,category,,0,limited_release,0,,
pair,0,category,,0,precision,0,,
pair,0,category,,0,recall,0,,
pair,0,category,,0,target_accuracy,0,,
pair,0,category,,0,target_reach,0,,
pair,0,category,0.0,30,false_release,0,0,0.11351339317396876
pair,0,category,0.0,30,ask_rate,0,0,0.11351339317396876
pair,0,category,1.0,30,accuracy,30,0.8864866068260312,0.9999999999999999
pair,0,category,1.0,30,action_accuracy,30,0.8864866068260312,0.9999999999999999
pair,0,category,,0,limited_release,0,,
pair,0,category,1.0,28,precision,28,0.8793566952341543,0.9999999999999998
pair,0,category,0.9333333333333333,30,recall,28,0.7867654163738308,0.9815229762087295
pair,0,category,1.0,28,target_accuracy,28,0.8793566952341543,0.9999999999999998
pair,0,category,0.9333333333333333,30,target_reach,28,0.7867654163738308,0.9815229762087295
pair,0,category,,0,false_release,0,,
pair,0,category,0.0,30,ask_rate,0,0,0.11351339317396876
pair,0,category,0.9333333333333333,30,accuracy,28,0.7867654163738308,0.9815229762087295
pair,0,category,0.8666666666666667,30,action_accuracy,26,0.703186733179637,0.9469034451594526
pair,0,category,,0,limited_release,0,,
pair,0,category,1.0,22,precision,22,0.8513451253913791,1
pair,0,category,0.7333333333333333,30,recall,22,0.555520383048111,0.8581733668040368
pair,0,category,0.9090909090909091,22,target_accuracy,20,0.7218505315839417,0.9747045710090046
pair,0,category,0.6666666666666666,30,target_reach,20,0.4878005164454384,0.8076950191632386
pair,0,category,,0,false_release,0,,
pair,0,category,0.03333333333333333,30,ask_rate,1,0.005908590381612455,0.16670390991409173
pair,0,category,0.6666666666666666,30,accuracy,20,0.4878005164454384,0.8076950191632386
pair,0,category,1.0,30,action_accuracy,30,0.8864866068260312,0.9999999999999999
pair,0,category,0.0,30,limited_release,0,0,0.11351339317396876
pair,0,category,,0,precision,0,,
pair,0,category,,0,recall,0,,
pair,0,category,,0,target_accuracy,0,,
pair,0,category,,0,target_reach,0,,
pair,0,category,0.0,10,false_release,0,0,0.2775327998628892
pair,0,category,0.0,10,ask_rate,0,0,0.2775327998628892
pair,0,category,1.0,10,accuracy,10,0.7224672001371107,0.9999999999999999
pair,0,category,1.0,10,action_accuracy,10,0.7224672001371107,0.9999999999999999
pair,0,category,,0,limited_release,0,,
pair,0,category,,0,precision,0,,
pair,0,category,,0,recall,0,,
pair,0,category,,0,target_accuracy,0,,
pair,0,category,,0,target_reach,0,,
pair,0,category,0.06666666666666667,15,false_release,1,0.011866895493268553,0.2981652987378003
pair,0,category,0.2,15,ask_rate,3,0.07047549346981563,0.45185448715169363
pair,0,category,1.0,15,accuracy,15,0.7961166989641515,1
pair,0,category,0.9333333333333333,15,action_accuracy,14,0.7018347012621998,0.9881331045067315
pair,0,category,,0,limited_release,0,,
pair,0,category,,0,precision,0,,
pair,0,category,,0,recall,0,,
pair,0,category,,0,target_accuracy,0,,
pair,0,category,,0,target_reach,0,,
pair,0,category,0.0,30,false_release,0,0,0.11351339317396876
pair,0,category,0.0,30,ask_rate,0,0,0.11351339317396876
pair,0,category,1.0,30,accuracy,30,0.8864866068260312,0.9999999999999999
pair,0,category,1.0,30,action_accuracy,30,0.8864866068260312,0.9999999999999999
pair,0,category,,0,limited_release,0,,
pair,0,category,,0,precision,0,,
pair,0,category,,0,recall,0,,
pair,0,category,,0,target_accuracy,0,,
pair,0,category,,0,target_reach,0,,
pair,0,category,0.0,30,false_release,0,0,0.11351339317396876
pair,0,category,0.0,30,ask_rate,0,0,0.11351339317396876
pair,0,category,1.0,30,accuracy,30,0.8864866068260312,0.9999999999999999
pair,0,category,1.0,30,action_accuracy,30,0.8864866068260312,0.9999999999999999
pair,0,category,,0,limited_release,0,,
pair,0,source,,0,precision,0,,
pair,0,source,,0,recall,0,,
pair,0,source,,0,target_accuracy,0,,
pair,0,source,,0,target_reach,0,,
pair,0,source,0.0,10,false_release,0,0,0.2775327998628892
pair,0,source,0.0,10,ask_rate,0,0,0.2775327998628892
pair,0,source,1.0,10,accuracy,10,0.7224672001371107,0.9999999999999999
pair,0,source,1.0,10,action_accuracy,10,0.7224672001371107,0.9999999999999999
pair,0,source,,0,limited_release,0,,
pair,0,source,1.0,200,precision,200,0.9811546736227335,1
pair,0,source,0.8849557522123894,226,recall,200,0.8367727360307285,0.9202708404101189
pair,0,source,0.965,200,target_accuracy,193,0.9295293884777092,0.9829444579914328
pair,0,source,0.8539823008849557,226,target_reach,193,0.802032112800749,0.8940999115126738
pair,0,source,0.007462686567164179,134,false_release,1,0.001318564353840538,0.041059533430896106
pair,0,source,0.058333333333333334,360,ask_rate,21,0.038466802852037976,0.08752614739964128
pair,0,source,0.9083333333333333,360,accuracy,327,0.8740606285153463,0.933983625025554
pair,0,source,0.8388888888888889,360,action_accuracy,302,0.7973665906079224,0.8732551708341854
pair,0,source,0.31666666666666665,60,limited_release,19,0.21305867552366523,0.44233767026176773
pair,0,intent,1.0,30,precision,30,0.8864866068260312,0.9999999999999999
pair,0,intent,1.0,30,recall,30,0.8864866068260312,0.9999999999999999
pair,0,intent,0.9333333333333333,30,target_accuracy,28,0.7867654163738308,0.9815229762087295
pair,0,intent,0.9333333333333333,30,target_reach,28,0.7867654163738308,0.9815229762087295
pair,0,intent,,0,false_release,0,,
pair,0,intent,0.3,30,ask_rate,9,0.16664748268243793,0.47875787458714947
pair,0,intent,0.9333333333333333,30,accuracy,28,0.7867654163738308,0.9815229762087295
pair,0,intent,0.36666666666666664,30,action_accuracy,11,0.21873920806100708,0.5448643634520511
pair,0,intent,0.6333333333333333,30,limited_release,19,0.4551356365479487,0.7812607919389929
pair,0,intent,,0,precision,0,,
pair,0,intent,,0,recall,0,,
pair,0,intent,,0,target_accuracy,0,,
pair,0,intent,,0,target_reach,0,,
pair,0,intent,0.006944444444444444,144,false_release,1,0.001226918607059712,0.038284723575657084
pair,0,intent,0.020833333333333332,144,ask_rate,3,0.007110119392572913,0.05945753286950396
pair,0,intent,1.0,144,accuracy,144,0.9740163628569635,1
pair,0,intent,0.9930555555555556,144,action_accuracy,143,0.961715276424343,0.9987730813929402
pair,0,intent,,0,limited_release,0,,
pair,0,intent,1.0,22,precision,22,0.8513451253913791,1
pair,0,intent,0.7333333333333333,30,recall,22,0.555520383048111,0.8581733668040368
pair,0,intent,0.9090909090909091,22,target_accuracy,20,0.7218505315839417,0.9747045710090046
pair,0,intent,0.6666666666666666,30,target_reach,20,0.4878005164454384,0.8076950191632386
pair,0,intent,,0,false_release,0,,
pair,0,intent,0.03333333333333333,30,ask_rate,1,0.005908590381612455,0.16670390991409173
pair,0,intent,0.6666666666666666,30,accuracy,20,0.4878005164454384,0.8076950191632386
pair,0,intent,1.0,30,action_accuracy,30,0.8864866068260312,0.9999999999999999
pair,0,intent,0.0,30,limited_release,0,0,0.11351339317396876
pair,0,intent,1.0,148,precision,148,0.9747008567322154,0.9999999999999999
pair,0,intent,0.891566265060241,166,recall,148,0.8351173981595413,0.9303023109189367
pair,0,intent,0.9797297297297297,148,target_accuracy,145,0.9421032514042058,0.9930827057307576
pair,0,intent,0.8734939759036144,166,target_reach,145,0.8143443230120763,0.9157483225704718
pair,0,intent,,0,false_release,0,,
pair,0,intent,0.04819277108433735,166,ask_rate,8,0.024619468718975003,0.09220394388278114
pair,0,intent,0.8734939759036144,166,accuracy,145,0.8143443230120763,0.9157483225704718
pair,0,intent,0.7710843373493976,166,action_accuracy,128,0.7014710488161878,0.8284349036227586
pair,0,intent,,0,limited_release,0,,
pair,0,n_category,1.0,10,precision,10,0.7224672001371107,0.9999999999999999
pair,0,n_category,1.0,10,recall,10,0.7224672001371107,0.9999999999999999
pair,0,n_category,1.0,10,target_accuracy,10,0.7224672001371107,0.9999999999999999
pair,0,n_category,1.0,10,target_reach,10,0.7224672001371107,0.9999999999999999
pair,0,n_category,,0,false_release,0,,
pair,0,n_category,0.1,10,ask_rate,1,0.017876213095072896,0.4041500267952385
pair,0,n_category,1.0,10,accuracy,10,0.7224672001371107,0.9999999999999999
pair,0,n_category,0.1,10,action_accuracy,1,0.017876213095072896,0.4041500267952385
pair,0,n_category,0.9,10,limited_release,9,0.5958499732047615,0.9821237869049271
pair,0,n_category,1.0,9,precision,9,0.7008549515804559,1
pair,0,n_category,0.9,10,recall,9,0.5958499732047615,0.9821237869049271
pair,0,n_category,1.0,9,target_accuracy,9,0.7008549515804559,1
pair,0,n_category,0.9,10,target_reach,9,0.5958499732047615,0.9821237869049271
pair,0,n_category,,0,false_release,0,,
pair,0,n_category,0.1,10,ask_rate,1,0.017876213095072896,0.4041500267952385
pair,0,n_category,0.9,10,accuracy,9,0.5958499732047615,0.9821237869049271
pair,0,n_category,0.6,10,action_accuracy,6,0.31267376973365824,0.8318196702937638
pair,0,n_category,,0,limited_release,0,,
pair,0,n_category,1.0,9,precision,9,0.7008549515804559,1
pair,0,n_category,1.0,9,recall,9,0.7008549515804559,1
pair,0,n_category,1.0,9,target_accuracy,9,0.7008549515804559,1
pair,0,n_category,1.0,9,target_reach,9,0.7008549515804559,1
pair,0,n_category,,0,false_release,0,,
pair,0,n_category,0.1111111111111111,9,ask_rate,1,0.019890887638544907,0.434999705576656
pair,0,n_category,1.0,9,accuracy,9,0.7008549515804559,1
pair,0,n_category,0.8888888888888888,9,action_accuracy,8,0.5650002944233439,0.9801091123614551
pair,0,n_category,,0,limited_release,0,,
pair,0,n_category,1.0,8,precision,8,0.6755924351161198,1
pair,0,n_category,0.8,10,recall,8,0.49016247153664183,0.9433178485456247
pair,0,n_category,1.0,8,target_accuracy,8,0.6755924351161198,1
pair,0,n_category,0.8,10,target_reach,8,0.49016247153664183,0.9433178485456247
pair,0,n_category,,0,false_release,0,,
pair,0,n_category,0.1,10,ask_rate,1,0.017876213095072896,0.4041500267952385
pair,0,n_category,0.8,10,accuracy,8,0.49016247153664183,0.9433178485456247
pair,0,n_category,0.8,10,action_accuracy,8,0.49016247153664183,0.9433178485456247
pair,0,n_category,,0,limited_release,0,,
pair,0,n_category,1.0,9,precision,9,0.7008549515804559,1
pair,0,n_category,0.9,10,recall,9,0.5958499732047615,0.9821237869049271
pair,0,n_category,1.0,9,target_accuracy,9,0.7008549515804559,1
pair,0,n_category,0.9,10,target_reach,9,0.5958499732047615,0.9821237869049271
pair,0,n_category,,0,false_release,0,,
pair,0,n_category,0.0,10,ask_rate,0,0,0.2775327998628892
pair,0,n_category,0.9,10,accuracy,9,0.5958499732047615,0.9821237869049271
pair,0,n_category,0.7,10,action_accuracy,7,0.39677814746114537,0.8922087325936989
pair,0,n_category,,0,limited_release,0,,
pair,0,n_category,,0,precision,0,,
pair,0,n_category,,0,recall,0,,
pair,0,n_category,,0,target_accuracy,0,,
pair,0,n_category,,0,target_reach,0,,
pair,0,n_category,0.0,9,false_release,0,0,0.2991450484195441
pair,0,n_category,0.0,9,ask_rate,0,0,0.2991450484195441
pair,0,n_category,1.0,9,accuracy,9,0.7008549515804559,1
pair,0,n_category,1.0,9,action_accuracy,9,0.7008549515804559,1
pair,0,n_category,,0,limited_release,0,,
pair,0,n_category,1.0,7,precision,7,0.6456695649333126,1
pair,0,n_category,0.7,10,recall,7,0.39677814746114537,0.8922087325936989
pair,0,n_category,1.0,7,target_accuracy,7,0.6456695649333126,1
pair,0,n_category,0.7,10,target_reach,7,0.39677814746114537,0.8922087325936989
pair,0,n_category,,0,false_release,0,,
pair,0,n_category,0.0,10,ask_rate,0,0,0.2775327998628892
pair,0,n_category,0.7,10,accuracy,7,0.39677814746114537,0.8922087325936989
pair,0,n_category,0.9,10,action_accuracy,9,0.5958499732047615,0.9821237869049271
pair,0,n_category,,0,limited_release,0,,
pair,0,n_category,,0,precision,0,,
pair,0,n_category,,0,recall,0,,
pair,0,n_category,,0,target_accuracy,0,,
pair,0,n_category,,0,target_reach,0,,
pair,0,n_category,0.0,10,false_release,0,0,0.2775327998628892
pair,0,n_category,0.0,10,ask_rate,0,0,0.2775327998628892
pair,0,n_category,1.0,10,accuracy,10,0.7224672001371107,0.9999999999999999
pair,0,n_category,1.0,10,action_accuracy,10,0.7224672001371107,0.9999999999999999
pair,0,n_category,,0,limited_release,0,,
pair,0,n_category,1.0,8,precision,8,0.6755924351161198,1
pair,0,n_category,0.8,10,recall,8,0.49016247153664183,0.9433178485456247
pair,0,n_category,1.0,8,target_accuracy,8,0.6755924351161198,1
pair,0,n_category,0.8,10,target_reach,8,0.49016247153664183,0.9433178485456247
pair,0,n_category,,0,false_release,0,,
pair,0,n_category,0.0,10,ask_rate,0,0,0.2775327998628892
pair,0,n_category,0.8,10,accuracy,8,0.49016247153664183,0.9433178485456247
pair,0,n_category,0.9,10,action_accuracy,9,0.5958499732047615,0.9821237869049271
pair,0,n_category,,0,limited_release,0,,
pair,0,n_category,1.0,9,precision,9,0.7008549515804559,1
pair,0,n_category,0.9,10,recall,9,0.5958499732047615,0.9821237869049271
pair,0,n_category,1.0,9,target_accuracy,9,0.7008549515804559,1
pair,0,n_category,0.9,10,target_reach,9,0.5958499732047615,0.9821237869049271
pair,0,n_category,,0,false_release,0,,
pair,0,n_category,0.0,10,ask_rate,0,0,0.2775327998628892
pair,0,n_category,0.9,10,accuracy,9,0.5958499732047615,0.9821237869049271
pair,0,n_category,1.0,10,action_accuracy,10,0.7224672001371107,0.9999999999999999
pair,0,n_category,0.0,10,limited_release,0,0,0.2775327998628892
pair,0,n_category,,0,precision,0,,
pair,0,n_category,,0,recall,0,,
pair,0,n_category,,0,target_accuracy,0,,
pair,0,n_category,,0,target_reach,0,,
pair,0,n_category,0.0,4,false_release,0,0,0.4898908364545973
pair,0,n_category,0.0,4,ask_rate,0,0,0.4898908364545973
pair,0,n_category,1.0,4,accuracy,4,0.5101091635454027,1
pair,0,n_category,1.0,4,action_accuracy,4,0.5101091635454027,1
pair,0,n_category,,0,limited_release,0,,
pair,0,n_category,,0,precision,0,,
pair,0,n_category,,0,recall,0,,
pair,0,n_category,,0,target_accuracy,0,,
pair,0,n_category,,0,target_reach,0,,
pair,0,n_category,0.0,5,false_release,0,0,0.43448246478317476
pair,0,n_category,0.0,5,ask_rate,0,0,0.43448246478317476
pair,0,n_category,1.0,5,accuracy,5,0.5655175352168251,1
pair,0,n_category,1.0,5,action_accuracy,5,0.5655175352168251,1
pair,0,n_category,,0,limited_release,0,,
pair,0,n_category,,0,precision,0,,
pair,0,n_category,,0,recall,0,,
pair,0,n_category,,0,target_accuracy,0,,
pair,0,n_category,,0,target_reach,0,,
pair,0,n_category,0.0,10,false_release,0,0,0.2775327998628892
pair,0,n_category,0.0,10,ask_rate,0,0,0.2775327998628892
pair,0,n_category,1.0,10,accuracy,10,0.7224672001371107,0.9999999999999999
pair,0,n_category,1.0,10,action_accuracy,10,0.7224672001371107,0.9999999999999999
pair,0,n_category,,0,limited_release,0,,
pair,0,n_category,,0,precision,0,,
pair,0,n_category,,0,recall,0,,
pair,0,n_category,,0,target_accuracy,0,,
pair,0,n_category,,0,target_reach,0,,
pair,0,n_category,0.0,10,false_release,0,0,0.2775327998628892
pair,0,n_category,0.0,10,ask_rate,0,0,0.2775327998628892
pair,0,n_category,1.0,10,accuracy,10,0.7224672001371107,0.9999999999999999
pair,0,n_category,1.0,10,action_accuracy,10,0.7224672001371107,0.9999999999999999
pair,0,n_category,,0,limited_release,0,,
pair,0,n_category,1.0,10,precision,10,0.7224672001371107,0.9999999999999999
pair,0,n_category,1.0,10,recall,10,0.7224672001371107,0.9999999999999999
pair,0,n_category,0.9,10,target_accuracy,9,0.5958499732047615,0.9821237869049271
pair,0,n_category,0.9,10,target_reach,9,0.5958499732047615,0.9821237869049271
pair,0,n_category,,0,false_release,0,,
pair,0,n_category,0.4,10,ask_rate,4,0.16818032970623614,0.6873262302663417
pair,0,n_category,0.9,10,accuracy,9,0.5958499732047615,0.9821237869049271
pair,0,n_category,0.5,10,action_accuracy,5,0.236593090512564,0.7634069094874361
pair,0,n_category,0.5,10,limited_release,5,0.236593090512564,0.7634069094874361
pair,0,n_category,1.0,10,precision,10,0.7224672001371107,0.9999999999999999
pair,0,n_category,1.0,10,recall,10,0.7224672001371107,0.9999999999999999
pair,0,n_category,1.0,10,target_accuracy,10,0.7224672001371107,0.9999999999999999
pair,0,n_category,1.0,10,target_reach,10,0.7224672001371107,0.9999999999999999
pair,0,n_category,,0,false_release,0,,
pair,0,n_category,0.2,10,ask_rate,2,0.05668215145437519,0.5098375284633583
pair,0,n_category,1.0,10,accuracy,10,0.7224672001371107,0.9999999999999999
pair,0,n_category,0.8,10,action_accuracy,8,0.49016247153664183,0.9433178485456247
pair,0,n_category,,0,limited_release,0,,
pair,0,n_category,1.0,4,precision,4,0.5101091635454027,1
pair,0,n_category,0.8,5,recall,4,0.37553462976252533,0.9637758913675698
pair,0,n_category,0.5,4,target_accuracy,2,0.15003898915214947,0.8499610108478506
pair,0,n_category,0.4,5,target_reach,2,0.11762077423264783,0.769275718723987
pair,0,n_category,,0,false_release,0,,
pair,0,n_category,0.0,5,ask_rate,0,0,0.43448246478317476
pair,0,n_category,0.4,5,accuracy,2,0.11762077423264783,0.769275718723987
pair,0,n_category,0.4,5,action_accuracy,2,0.11762077423264783,0.769275718723987
pair,0,n_category,,0,limited_release,0,,
pair,0,n_category,1.0,8,precision,8,0.6755924351161198,1
pair,0,n_category,0.8888888888888888,9,recall,8,0.5650002944233439,0.9801091123614551
pair,0,n_category,1.0,8,target_accuracy,8,0.6755924351161198,1
pair,0,n_category,0.8888888888888888,9,target_reach,8,0.5650002944233439,0.9801091123614551
pair,0,n_category,,0,false_release,0,,
pair,0,n_category,0.1111111111111111,9,ask_rate,1,0.019890887638544907,0.434999705576656
pair,0,n_category,0.8888888888888888,9,accuracy,8,0.5650002944233439,0.9801091123614551
pair,0,n_category,0.7777777777777778,9,action_accuracy,7,0.45258896910698887,0.9367748928821533
pair,0,n_category,,0,limited_release,0,,
pair,0,n_category,1.0,9,precision,9,0.7008549515804559,1
pair,0,n_category,1.0,9,recall,9,0.7008549515804559,1
pair,0,n_category,1.0,9,target_accuracy,9,0.7008549515804559,1
pair,0,n_category,1.0,9,target_reach,9,0.7008549515804559,1
pair,0,n_category,,0,false_release,0,,
pair,0,n_category,0.0,9,ask_rate,0,0,0.2991450484195441
pair,0,n_category,1.0,9,accuracy,9,0.7008549515804559,1
pair,0,n_category,0.8888888888888888,9,action_accuracy,8,0.5650002944233439,0.9801091123614551
pair,0,n_category,,0,limited_release,0,,
pair,0,n_category,,0,precision,0,,
pair,0,n_category,,0,recall,0,,
pair,0,n_category,,0,target_accuracy,0,,
pair,0,n_category,,0,target_reach,0,,
pair,0,n_category,0.0,10,false_release,0,0,0.2775327998628892
pair,0,n_category,0.0,10,ask_rate,0,0,0.2775327998628892
pair,0,n_category,1.0,10,accuracy,10,0.7224672001371107,0.9999999999999999
pair,0,n_category,1.0,10,action_accuracy,10,0.7224672001371107,0.9999999999999999
pair,0,n_category,,0,limited_release,0,,
pair,0,n_category,1.0,8,precision,8,0.6755924351161198,1
pair,0,n_category,0.8,10,recall,8,0.49016247153664183,0.9433178485456247
pair,0,n_category,1.0,8,target_accuracy,8,0.6755924351161198,1
pair,0,n_category,0.8,10,target_reach,8,0.49016247153664183,0.9433178485456247
pair,0,n_category,,0,false_release,0,,
pair,0,n_category,0.1,10,ask_rate,1,0.017876213095072896,0.4041500267952385
pair,0,n_category,0.8,10,accuracy,8,0.49016247153664183,0.9433178485456247
pair,0,n_category,0.7,10,action_accuracy,7,0.39677814746114537,0.8922087325936989
pair,0,n_category,,0,limited_release,0,,
pair,0,n_category,,0,precision,0,,
pair,0,n_category,,0,recall,0,,
pair,0,n_category,,0,target_accuracy,0,,
pair,0,n_category,,0,target_reach,0,,
pair,0,n_category,0.0,10,false_release,0,0,0.2775327998628892
pair,0,n_category,0.0,10,ask_rate,0,0,0.2775327998628892
pair,0,n_category,1.0,10,accuracy,10,0.7224672001371107,0.9999999999999999
pair,0,n_category,1.0,10,action_accuracy,10,0.7224672001371107,0.9999999999999999
pair,0,n_category,,0,limited_release,0,,
pair,0,n_category,1.0,10,precision,10,0.7224672001371107,0.9999999999999999
pair,0,n_category,1.0,10,recall,10,0.7224672001371107,0.9999999999999999
pair,0,n_category,1.0,10,target_accuracy,10,0.7224672001371107,0.9999999999999999
pair,0,n_category,1.0,10,target_reach,10,0.7224672001371107,0.9999999999999999
pair,0,n_category,,0,false_release,0,,
pair,0,n_category,0.0,10,ask_rate,0,0,0.2775327998628892
pair,0,n_category,1.0,10,accuracy,10,0.7224672001371107,0.9999999999999999
pair,0,n_category,0.8,10,action_accuracy,8,0.49016247153664183,0.9433178485456247
pair,0,n_category,,0,limited_release,0,,
pair,0,n_category,1.0,5,precision,5,0.5655175352168251,1
pair,0,n_category,0.5,10,recall,5,0.236593090512564,0.7634069094874361
pair,0,n_category,0.8,5,target_accuracy,4,0.37553462976252533,0.9637758913675698
pair,0,n_category,0.4,10,target_reach,4,0.16818032970623614,0.6873262302663417
pair,0,n_category,,0,false_release,0,,
pair,0,n_category,0.1,10,ask_rate,1,0.017876213095072896,0.4041500267952385
pair,0,n_category,0.4,10,accuracy,4,0.16818032970623614,0.6873262302663417
pair,0,n_category,1.0,10,action_accuracy,10,0.7224672001371107,0.9999999999999999
pair,0,n_category,0.0,10,limited_release,0,0,0.2775327998628892
pair,0,n_category,,0,precision,0,,
pair,0,n_category,,0,recall,0,,
pair,0,n_category,,0,target_accuracy,0,,
pair,0,n_category,,0,target_reach,0,,
pair,0,n_category,0.0,3,false_release,0,5.551115123125783e-17,0.5614970317550454
pair,0,n_category,0.0,3,ask_rate,0,5.551115123125783e-17,0.5614970317550454
pair,0,n_category,1.0,3,accuracy,3,0.4385029682449546,1
pair,0,n_category,1.0,3,action_accuracy,3,0.4385029682449546,1
pair,0,n_category,,0,limited_release,0,,
pair,0,n_category,,0,precision,0,,
pair,0,n_category,,0,recall,0,,
pair,0,n_category,,0,target_accuracy,0,,
pair,0,n_category,,0,target_reach,0,,
pair,0,n_category,0.2,5,false_release,1,0.03622410863243014,0.6244653702374747
pair,0,n_category,0.0,5,ask_rate,0,0,0.43448246478317476
pair,0,n_category,1.0,5,accuracy,5,0.5655175352168251,1
pair,0,n_category,0.8,5,action_accuracy,4,0.37553462976252533,0.9637758913675698
pair,0,n_category,,0,limited_release,0,,
pair,0,n_category,,0,precision,0,,
pair,0,n_category,,0,recall,0,,
pair,0,n_category,,0,target_accuracy,0,,
pair,0,n_category,,0,target_reach,0,,
pair,0,n_category,0.0,10,false_release,0,0,0.2775327998628892
pair,0,n_category,0.0,10,ask_rate,0,0,0.2775327998628892
pair,0,n_category,1.0,10,accuracy,10,0.7224672001371107,0.9999999999999999
pair,0,n_category,1.0,10,action_accuracy,10,0.7224672001371107,0.9999999999999999
pair,0,n_category,,0,limited_release,0,,
pair,0,n_category,,0,precision,0,,
pair,0,n_category,,0,recall,0,,
pair,0,n_category,,0,target_accuracy,0,,
pair,0,n_category,,0,target_reach,0,,
pair,0,n_category,0.0,10,false_release,0,0,0.2775327998628892
pair,0,n_category,0.0,10,ask_rate,0,0,0.2775327998628892
pair,0,n_category,1.0,10,accuracy,10,0.7224672001371107,0.9999999999999999
pair,0,n_category,1.0,10,action_accuracy,10,0.7224672001371107,0.9999999999999999
pair,0,n_category,,0,limited_release,0,,
pair,0,n_category,1.0,10,precision,10,0.7224672001371107,0.9999999999999999
pair,0,n_category,1.0,10,recall,10,0.7224672001371107,0.9999999999999999
pair,0,n_category,0.9,10,target_accuracy,9,0.5958499732047615,0.9821237869049271
pair,0,n_category,0.9,10,target_reach,9,0.5958499732047615,0.9821237869049271
pair,0,n_category,,0,false_release,0,,
pair,0,n_category,0.4,10,ask_rate,4,0.16818032970623614,0.6873262302663417
pair,0,n_category,0.9,10,accuracy,9,0.5958499732047615,0.9821237869049271
pair,0,n_category,0.5,10,action_accuracy,5,0.236593090512564,0.7634069094874361
pair,0,n_category,0.5,10,limited_release,5,0.236593090512564,0.7634069094874361
pair,0,n_category,1.0,9,precision,9,0.7008549515804559,1
pair,0,n_category,1.0,9,recall,9,0.7008549515804559,1
pair,0,n_category,0.8888888888888888,9,target_accuracy,8,0.5650002944233439,0.9801091123614551
pair,0,n_category,0.8888888888888888,9,target_reach,8,0.5650002944233439,0.9801091123614551
pair,0,n_category,,0,false_release,0,,
pair,0,n_category,0.0,9,ask_rate,0,0,0.2991450484195441
pair,0,n_category,0.8888888888888888,9,accuracy,8,0.5650002944233439,0.9801091123614551
pair,0,n_category,0.7777777777777778,9,action_accuracy,7,0.45258896910698887,0.9367748928821533
pair,0,n_category,,0,limited_release,0,,
pair,0,n_category,1.0,4,precision,4,0.5101091635454027,1
pair,0,n_category,0.8,5,recall,4,0.37553462976252533,0.9637758913675698
pair,0,n_category,1.0,4,target_accuracy,4,0.5101091635454027,1
pair,0,n_category,0.8,5,target_reach,4,0.37553462976252533,0.9637758913675698
pair,0,n_category,,0,false_release,0,,
pair,0,n_category,0.0,5,ask_rate,0,0,0.43448246478317476
pair,0,n_category,0.8,5,accuracy,4,0.37553462976252533,0.9637758913675698
pair,0,n_category,0.4,5,action_accuracy,2,0.11762077423264783,0.769275718723987
pair,0,n_category,,0,limited_release,0,,
pair,0,n_category,1.0,9,precision,9,0.7008549515804559,1
pair,0,n_category,0.9,10,recall,9,0.5958499732047615,0.9821237869049271
pair,0,n_category,1.0,9,target_accuracy,9,0.7008549515804559,1
pair,0,n_category,0.9,10,target_reach,9,0.5958499732047615,0.9821237869049271
pair,0,n_category,,0,false_release,0,,
pair,0,n_category,0.1,10,ask_rate,1,0.017876213095072896,0.4041500267952385
pair,0,n_category,0.9,10,accuracy,9,0.5958499732047615,0.9821237869049271
pair,0,n_category,0.9,10,action_accuracy,9,0.5958499732047615,0.9821237869049271
pair,0,n_category,,0,limited_release,0,,
pair,0,n_category,1.0,10,precision,10,0.7224672001371107,0.9999999999999999
pair,0,n_category,1.0,10,recall,10,0.7224672001371107,0.9999999999999999
pair,0,n_category,1.0,10,target_accuracy,10,0.7224672001371107,0.9999999999999999
pair,0,n_category,1.0,10,target_reach,10,0.7224672001371107,0.9999999999999999
pair,0,n_category,,0,false_release,0,,
pair,0,n_category,0.0,10,ask_rate,0,0,0.2775327998628892
pair,0,n_category,1.0,10,accuracy,10,0.7224672001371107,0.9999999999999999
pair,0,n_category,0.7,10,action_accuracy,7,0.39677814746114537,0.8922087325936989
pair,0,n_category,,0,limited_release,0,,
pair,0,n_category,,0,precision,0,,
pair,0,n_category,,0,recall,0,,
pair,0,n_category,,0,target_accuracy,0,,
pair,0,n_category,,0,target_reach,0,,
pair,0,n_category,0.0,10,false_release,0,0,0.2775327998628892
pair,0,n_category,0.0,10,ask_rate,0,0,0.2775327998628892
pair,0,n_category,1.0,10,accuracy,10,0.7224672001371107,0.9999999999999999
pair,0,n_category,1.0,10,action_accuracy,10,0.7224672001371107,0.9999999999999999
pair,0,n_category,,0,limited_release,0,,
pair,0,n_category,1.0,7,precision,7,0.6456695649333126,1
pair,0,n_category,0.7,10,recall,7,0.39677814746114537,0.8922087325936989
pair,0,n_category,1.0,7,target_accuracy,7,0.6456695649333126,1
pair,0,n_category,0.7,10,target_reach,7,0.39677814746114537,0.8922087325936989
pair,0,n_category,,0,false_release,0,,
pair,0,n_category,0.0,10,ask_rate,0,0,0.2775327998628892
pair,0,n_category,0.7,10,accuracy,7,0.39677814746114537,0.8922087325936989
pair,0,n_category,0.7,10,action_accuracy,7,0.39677814746114537,0.8922087325936989
pair,0,n_category,,0,limited_release,0,,
pair,0,n_category,,0,precision,0,,
pair,0,n_category,,0,recall,0,,
pair,0,n_category,,0,target_accuracy,0,,
pair,0,n_category,,0,target_reach,0,,
pair,0,n_category,0.0,10,false_release,0,0,0.2775327998628892
pair,0,n_category,0.0,10,ask_rate,0,0,0.2775327998628892
pair,0,n_category,1.0,10,accuracy,10,0.7224672001371107,0.9999999999999999
pair,0,n_category,1.0,10,action_accuracy,10,0.7224672001371107,0.9999999999999999
pair,0,n_category,,0,limited_release,0,,
pair,0,n_category,1.0,10,precision,10,0.7224672001371107,0.9999999999999999
pair,0,n_category,1.0,10,recall,10,0.7224672001371107,0.9999999999999999
pair,0,n_category,1.0,10,target_accuracy,10,0.7224672001371107,0.9999999999999999
pair,0,n_category,1.0,10,target_reach,10,0.7224672001371107,0.9999999999999999
pair,0,n_category,,0,false_release,0,,
pair,0,n_category,0.0,10,ask_rate,0,0,0.2775327998628892
pair,0,n_category,1.0,10,accuracy,10,0.7224672001371107,0.9999999999999999
pair,0,n_category,0.9,10,action_accuracy,9,0.5958499732047615,0.9821237869049271
pair,0,n_category,,0,limited_release,0,,
pair,0,n_category,1.0,8,precision,8,0.6755924351161198,1
pair,0,n_category,0.8,10,recall,8,0.49016247153664183,0.9433178485456247
pair,0,n_category,0.875,8,target_accuracy,7,0.5291118177871464,0.9775825085499433
pair,0,n_category,0.7,10,target_reach,7,0.39677814746114537,0.8922087325936989
pair,0,n_category,,0,false_release,0,,
pair,0,n_category,0.0,10,ask_rate,0,0,0.2775327998628892
pair,0,n_category,0.7,10,accuracy,7,0.39677814746114537,0.8922087325936989
pair,0,n_category,1.0,10,action_accuracy,10,0.7224672001371107,0.9999999999999999
pair,0,n_category,0.0,10,limited_release,0,0,0.2775327998628892
pair,0,n_category,,0,precision,0,,
pair,0,n_category,,0,recall,0,,
pair,0,n_category,,0,target_accuracy,0,,
pair,0,n_category,,0,target_reach,0,,
pair,0,n_category,0.0,3,false_release,0,5.551115123125783e-17,0.5614970317550454
pair,0,n_category,0.0,3,ask_rate,0,5.551115123125783e-17,0.5614970317550454
pair,0,n_category,1.0,3,accuracy,3,0.4385029682449546,1
pair,0,n_category,1.0,3,action_accuracy,3,0.4385029682449546,1
pair,0,n_category,,0,limited_release,0,,
pair,0,n_category,,0,precision,0,,
pair,0,n_category,,0,recall,0,,
pair,0,n_category,,0,target_accuracy,0,,
pair,0,n_category,,0,target_reach,0,,
pair,0,n_category,0.0,5,false_release,0,0,0.43448246478317476
pair,0,n_category,0.6,5,ask_rate,3,0.2307242812760128,0.882379225767352
pair,0,n_category,1.0,5,accuracy,5,0.5655175352168251,1
pair,0,n_category,1.0,5,action_accuracy,5,0.5655175352168251,1
pair,0,n_category,,0,limited_release,0,,
pair,0,n_category,,0,precision,0,,
pair,0,n_category,,0,recall,0,,
pair,0,n_category,,0,target_accuracy,0,,
pair,0,n_category,,0,target_reach,0,,
pair,0,n_category,0.0,10,false_release,0,0,0.2775327998628892
pair,0,n_category,0.0,10,ask_rate,0,0,0.2775327998628892
pair,0,n_category,1.0,10,accuracy,10,0.7224672001371107,0.9999999999999999
pair,0,n_category,1.0,10,action_accuracy,10,0.7224672001371107,0.9999999999999999
pair,0,n_category,,0,limited_release,0,,
pair,0,n_category,,0,precision,0,,
pair,0,n_category,,0,recall,0,,
pair,0,n_category,,0,target_accuracy,0,,
pair,0,n_category,,0,target_reach,0,,
pair,0,n_category,0.0,10,false_release,0,0,0.2775327998628892
pair,0,n_category,0.0,10,ask_rate,0,0,0.2775327998628892
pair,0,n_category,1.0,10,accuracy,10,0.7224672001371107,0.9999999999999999
pair,0,n_category,1.0,10,action_accuracy,10,0.7224672001371107,0.9999999999999999
pair,0,n_category,,0,limited_release,0,,
pair,1,all,1.0,191,precision,191,0.9802841815907912,1
pair,1,all,0.8451327433628318,226,recall,191,0.7922390416496905,0.8864896820558967
pair,1,all,0.9685863874345549,191,target_accuracy,185,0.9331707287133241,0.9855249179084121
pair,1,all,0.8185840707964602,226,target_reach,185,0.7631557273982873,0.8633630944837932
pair,1,all,0.020833333333333332,144,false_release,3,0.007110119392572913,0.05945753286950396
pair,1,all,0.032432432432432434,370,ask_rate,12,0.01864830570333003,0.05582566759145039
pair,1,all,0.8891891891891892,370,accuracy,329,0.8531202548977029,0.9172597904523064
pair,1,all,0.8567567567567568,370,action_accuracy,317,0.8173905410668856,0.888791167170623
pair,1,all,0.38333333333333336,60,limited_release,23,0.27088272374082023,0.5098240417590008
pair,1,n,1.0,65,precision,65,0.9441984686771432,1
pair,1,n,0.8227848101265823,79,recall,65,0.7242380412359362,0.8913957335191265
pair,1,n,1.0,65,target_accuracy,65,0.9441984686771432,1
pair,1,n,0.8227848101265823,79,target_reach,65,0.7242380412359362,0.8913957335191265
pair,1,n,0.0,48,false_release,0,6.938893903907228e-18,0.07410012966611748
pair,1,n,0.023622047244094488,127,ask_rate,3,0.00806568008022535,0.06715098984532873
pair,1,n,0.889763779527559,127,accuracy,113,0.8234509086033921,0.9331899978211546
pair,1,n,0.8582677165354331,127,action_accuracy,109,0.7870690156524678,0.9084291912630247
pair,1,n,0.45,20,limited_release,9,0.2581978582556243,0.6579146575496577
pair,1,n,1.0,63,precision,63,0.9425288004111484,1
pair,1,n,0.863013698630137,73,recall,63,0.765875725934301,0.9238561039060587
pair,1,n,0.9523809523809523,63,target_accuracy,60,0.8690903216209392,0.9836738311320045
pair,1,n,0.821917808219178,73,target_reach,60,0.7187827114087395,0.8928662697704473
pair,1,n,0.020833333333333332,48,false_release,1,0.003687110977510649,0.10899217995251861
pair,1,n,0.04132231404958678,121,ask_rate,5,0.017777486075125137,0.09309480708330535
pair,1,n,0.8925619834710744,121,accuracy,108,0.8248348380619106,0.9361303164421355
pair,1,n,0.8760330578512396,121,action_accuracy,106,0.8055084227089188,0.9234160937107464
pair,1,n,0.35,20,limited_release,7,0.18119182410108206,0.5671457233147638
pair,1,n,1.0,63,precision,63,0.9425288004111484,1
pair,1,n,0.8513513513513513,74,recall,63,0.753105074828074,0.9149194045150061
pair,1,n,0.9523809523809523,63,target_accuracy,60,0.8690903216209392,0.9836738311320045
pair,1,n,0.8108108108108109,74,target_reach,60,0.7071244273939165,0.8838203043326546
pair,1,n,0.041666666666666664,48,false_release,2,0.011501893489386586,0.13975655870455445
pair,1,n,0.03278688524590164,122,ask_rate,4,0.012822598471338105,0.08127563379380506
pair,1,n,0.8852459016393442,122,accuracy,108,0.8165707956145146,0.9304008374300164
pair,1,n,0.8360655737704918,122,action_accuracy,102,0.7603151063673728,0.8912984458629629
pair,1,n,0.35,20,limited_release,7,0.18119182410108206,0.5671457233147638
pair,1,category,1.0,30,precision,30,0.8864866068260312,0.9999999999999999
pair,1,category,1.0,30,recall,30,0.8864866068260312,0.9999999999999999
pair,1,category,0.9333333333333333,30,target_accuracy,28,0.7867654163738308,0.9815229762087295
pair,1,category,0.9333333333333333,30,target_reach,28,0.7867654163738308,0.9815229762087295
pair,1,category,,0,false_release,0,,
pair,1,category,0.2,30,ask_rate,6,0.0950510717728987,0.3730569641314825
pair,1,category,0.9333333333333333,30,accuracy,28,0.7867654163738308,0.9815229762087295
pair,1,category,0.23333333333333334,30,action_accuracy,7,0.11792388144489496,0.40928326158122164
pair,1,category,0.7666666666666667,30,limited_release,23,0.5907167384187784,0.8820761185551049
pair,1,category,1.0,27,precision,27,0.8754449702581328,0.9999999999999998
pair,1,category,0.9310344827586207,29,recall,27,0.7803541984972431,0.9808787338305667
pair,1,category,1.0,27,target_accuracy,27,0.8754449702581328,0.9999999999999998
pair,1,category,0.9310344827586207,29,target_reach,27,0.7803541984972431,0.9808787338305667
pair,1,category,,0,false_release,0,,
pair,1,category,0.10344827586206896,29,ask_rate,3,0.03581489135067707,0.26385081090773804
pair,1,category,0.9310344827586207,29,accuracy,27,0.7803541984972431,0.9808787338305667
pair,1,category,0.6896551724137931,29,action_accuracy,20,0.5076986576690685,0.8272438325551679
pair,1,category,,0,limited_release,0,,
pair,1,category,1.0,18,precision,18,0.8241207763533425,1
pair,1,category,0.9473684210526315,19,recall,18,0.753612688331012,0.9906480059376995
pair,1,category,0.8888888888888888,18,target_accuracy,16,0.672002348698212,0.9689804773543876
pair,1,category,0.8421052631578947,19,target_reach,16,0.6243452472967093,0.9447952836146585
pair,1,category,,0,false_release,0,,
pair,1,category,0.0,19,ask_rate,0,0,0.16817922405261626
pair,1,category,0.8421052631578947,19,accuracy,16,0.6243452472967093,0.9447952836146585
pair,1,category,0.7894736842105263,19,action_accuracy,15,0.5666572155618583,0.9149232336708375
pair,1,category,,0,limited_release,0,,
pair,1,category,1.0,22,precision,22,0.8513451253913791,1
pair,1,category,0.7586206896551724,29,recall,22,0.5789239838218867,0.8778157755747991
pair,1,category,1.0,22,target_accuracy,22,0.8513451253913791,1
pair,1,category,0.7586206896551724,29,target_reach,22,0.5789239838218867,0.8778157755747991
pair,1,category,,0,false_release,0,,
pair,1,category,0.0,29,ask_rate,0,0,0.11696979849974075
pair,1,category,0.7586206896551724,29,accuracy,22,0.5789239838218867,0.8778157755747991
pair,1,category,0.9655172413793104,29,action_accuracy,28,0.8282447812067973,0.9938867857072374
pair,1,category,,0,limited_release,0,,
pair,1,category,1.0,28,precision,28,0.8793566952341543,0.9999999999999998
pair,1,category,0.9655172413793104,29,recall,28,0.8282447812067973,0.9938867857072374
pair,1,category,1.0,28,target_accuracy,28,0.8793566952341543,0.9999999999999998
pair,1,category,0.9655172413793104,29,target_reach,28,0.8282447812067973,0.9938867857072374
pair,1,category,,0,false_release,0,,
pair,1,category,0.0,29,ask_rate,0,0,0.11696979849974075
pair,1,category,0.9655172413793104,29,accuracy,28,0.8282447812067973,0.9938867857072374
pair,1,category,0.7586206896551724,29,action_accuracy,22,0.5789239838218867,0.8778157755747991
pair,1,category,,0,limited_release,0,,
pair,1,category,,0,precision,0,,
pair,1,category,,0,recall,0,,
pair,1,category,,0,target_accuracy,0,,
pair,1,category,,0,target_reach,0,,
pair,1,category,0.0,29,false_release,0,0,0.11696979849974075
pair,1,category,0.0,29,ask_rate,0,0,0.11696979849974075
pair,1,category,1.0,29,accuracy,29,0.8830302015002593,1
pair,1,category,1.0,29,action_accuracy,29,0.8830302015002593,1
pair,1,category,,0,limited_release,0,,
pair,1,category,1.0,20,precision,20,0.8388748419471806,1
pair,1,category,0.6666666666666666,30,recall,20,0.4878005164454384,0.8076950191632386
pair,1,category,1.0,20,target_accuracy,20,0.8388748419471806,1
pair,1,category,0.6666666666666666,30,target_reach,20,0.4878005164454384,0.8076950191632386
pair,1,category,,0,false_release,0,,
pair,1,category,0.0,30,ask_rate,0,0,0.11351339317396876
pair,1,category,0.6666666666666666,30,accuracy,20,0.4878005164454384,0.8076950191632386
pair,1,category,0.9,30,action_accuracy,27,0.7437891742081593,0.9654001112526658
pair,1,category,,0,limited_release,0,,
pair,1,category,,0,precision,0,,
pair,1,category,,0,recall,0,,
pair,1,category,,0,target_accuracy,0,,
pair,1,category,,0,target_reach,0,,
pair,1,category,0.0,30,false_release,0,0,0.11351339317396876
pair,1,category,0.0,30,ask_rate,0,0,0.11351339317396876
pair,1,category,1.0,30,accuracy,30,0.8864866068260312,0.9999999999999999
pair,1,category,1.0,30,action_accuracy,30,0.8864866068260312,0.9999999999999999
pair,1,category,,0,limited_release,0,,
pair,1,category,1.0,28,precision,28,0.8793566952341543,0.9999999999999998
pair,1,category,0.9333333333333333,30,recall,28,0.7867654163738308,0.9815229762087295
pair,1,category,1.0,28,target_accuracy,28,0.8793566952341543,0.9999999999999998
pair,1,category,0.9333333333333333,30,target_reach,28,0.7867654163738308,0.9815229762087295
pair,1,category,,0,false_release,0,,
pair,1,category,0.03333333333333333,30,ask_rate,1,0.005908590381612455,0.16670390991409173
pair,1,category,0.9333333333333333,30,accuracy,28,0.7867654163738308,0.9815229762087295
pair,1,category,0.9,30,action_accuracy,27,0.7437891742081593,0.9654001112526658
pair,1,category,,0,limited_release,0,,
pair,1,category,1.0,18,precision,18,0.8241207763533425,1
pair,1,category,0.6,30,recall,18,0.42320360253322475,0.7540937188319815
pair,1,category,0.8888888888888888,18,target_accuracy,16,0.672002348698212,0.9689804773543876
pair,1,category,0.5333333333333333,30,target_reach,16,0.36142299619873297,0.6976761109230025
pair,1,category,,0,false_release,0,,
pair,1,category,0.03333333333333333,30,ask_rate,1,0.005908590381612455,0.16670390991409173
pair,1,category,0.5333333333333333,30,accuracy,16,0.36142299619873297,0.6976761109230025
pair,1,category,1.0,30,action_accuracy,30,0.8864866068260312,0.9999999999999999
pair,1,category,0.0,30,limited_release,0,0,0.11351339317396876
pair,1,category,,0,precision,0,,
pair,1,category,,0,recall,0,,
pair,1,category,,0,target_accuracy,0,,
pair,1,category,,0,target_reach,0,,
pair,1,category,0.0,10,false_release,0,0,0.2775327998628892
pair,1,category,0.0,10,ask_rate,0,0,0.2775327998628892
pair,1,category,1.0,10,accuracy,10,0.7224672001371107,0.9999999999999999
pair,1,category,1.0,10,action_accuracy,10,0.7224672001371107,0.9999999999999999
pair,1,category,,0,limited_release,0,,
pair,1,category,,0,precision,0,,
pair,1,category,,0,recall,0,,
pair,1,category,,0,target_accuracy,0,,
pair,1,category,,0,target_reach,0,,
pair,1,category,0.2,15,false_release,3,0.07047549346981563,0.45185448715169363
pair,1,category,0.06666666666666667,15,ask_rate,1,0.011866895493268553,0.2981652987378003
pair,1,category,1.0,15,accuracy,15,0.7961166989641515,1
pair,1,category,0.8,15,action_accuracy,12,0.5481455128483065,0.9295245065301844
pair,1,category,,0,limited_release,0,,
pair,1,category,,0,precision,0,,
pair,1,category,,0,recall,0,,
pair,1,category,,0,target_accuracy,0,,
pair,1,category,,0,target_reach,0,,
pair,1,category,0.0,30,false_release,0,0,0.11351339317396876
pair,1,category,0.0,30,ask_rate,0,0,0.11351339317396876
pair,1,category,1.0,30,accuracy,30,0.8864866068260312,0.9999999999999999
pair,1,category,1.0,30,action_accuracy,30,0.8864866068260312,0.9999999999999999
pair,1,category,,0,limited_release,0,,
pair,1,category,,0,precision,0,,
pair,1,category,,0,recall,0,,
pair,1,category,,0,target_accuracy,0,,
pair,1,category,,0,target_reach,0,,
pair,1,category,0.0,30,false_release,0,0,0.11351339317396876
pair,1,category,0.0,30,ask_rate,0,0,0.11351339317396876
pair,1,category,1.0,30,accuracy,30,0.8864866068260312,0.9999999999999999
pair,1,category,1.0,30,action_accuracy,30,0.8864866068260312,0.9999999999999999
pair,1,category,,0,limited_release,0,,
pair,1,source,,0,precision,0,,
pair,1,source,,0,recall,0,,
pair,1,source,,0,target_accuracy,0,,
pair,1,source,,0,target_reach,0,,
pair,1,source,0.0,10,false_release,0,0,0.2775327998628892
pair,1,source,0.0,10,ask_rate,0,0,0.2775327998628892
pair,1,source,1.0,10,accuracy,10,0.7224672001371107,0.9999999999999999
pair,1,source,1.0,10,action_accuracy,10,0.7224672001371107,0.9999999999999999
pair,1,source,,0,limited_release,0,,
pair,1,source,1.0,191,precision,191,0.9802841815907912,1
pair,1,source,0.8451327433628318,226,recall,191,0.7922390416496905,0.8864896820558967
pair,1,source,0.9685863874345549,191,target_accuracy,185,0.9331707287133241,0.9855249179084121
pair,1,source,0.8185840707964602,226,target_reach,185,0.7631557273982873,0.8633630944837932
pair,1,source,0.022388059701492536,134,false_release,3,0.007642738836738421,0.06375420446967286
pair,1,source,0.03333333333333333,360,ask_rate,12,0.01916905931443742,0.05735179378167651
pair,1,source,0.8861111111111111,360,accuracy,319,0.8491389549196937,0.914930101149593
pair,1,source,0.8527777777777777,360,action_accuracy,307,0.8124551213328995,0.8856511385289666
pair,1,source,0.38333333333333336,60,limited_release,23,0.27088272374082023,0.5098240417590008
pair,1,intent,1.0,30,precision,30,0.8864866068260312,0.9999999999999999
pair,1,intent,1.0,30,recall,30,0.8864866068260312,0.9999999999999999
pair,1,intent,0.9333333333333333,30,target_accuracy,28,0.7867654163738308,0.9815229762087295
pair,1,intent,0.9333333333333333,30,target_reach,28,0.7867654163738308,0.9815229762087295
pair,1,intent,,0,false_release,0,,
pair,1,intent,0.2,30,ask_rate,6,0.0950510717728987,0.3730569641314825
pair,1,intent,0.9333333333333333,30,accuracy,28,0.7867654163738308,0.9815229762087295
pair,1,intent,0.23333333333333334,30,action_accuracy,7,0.11792388144489496,0.40928326158122164
pair,1,intent,0.7666666666666667,30,limited_release,23,0.5907167384187784,0.8820761185551049
pair,1,intent,,0,precision,0,,
pair,1,intent,,0,recall,0,,
pair,1,intent,,0,target_accuracy,0,,
pair,1,intent,,0,target_reach,0,,
pair,1,intent,0.020833333333333332,144,false_release,3,0.007110119392572913,0.05945753286950396
pair,1,intent,0.006944444444444444,144,ask_rate,1,0.001226918607059712,0.038284723575657084
pair,1,intent,1.0,144,accuracy,144,0.9740163628569635,1
pair,1,intent,0.9791666666666666,144,action_accuracy,141,0.9405424671304959,0.992889880607427
pair,1,intent,,0,limited_release,0,,
pair,1,intent,1.0,18,precision,18,0.8241207763533425,1
pair,1,intent,0.6,30,recall,18,0.42320360253322475,0.7540937188319815
pair,1,intent,0.8888888888888888,18,target_accuracy,16,0.672002348698212,0.9689804773543876
pair,1,intent,0.5333333333333333,30,target_reach,16,0.36142299619873297,0.6976761109230025
pair,1,intent,,0,false_release,0,,
pair,1,intent,0.03333333333333333,30,ask_rate,1,0.005908590381612455,0.16670390991409173
pair,1,intent,0.5333333333333333,30,accuracy,16,0.36142299619873297,0.6976761109230025
pair,1,intent,1.0,30,action_accuracy,30,0.8864866068260312,0.9999999999999999
pair,1,intent,0.0,30,limited_release,0,0,0.11351339317396876
pair,1,intent,1.0,143,precision,143,0.9738394125777184,0.9999999999999999
pair,1,intent,0.8614457831325302,166,recall,143,0.8006736987325396,0.9058675711860555
pair,1,intent,0.986013986013986,143,target_accuracy,141,0.9504430359191713,0.9961561133696599
pair,1,intent,0.8493975903614458,166,target_reach,141,0.7871280017185311,0.8958618925361108
pair,1,intent,,0,false_release,0,,
pair,1,intent,0.024096385542168676,166,ask_rate,4,0.009409601294356727,0.06031105997949307
pair,1,intent,0.8493975903614458,166,accuracy,141,0.7871280017185311,0.8958618925361108
pair,1,intent,0.8373493975903614,166,action_accuracy,139,0.7736953899222655,0.8857431286684231
pair,1,intent,,0,limited_release,0,,
pair,1,n_category,1.0,10,precision,10,0.7224672001371107,0.9999999999999999
pair,1,n_category,1.0,10,recall,10,0.7224672001371107,0.9999999999999999
pair,1,n_category,1.0,10,target_accuracy,10,0.7224672001371107,0.9999999999999999
pair,1,n_category,1.0,10,target_reach,10,0.7224672001371107,0.9999999999999999
pair,1,n_category,,0,false_release,0,,
pair,1,n_category,0.1,10,ask_rate,1,0.017876213095072896,0.4041500267952385
pair,1,n_category,1.0,10,accuracy,10,0.7224672001371107,0.9999999999999999
pair,1,n_category,0.1,10,action_accuracy,1,0.017876213095072896,0.4041500267952385
pair,1,n_category,0.9,10,limited_release,9,0.5958499732047615,0.9821237869049271
pair,1,n_category,1.0,8,precision,8,0.6755924351161198,1
pair,1,n_category,0.8,10,recall,8,0.49016247153664183,0.9433178485456247
pair,1,n_category,1.0,8,target_accuracy,8,0.6755924351161198,1
pair,1,n_category,0.8,10,target_reach,8,0.49016247153664183,0.9433178485456247
pair,1,n_category,,0,false_release,0,,
pair,1,n_category,0.1,10,ask_rate,1,0.017876213095072896,0.4041500267952385
pair,1,n_category,0.8,10,accuracy,8,0.49016247153664183,0.9433178485456247
pair,1,n_category,0.7,10,action_accuracy,7,0.39677814746114537,0.8922087325936989
pair,1,n_category,,0,limited_release,0,,
pair,1,n_category,1.0,9,precision,9,0.7008549515804559,1
pair,1,n_category,1.0,9,recall,9,0.7008549515804559,1
pair,1,n_category,1.0,9,target_accuracy,9,0.7008549515804559,1
pair,1,n_category,1.0,9,target_reach,9,0.7008549515804559,1
pair,1,n_category,,0,false_release,0,,
pair,1,n_category,0.0,9,ask_rate,0,0,0.2991450484195441
pair,1,n_category,1.0,9,accuracy,9,0.7008549515804559,1
pair,1,n_category,1.0,9,action_accuracy,9,0.7008549515804559,1
pair,1,n_category,,0,limited_release,0,,
pair,1,n_category,1.0,7,precision,7,0.6456695649333126,1
pair,1,n_category,0.7,10,recall,7,0.39677814746114537,0.8922087325936989
pair,1,n_category,1.0,7,target_accuracy,7,0.6456695649333126,1
pair,1,n_category,0.7,10,target_reach,7,0.39677814746114537,0.8922087325936989
pair,1,n_category,,0,false_release,0,,
pair,1,n_category,0.0,10,ask_rate,0,0,0.2775327998628892
pair,1,n_category,0.7,10,accuracy,7,0.39677814746114537,0.8922087325936989
pair,1,n_category,0.9,10,action_accuracy,9,0.5958499732047615,0.9821237869049271
pair,1,n_category,,0,limited_release,0,,
pair,1,n_category,1.0,9,precision,9,0.7008549515804559,1
pair,1,n_category,0.9,10,recall,9,0.5958499732047615,0.9821237869049271
pair,1,n_category,1.0,9,target_accuracy,9,0.7008549515804559,1
pair,1,n_category,0.9,10,target_reach,9,0.5958499732047615,0.9821237869049271
pair,1,n_category,,0,false_release,0,,
pair,1,n_category,0.0,10,ask_rate,0,0,0.2775327998628892
pair,1,n_category,0.9,10,accuracy,9,0.5958499732047615,0.9821237869049271
pair,1,n_category,0.7,10,action_accuracy,7,0.39677814746114537,0.8922087325936989
pair,1,n_category,,0,limited_release,0,,
pair,1,n_category,,0,precision,0,,
pair,1,n_category,,0,recall,0,,
pair,1,n_category,,0,target_accuracy,0,,
pair,1,n_category,,0,target_reach,0,,
pair,1,n_category,0.0,9,false_release,0,0,0.2991450484195441
pair,1,n_category,0.0,9,ask_rate,0,0,0.2991450484195441
pair,1,n_category,1.0,9,accuracy,9,0.7008549515804559,1
pair,1,n_category,1.0,9,action_accuracy,9,0.7008549515804559,1
pair,1,n_category,,0,limited_release,0,,
pair,1,n_category,1.0,6,precision,6,0.6096657120978346,1
pair,1,n_category,0.6,10,recall,6,0.31267376973365824,0.8318196702937638
pair,1,n_category,1.0,6,target_accuracy,6,0.6096657120978346,1
pair,1,n_category,0.6,10,target_reach,6,0.31267376973365824,0.8318196702937638
pair,1,n_category,,0,false_release,0,,
pair,1,n_category,0.0,10,ask_rate,0,0,0.2775327998628892
pair,1,n_category,0.6,10,accuracy,6,0.31267376973365824,0.8318196702937638
pair,1,n_category,0.9,10,action_accuracy,9,0.5958499732047615,0.9821237869049271
pair,1,n_category,,0,limited_release,0,,
pair,1,n_category,,0,precision,0,,
pair,1,n_category,,0,recall,0,,
pair,1,n_category,,0,target_accuracy,0,,
pair,1,n_category,,0,target_reach,0,,
pair,1,n_category,0.0,10,false_release,0,0,0.2775327998628892
pair,1,n_category,0.0,10,ask_rate,0,0,0.2775327998628892
pair,1,n_category,1.0,10,accuracy,10,0.7224672001371107,0.9999999999999999
pair,1,n_category,1.0,10,action_accuracy,10,0.7224672001371107,0.9999999999999999
pair,1,n_category,,0,limited_release,0,,
pair,1,n_category,1.0,9,precision,9,0.7008549515804559,1
pair,1,n_category,0.9,10,recall,9,0.5958499732047615,0.9821237869049271
pair,1,n_category,1.0,9,target_accuracy,9,0.7008549515804559,1
pair,1,n_category,0.9,10,target_reach,9,0.5958499732047615,0.9821237869049271
pair,1,n_category,,0,false_release,0,,
pair,1,n_category,0.1,10,ask_rate,1,0.017876213095072896,0.4041500267952385
pair,1,n_category,0.9,10,accuracy,9,0.5958499732047615,0.9821237869049271
pair,1,n_category,0.9,10,action_accuracy,9,0.5958499732047615,0.9821237869049271
pair,1,n_category,,0,limited_release,0,,
pair,1,n_category,1.0,7,precision,7,0.6456695649333126,1
pair,1,n_category,0.7,10,recall,7,0.39677814746114537,0.8922087325936989
pair,1,n_category,1.0,7,target_accuracy,7,0.6456695649333126,1
pair,1,n_category,0.7,10,target_reach,7,0.39677814746114537,0.8922087325936989
pair,1,n_category,,0,false_release,0,,
pair,1,n_category,0.0,10,ask_rate,0,0,0.2775327998628892
pair,1,n_category,0.7,10,accuracy,7,0.39677814746114537,0.8922087325936989
pair,1,n_category,1.0,10,action_accuracy,10,0.7224672001371107,0.9999999999999999
pair,1,n_category,0.0,10,limited_release,0,0,0.2775327998628892
pair,1,n_category,,0,precision,0,,
pair,1,n_category,,0,recall,0,,
pair,1,n_category,,0,target_accuracy,0,,
pair,1,n_category,,0,target_reach,0,,
pair,1,n_category,0.0,4,false_release,0,0,0.4898908364545973
pair,1,n_category,0.0,4,ask_rate,0,0,0.4898908364545973
pair,1,n_category,1.0,4,accuracy,4,0.5101091635454027,1
pair,1,n_category,1.0,4,action_accuracy,4,0.5101091635454027,1
pair,1,n_category,,0,limited_release,0,,
pair,1,n_category,,0,precision,0,,
pair,1,n_category,,0,recall,0,,
pair,1,n_category,,0,target_accuracy,0,,
pair,1,n_category,,0,target_reach,0,,
pair,1,n_category,0.0,5,false_release,0,0,0.43448246478317476
pair,1,n_category,0.0,5,ask_rate,0,0,0.43448246478317476
pair,1,n_category,1.0,5,accuracy,5,0.5655175352168251,1
pair,1,n_category,1.0,5,action_accuracy,5,0.5655175352168251,1
pair,1,n_category,,0,limited_release,0,,
pair,1,n_category,,0,precision,0,,
pair,1,n_category,,0,recall,0,,
pair,1,n_category,,0,target_accuracy,0,,
pair,1,n_category,,0,target_reach,0,,
pair,1,n_category,0.0,10,false_release,0,0,0.2775327998628892
pair,1,n_category,0.0,10,ask_rate,0,0,0.2775327998628892
pair,1,n_category,1.0,10,accuracy,10,0.7224672001371107,0.9999999999999999
pair,1,n_category,1.0,10,action_accuracy,10,0.7224672001371107,0.9999999999999999
pair,1,n_category,,0,limited_release,0,,
pair,1,n_category,,0,precision,0,,
pair,1,n_category,,0,recall,0,,
pair,1,n_category,,0,target_accuracy,0,,
pair,1,n_category,,0,target_reach,0,,
pair,1,n_category,0.0,10,false_release,0,0,0.2775327998628892
pair,1,n_category,0.0,10,ask_rate,0,0,0.2775327998628892
pair,1,n_category,1.0,10,accuracy,10,0.7224672001371107,0.9999999999999999
pair,1,n_category,1.0,10,action_accuracy,10,0.7224672001371107,0.9999999999999999
pair,1,n_category,,0,limited_release,0,,
pair,1,n_category,1.0,10,precision,10,0.7224672001371107,0.9999999999999999
pair,1,n_category,1.0,10,recall,10,0.7224672001371107,0.9999999999999999
pair,1,n_category,0.9,10,target_accuracy,9,0.5958499732047615,0.9821237869049271
pair,1,n_category,0.9,10,target_reach,9,0.5958499732047615,0.9821237869049271
pair,1,n_category,,0,false_release,0,,
pair,1,n_category,0.2,10,ask_rate,2,0.05668215145437519,0.5098375284633583
pair,1,n_category,0.9,10,accuracy,9,0.5958499732047615,0.9821237869049271
pair,1,n_category,0.3,10,action_accuracy,3,0.10779126740630099,0.6032218525388546
pair,1,n_category,0.7,10,limited_release,7,0.39677814746114537,0.8922087325936989
pair,1,n_category,1.0,10,precision,10,0.7224672001371107,0.9999999999999999
pair,1,n_category,1.0,10,recall,10,0.7224672001371107,0.9999999999999999
pair,1,n_category,1.0,10,target_accuracy,10,0.7224672001371107,0.9999999999999999
pair,1,n_category,1.0,10,target_reach,10,0.7224672001371107,0.9999999999999999
pair,1,n_category,,0,false_release,0,,
pair,1,n_category,0.2,10,ask_rate,2,0.05668215145437519,0.5098375284633583
pair,1,n_category,1.0,10,accuracy,10,0.7224672001371107,0.9999999999999999
pair,1,n_category,0.7,10,action_accuracy,7,0.39677814746114537,0.8922087325936989
pair,1,n_category,,0,limited_release,0,,
pair,1,n_category,1.0,5,precision,5,0.5655175352168251,1
pair,1,n_category,1.0,5,recall,5,0.5655175352168251,1
pair,1,n_category,0.8,5,target_accuracy,4,0.37553462976252533,0.9637758913675698
pair,1,n_category,0.8,5,target_reach,4,0.37553462976252533,0.9637758913675698
pair,1,n_category,,0,false_release,0,,
pair,1,n_category,0.0,5,ask_rate,0,0,0.43448246478317476
pair,1,n_category,0.8,5,accuracy,4,0.37553462976252533,0.9637758913675698
pair,1,n_category,0.8,5,action_accuracy,4,0.37553462976252533,0.9637758913675698
pair,1,n_category,,0,limited_release,0,,
pair,1,n_category,1.0,7,precision,7,0.6456695649333126,1
pair,1,n_category,0.7777777777777778,9,recall,7,0.45258896910698887,0.9367748928821533
pair,1,n_category,1.0,7,target_accuracy,7,0.6456695649333126,1
pair,1,n_category,0.7777777777777778,9,target_reach,7,0.45258896910698887,0.9367748928821533
pair,1,n_category,,0,false_release,0,,
pair,1,n_category,0.0,9,ask_rate,0,0,0.2991450484195441
pair,1,n_category,0.7777777777777778,9,accuracy,7,0.45258896910698887,0.9367748928821533
pair,1,n_category,1.0,9,action_accuracy,9,0.7008549515804559,1
pair,1,n_category,,0,limited_release,0,,
pair,1,n_category,1.0,9,precision,9,0.7008549515804559,1
pair,1,n_category,1.0,9,recall,9,0.7008549515804559,1
pair,1,n_category,1.0,9,target_accuracy,9,0.7008549515804559,1
pair,1,n_category,1.0,9,target_reach,9,0.7008549515804559,1
pair,1,n_category,,0,false_release,0,,
pair,1,n_category,0.0,9,ask_rate,0,0,0.2991450484195441
pair,1,n_category,1.0,9,accuracy,9,0.7008549515804559,1
pair,1,n_category,0.8888888888888888,9,action_accuracy,8,0.5650002944233439,0.9801091123614551
pair,1,n_category,,0,limited_release,0,,
pair,1,n_category,,0,precision,0,,
pair,1,n_category,,0,recall,0,,
pair,1,n_category,,0,target_accuracy,0,,
pair,1,n_category,,0,target_reach,0,,
pair,1,n_category,0.0,10,false_release,0,0,0.2775327998628892
pair,1,n_category,0.0,10,ask_rate,0,0,0.2775327998628892
pair,1,n_category,1.0,10,accuracy,10,0.7224672001371107,0.9999999999999999
pair,1,n_category,1.0,10,action_accuracy,10,0.7224672001371107,0.9999999999999999
pair,1,n_category,,0,limited_release,0,,
pair,1,n_category,1.0,8,precision,8,0.6755924351161198,1
pair,1,n_category,0.8,10,recall,8,0.49016247153664183,0.9433178485456247
pair,1,n_category,1.0,8,target_accuracy,8,0.6755924351161198,1
pair,1,n_category,0.8,10,target_reach,8,0.49016247153664183,0.9433178485456247
pair,1,n_category,,0,false_release,0,,
pair,1,n_category,0.0,10,ask_rate,0,0,0.2775327998628892
pair,1,n_category,0.8,10,accuracy,8,0.49016247153664183,0.9433178485456247
pair,1,n_category,0.9,10,action_accuracy,9,0.5958499732047615,0.9821237869049271
pair,1,n_category,,0,limited_release,0,,
pair,1,n_category,,0,precision,0,,
pair,1,n_category,,0,recall,0,,
pair,1,n_category,,0,target_accuracy,0,,
pair,1,n_category,,0,target_reach,0,,
pair,1,n_category,0.0,10,false_release,0,0,0.2775327998628892
pair,1,n_category,0.0,10,ask_rate,0,0,0.2775327998628892
pair,1,n_category,1.0,10,accuracy,10,0.7224672001371107,0.9999999999999999
pair,1,n_category,1.0,10,action_accuracy,10,0.7224672001371107,0.9999999999999999
pair,1,n_category,,0,limited_release,0,,
pair,1,n_category,1.0,9,precision,9,0.7008549515804559,1
pair,1,n_category,0.9,10,recall,9,0.5958499732047615,0.9821237869049271
pair,1,n_category,1.0,9,target_accuracy,9,0.7008549515804559,1
pair,1,n_category,0.9,10,target_reach,9,0.5958499732047615,0.9821237869049271
pair,1,n_category,,0,false_release,0,,
pair,1,n_category,0.0,10,ask_rate,0,0,0.2775327998628892
pair,1,n_category,0.9,10,accuracy,9,0.5958499732047615,0.9821237869049271
pair,1,n_category,0.9,10,action_accuracy,9,0.5958499732047615,0.9821237869049271
pair,1,n_category,,0,limited_release,0,,
pair,1,n_category,1.0,5,precision,5,0.5655175352168251,1
pair,1,n_category,0.5,10,recall,5,0.236593090512564,0.7634069094874361
pair,1,n_category,0.8,5,target_accuracy,4,0.37553462976252533,0.9637758913675698
pair,1,n_category,0.4,10,target_reach,4,0.16818032970623614,0.6873262302663417
pair,1,n_category,,0,false_release,0,,
pair,1,n_category,0.1,10,ask_rate,1,0.017876213095072896,0.4041500267952385
pair,1,n_category,0.4,10,accuracy,4,0.16818032970623614,0.6873262302663417
pair,1,n_category,1.0,10,action_accuracy,10,0.7224672001371107,0.9999999999999999
pair,1,n_category,0.0,10,limited_release,0,0,0.2775327998628892
pair,1,n_category,,0,precision,0,,
pair,1,n_category,,0,recall,0,,
pair,1,n_category,,0,target_accuracy,0,,
pair,1,n_category,,0,target_reach,0,,
pair,1,n_category,0.0,3,false_release,0,5.551115123125783e-17,0.5614970317550454
pair,1,n_category,0.0,3,ask_rate,0,5.551115123125783e-17,0.5614970317550454
pair,1,n_category,1.0,3,accuracy,3,0.4385029682449546,1
pair,1,n_category,1.0,3,action_accuracy,3,0.4385029682449546,1
pair,1,n_category,,0,limited_release,0,,
pair,1,n_category,,0,precision,0,,
pair,1,n_category,,0,recall,0,,
pair,1,n_category,,0,target_accuracy,0,,
pair,1,n_category,,0,target_reach,0,,
pair,1,n_category,0.2,5,false_release,1,0.03622410863243014,0.6244653702374747
pair,1,n_category,0.0,5,ask_rate,0,0,0.43448246478317476
pair,1,n_category,1.0,5,accuracy,5,0.5655175352168251,1
pair,1,n_category,0.8,5,action_accuracy,4,0.37553462976252533,0.9637758913675698
pair,1,n_category,,0,limited_release,0,,
pair,1,n_category,,0,precision,0,,
pair,1,n_category,,0,recall,0,,
pair,1,n_category,,0,target_accuracy,0,,
pair,1,n_category,,0,target_reach,0,,
pair,1,n_category,0.0,10,false_release,0,0,0.2775327998628892
pair,1,n_category,0.0,10,ask_rate,0,0,0.2775327998628892
pair,1,n_category,1.0,10,accuracy,10,0.7224672001371107,0.9999999999999999
pair,1,n_category,1.0,10,action_accuracy,10,0.7224672001371107,0.9999999999999999
pair,1,n_category,,0,limited_release,0,,
pair,1,n_category,,0,precision,0,,
pair,1,n_category,,0,recall,0,,
pair,1,n_category,,0,target_accuracy,0,,
pair,1,n_category,,0,target_reach,0,,
pair,1,n_category,0.0,10,false_release,0,0,0.2775327998628892
pair,1,n_category,0.0,10,ask_rate,0,0,0.2775327998628892
pair,1,n_category,1.0,10,accuracy,10,0.7224672001371107,0.9999999999999999
pair,1,n_category,1.0,10,action_accuracy,10,0.7224672001371107,0.9999999999999999
pair,1,n_category,,0,limited_release,0,,
pair,1,n_category,1.0,10,precision,10,0.7224672001371107,0.9999999999999999
pair,1,n_category,1.0,10,recall,10,0.7224672001371107,0.9999999999999999
pair,1,n_category,0.9,10,target_accuracy,9,0.5958499732047615,0.9821237869049271
pair,1,n_category,0.9,10,target_reach,9,0.5958499732047615,0.9821237869049271
pair,1,n_category,,0,false_release,0,,
pair,1,n_category,0.3,10,ask_rate,3,0.10779126740630099,0.6032218525388546
pair,1,n_category,0.9,10,accuracy,9,0.5958499732047615,0.9821237869049271
pair,1,n_category,0.3,10,action_accuracy,3,0.10779126740630099,0.6032218525388546
pair,1,n_category,0.7,10,limited_release,7,0.39677814746114537,0.8922087325936989
pair,1,n_category,1.0,9,precision,9,0.7008549515804559,1
pair,1,n_category,1.0,9,recall,9,0.7008549515804559,1
pair,1,n_category,1.0,9,target_accuracy,9,0.7008549515804559,1
pair,1,n_category,1.0,9,target_reach,9,0.7008549515804559,1
pair,1,n_category,,0,false_release,0,,
pair,1,n_category,0.0,9,ask_rate,0,0,0.2991450484195441
pair,1,n_category,1.0,9,accuracy,9,0.7008549515804559,1
pair,1,n_category,0.6666666666666666,9,action_accuracy,6,0.3542021355803963,0.879416181613089
pair,1,n_category,,0,limited_release,0,,
pair,1,n_category,1.0,4,precision,4,0.5101091635454027,1
pair,1,n_category,0.8,5,recall,4,0.37553462976252533,0.9637758913675698
pair,1,n_category,0.75,4,target_accuracy,3,0.30064184258240184,0.9544127391902995
pair,1,n_category,0.6,5,target_reach,3,0.2307242812760128,0.882379225767352
pair,1,n_category,,0,false_release,0,,
pair,1,n_category,0.0,5,ask_rate,0,0,0.43448246478317476
pair,1,n_category,0.6,5,accuracy,3,0.2307242812760128,0.882379225767352
pair,1,n_category,0.4,5,action_accuracy,2,0.11762077423264783,0.769275718723987
pair,1,n_category,,0,limited_release,0,,
pair,1,n_category,1.0,8,precision,8,0.6755924351161198,1
pair,1,n_category,0.8,10,recall,8,0.49016247153664183,0.9433178485456247
pair,1,n_category,1.0,8,target_accuracy,8,0.6755924351161198,1
pair,1,n_category,0.8,10,target_reach,8,0.49016247153664183,0.9433178485456247
pair,1,n_category,,0,false_release,0,,
pair,1,n_category,0.0,10,ask_rate,0,0,0.2775327998628892
pair,1,n_category,0.8,10,accuracy,8,0.49016247153664183,0.9433178485456247
pair,1,n_category,1.0,10,action_accuracy,10,0.7224672001371107,0.9999999999999999
pair,1,n_category,,0,limited_release,0,,
pair,1,n_category,1.0,10,precision,10,0.7224672001371107,0.9999999999999999
pair,1,n_category,1.0,10,recall,10,0.7224672001371107,0.9999999999999999
pair,1,n_category,1.0,10,target_accuracy,10,0.7224672001371107,0.9999999999999999
pair,1,n_category,1.0,10,target_reach,10,0.7224672001371107,0.9999999999999999
pair,1,n_category,,0,false_release,0,,
pair,1,n_category,0.0,10,ask_rate,0,0,0.2775327998628892
pair,1,n_category,1.0,10,accuracy,10,0.7224672001371107,0.9999999999999999
pair,1,n_category,0.7,10,action_accuracy,7,0.39677814746114537,0.8922087325936989
pair,1,n_category,,0,limited_release,0,,
pair,1,n_category,,0,precision,0,,
pair,1,n_category,,0,recall,0,,
pair,1,n_category,,0,target_accuracy,0,,
pair,1,n_category,,0,target_reach,0,,
pair,1,n_category,0.0,10,false_release,0,0,0.2775327998628892
pair,1,n_category,0.0,10,ask_rate,0,0,0.2775327998628892
pair,1,n_category,1.0,10,accuracy,10,0.7224672001371107,0.9999999999999999
pair,1,n_category,1.0,10,action_accuracy,10,0.7224672001371107,0.9999999999999999
pair,1,n_category,,0,limited_release,0,,
pair,1,n_category,1.0,6,precision,6,0.6096657120978346,1
pair,1,n_category,0.6,10,recall,6,0.31267376973365824,0.8318196702937638
pair,1,n_category,1.0,6,target_accuracy,6,0.6096657120978346,1
pair,1,n_category,0.6,10,target_reach,6,0.31267376973365824,0.8318196702937638
pair,1,n_category,,0,false_release,0,,
pair,1,n_category,0.0,10,ask_rate,0,0,0.2775327998628892
pair,1,n_category,0.6,10,accuracy,6,0.31267376973365824,0.8318196702937638
pair,1,n_category,0.9,10,action_accuracy,9,0.5958499732047615,0.9821237869049271
pair,1,n_category,,0,limited_release,0,,
pair,1,n_category,,0,precision,0,,
pair,1,n_category,,0,recall,0,,
pair,1,n_category,,0,target_accuracy,0,,
pair,1,n_category,,0,target_reach,0,,
pair,1,n_category,0.0,10,false_release,0,0,0.2775327998628892
pair,1,n_category,0.0,10,ask_rate,0,0,0.2775327998628892
pair,1,n_category,1.0,10,accuracy,10,0.7224672001371107,0.9999999999999999
pair,1,n_category,1.0,10,action_accuracy,10,0.7224672001371107,0.9999999999999999
pair,1,n_category,,0,limited_release,0,,
pair,1,n_category,1.0,10,precision,10,0.7224672001371107,0.9999999999999999
pair,1,n_category,1.0,10,recall,10,0.7224672001371107,0.9999999999999999
pair,1,n_category,1.0,10,target_accuracy,10,0.7224672001371107,0.9999999999999999
pair,1,n_category,1.0,10,target_reach,10,0.7224672001371107,0.9999999999999999
pair,1,n_category,,0,false_release,0,,
pair,1,n_category,0.0,10,ask_rate,0,0,0.2775327998628892
pair,1,n_category,1.0,10,accuracy,10,0.7224672001371107,0.9999999999999999
pair,1,n_category,0.9,10,action_accuracy,9,0.5958499732047615,0.9821237869049271
pair,1,n_category,,0,limited_release,0,,
pair,1,n_category,1.0,6,precision,6,0.6096657120978346,1
pair,1,n_category,0.6,10,recall,6,0.31267376973365824,0.8318196702937638
pair,1,n_category,0.8333333333333334,6,target_accuracy,5,0.43649717781352987,0.9699466302516935
pair,1,n_category,0.5,10,target_reach,5,0.236593090512564,0.7634069094874361
pair,1,n_category,,0,false_release,0,,
pair,1,n_category,0.0,10,ask_rate,0,0,0.2775327998628892
pair,1,n_category,0.5,10,accuracy,5,0.236593090512564,0.7634069094874361
pair,1,n_category,1.0,10,action_accuracy,10,0.7224672001371107,0.9999999999999999
pair,1,n_category,0.0,10,limited_release,0,0,0.2775327998628892
pair,1,n_category,,0,precision,0,,
pair,1,n_category,,0,recall,0,,
pair,1,n_category,,0,target_accuracy,0,,
pair,1,n_category,,0,target_reach,0,,
pair,1,n_category,0.0,3,false_release,0,5.551115123125783e-17,0.5614970317550454
pair,1,n_category,0.0,3,ask_rate,0,5.551115123125783e-17,0.5614970317550454
pair,1,n_category,1.0,3,accuracy,3,0.4385029682449546,1
pair,1,n_category,1.0,3,action_accuracy,3,0.4385029682449546,1
pair,1,n_category,,0,limited_release,0,,
pair,1,n_category,,0,precision,0,,
pair,1,n_category,,0,recall,0,,
pair,1,n_category,,0,target_accuracy,0,,
pair,1,n_category,,0,target_reach,0,,
pair,1,n_category,0.4,5,false_release,2,0.11762077423264783,0.769275718723987
pair,1,n_category,0.2,5,ask_rate,1,0.03622410863243014,0.6244653702374747
pair,1,n_category,1.0,5,accuracy,5,0.5655175352168251,1
pair,1,n_category,0.6,5,action_accuracy,3,0.2307242812760128,0.882379225767352
pair,1,n_category,,0,limited_release,0,,
pair,1,n_category,,0,precision,0,,
pair,1,n_category,,0,recall,0,,
pair,1,n_category,,0,target_accuracy,0,,
pair,1,n_category,,0,target_reach,0,,
pair,1,n_category,0.0,10,false_release,0,0,0.2775327998628892
pair,1,n_category,0.0,10,ask_rate,0,0,0.2775327998628892
pair,1,n_category,1.0,10,accuracy,10,0.7224672001371107,0.9999999999999999
pair,1,n_category,1.0,10,action_accuracy,10,0.7224672001371107,0.9999999999999999
pair,1,n_category,,0,limited_release,0,,
pair,1,n_category,,0,precision,0,,
pair,1,n_category,,0,recall,0,,
pair,1,n_category,,0,target_accuracy,0,,
pair,1,n_category,,0,target_reach,0,,
pair,1,n_category,0.0,10,false_release,0,0,0.2775327998628892
pair,1,n_category,0.0,10,ask_rate,0,0,0.2775327998628892
pair,1,n_category,1.0,10,accuracy,10,0.7224672001371107,0.9999999999999999
pair,1,n_category,1.0,10,action_accuracy,10,0.7224672001371107,0.9999999999999999
pair,1,n_category,,0,limited_release,0,,
choice,0,all,1.0,209,precision,209,0.9819515481524193,1
choice,0,all,0.9247787610619469,226,recall,209,0.8828504058347318,0.9525080233413755
choice,0,all,0.9904306220095693,209,target_accuracy,207,0.9657864204344053,0.9973717966528959
choice,0,all,0.915929203539823,226,target_reach,207,0.872435609988427,0.9455195185798448
choice,0,all,0.0,144,false_release,0,0,0.025983637143036746
choice,0,all,0.04594594594594595,370,ask_rate,17,0.028881468748475466,0.07234181167651361
choice,0,all,0.9486486486486486,370,accuracy,351,0.921195012751171,0.9668819839717564
choice,0,all,0.7972972972972973,370,action_accuracy,295,0.7533764702347032,0.8351082866298871
choice,0,all,0.9333333333333333,60,limited_release,56,0.8407464268680283,0.9737713012754938
choice,0,n,1.0,71,precision,71,0.9486720478031097,1
choice,0,n,0.8987341772151899,79,recall,71,0.8127005885203687,0.9477881920594146
choice,0,n,1.0,71,target_accuracy,71,0.9486720478031097,1
choice,0,n,0.8987341772151899,79,target_reach,71,0.8127005885203687,0.9477881920594146
choice,0,n,0.0,48,false_release,0,6.938893903907228e-18,0.07410012966611748
choice,0,n,0.047244094488188976,127,ask_rate,6,0.0218297901212266,0.09924390443611819
choice,0,n,0.937007874015748,127,accuracy,119,0.8806166441101261,0.9677383115780022
choice,0,n,0.7952755905511811,127,action_accuracy,101,0.716926658497512,0.8562861493998719
choice,0,n,0.95,20,limited_release,19,0.763868806553258,0.9911185511992047
choice,0,n,1.0,68,precision,68,0.9465286634799296,1
choice,0,n,0.9315068493150684,73,recall,68,0.8494789495941522,0.9703909613481618
choice,0,n,0.9852941176470589,68,target_accuracy,67,0.9212902687183916,0.9973993164238933
choice,0,n,0.9178082191780822,73,target_reach,67,0.8320560452006283,0.961786249521295
choice,0,n,0.0,48,false_release,0,6.938893903907228e-18,0.07410012966611748
choice,0,n,0.03305785123966942,121,ask_rate,4,0.012929181394125314,0.08192279272211472
choice,0,n,0.9504132231404959,121,accuracy,115,0.8960290618707025,0.9770783259286766
choice,0,n,0.8099173553719008,121,action_accuracy,98,0.7308962405459443,0.8698657235361973
choice,0,n,0.95,20,limited_release,19,0.763868806553258,0.9911185511992047
choice,0,n,1.0,70,precision,70,0.9479769375897331,1
choice,0,n,0.9459459459459459,74,recall,70,0.8690962359544764,0.9787809878271253
choice,0,n,0.9857142857142858,70,target_accuracy,69,0.9234181286879168,0.9974737535421097
choice,0,n,0.9324324324324325,74,target_reach,69,0.8513880607414608,0.9707959138346378
choice,0,n,0.0,48,false_release,0,6.938893903907228e-18,0.07410012966611748
choice,0,n,0.05737704918032787,122,ask_rate,7,0.02806844241353642,0.11370883025870449
choice,0,n,0.9590163934426229,122,accuracy,117,0.9076394737210987,0.9823692805447255
choice,0,n,0.7868852459016393,122,action_accuracy,96,0.7060455734439186,0.8502098979722215
choice,0,n,0.9,20,limited_release,18,0.6989663547715128,0.9721335187862319
choice,0,category,1.0,30,precision,30,0.8864866068260312,0.9999999999999999
choice,0,category,1.0,30,recall,30,0.8864866068260312,0.9999999999999999
choice,0,category,0.9666666666666667,30,target_accuracy,29,0.8332960900859082,0.9940914096183874
choice,0,category,0.9666666666666667,30,target_reach,29,0.8332960900859082,0.9940914096183874
choice,0,category,,0,false_release,0,,
choice,0,category,0.03333333333333333,30,ask_rate,1,0.005908590381612455,0.16670390991409173
choice,0,category,0.9666666666666667,30,accuracy,29,0.8332960900859082,0.9940914096183874
choice,0,category,0.03333333333333333,30,action_accuracy,1,0.005908590381612455,0.16670390991409173
choice,0,category,0.9666666666666667,30,limited_release,29,0.8332960900859082,0.9940914096183874
choice,0,category,1.0,28,precision,28,0.8793566952341543,0.9999999999999998
choice,0,category,0.9655172413793104,29,recall,28,0.8282447812067973,0.9938867857072374
choice,0,category,0.9642857142857143,28,target_accuracy,27,0.8228780225664668,0.9936674801509623
choice,0,category,0.9310344827586207,29,target_reach,27,0.7803541984972431,0.9808787338305667
choice,0,category,,0,false_release,0,,
choice,0,category,0.10344827586206896,29,ask_rate,3,0.03581489135067707,0.26385081090773804
choice,0,category,0.9310344827586207,29,accuracy,27,0.7803541984972431,0.9808787338305667
choice,0,category,0.896551724137931,29,action_accuracy,26,0.736149189092262,0.9641851086493229
choice,0,category,,0,limited_release,0,,
choice,0,category,1.0,15,precision,15,0.7961166989641515,1
choice,0,category,0.7894736842105263,19,recall,15,0.5666572155618583,0.9149232336708375
choice,0,category,1.0,15,target_accuracy,15,0.7961166989641515,1
choice,0,category,0.7894736842105263,19,target_reach,15,0.5666572155618583,0.9149232336708375
choice,0,category,,0,false_release,0,,
choice,0,category,0.05263157894736842,19,ask_rate,1,0.009351994062300362,0.24638731166898786
choice,0,category,0.7894736842105263,19,accuracy,15,0.5666572155618583,0.9149232336708375
choice,0,category,0.7368421052631579,19,action_accuracy,14,0.5120844910218489,0.8819358765321748
choice,0,category,,0,limited_release,0,,
choice,0,category,1.0,26,precision,26,0.8712710781407846,1
choice,0,category,0.896551724137931,29,recall,26,0.736149189092262,0.9641851086493229
choice,0,category,1.0,26,target_accuracy,26,0.8712710781407846,1
choice,0,category,0.896551724137931,29,target_reach,26,0.736149189092262,0.9641851086493229
choice,0,category,,0,false_release,0,,
choice,0,category,0.06896551724137931,29,ask_rate,2,0.019121266169433354,0.21964580150275695
choice,0,category,0.896551724137931,29,accuracy,26,0.736149189092262,0.9641851086493229
choice,0,category,0.896551724137931,29,action_accuracy,26,0.736149189092262,0.9641851086493229
choice,0,category,,0,limited_release,0,,
choice,0,category,1.0,27,precision,27,0.8754449702581328,0.9999999999999998
choice,0,category,0.9310344827586207,29,recall,27,0.7803541984972431,0.9808787338305667
choice,0,category,1.0,27,target_accuracy,27,0.8754449702581328,0.9999999999999998
choice,0,category,0.9310344827586207,29,target_reach,27,0.7803541984972431,0.9808787338305667
choice,0,category,,0,false_release,0,,
choice,0,category,0.06896551724137931,29,ask_rate,2,0.019121266169433354,0.21964580150275695
choice,0,category,0.9310344827586207,29,accuracy,27,0.7803541984972431,0.9808787338305667
choice,0,category,0.896551724137931,29,action_accuracy,26,0.736149189092262,0.9641851086493229
choice,0,category,,0,limited_release,0,,
choice,0,category,,0,precision,0,,
choice,0,category,,0,recall,0,,
choice,0,category,,0,target_accuracy,0,,
choice,0,category,,0,target_reach,0,,
choice,0,category,0.0,29,false_release,0,0,0.11696979849974075
choice,0,category,0.0,29,ask_rate,0,0,0.11696979849974075
choice,0,category,1.0,29,accuracy,29,0.8830302015002593,1
choice,0,category,1.0,29,action_accuracy,29,0.8830302015002593,1
choice,0,category,,0,limited_release,0,,
choice,0,category,1.0,26,precision,26,0.8712710781407846,1
choice,0,category,0.8666666666666667,30,recall,26,0.703186733179637,0.9469034451594526
choice,0,category,1.0,26,target_accuracy,26,0.8712710781407846,1
choice,0,category,0.8666666666666667,30,target_reach,26,0.703186733179637,0.9469034451594526
choice,0,category,,0,false_release,0,,
choice,0,category,0.06666666666666667,30,ask_rate,2,0.018477023791270378,0.2132345836261692
choice,0,category,0.8666666666666667,30,accuracy,26,0.703186733179637,0.9469034451594526
choice,0,category,0.8666666666666667,30,action_accuracy,26,0.703186733179637,0.9469034451594526
choice,0,category,,0,limited_release,0,,
choice,0,category,,0,precision,0,,
choice,0,category,,0,recall,0,,
choice,0,category,,0,target_accuracy,0,,
choice,0,category,,0,target_reach,0,,
choice,0,category,0.0,30,false_release,0,0,0.11351339317396876
choice,0,category,0.0,30,ask_rate,0,0,0.11351339317396876
choice,0,category,1.0,30,accuracy,30,0.8864866068260312,0.9999999999999999
choice,0,category,1.0,30,action_accuracy,30,0.8864866068260312,0.9999999999999999
choice,0,category,,0,limited_release,0,,
choice,0,category,1.0,29,precision,29,0.8830302015002593,1
choice,0,category,0.9666666666666667,30,recall,29,0.8332960900859082,0.9940914096183874
choice,0,category,1.0,29,target_accuracy,29,0.8830302015002593,1
choice,0,category,0.9666666666666667,30,target_reach,29,0.8332960900859082,0.9940914096183874
choice,0,category,,0,false_release,0,,
choice,0,category,0.03333333333333333,30,ask_rate,1,0.005908590381612455,0.16670390991409173
choice,0,category,0.9666666666666667,30,accuracy,29,0.8332960900859082,0.9940914096183874
choice,0,category,0.9666666666666667,30,action_accuracy,29,0.8332960900859082,0.9940914096183874
choice,0,category,,0,limited_release,0,,
choice,0,category,1.0,28,precision,28,0.8793566952341543,0.9999999999999998
choice,0,category,0.9333333333333333,30,recall,28,0.7867654163738308,0.9815229762087295
choice,0,category,1.0,28,target_accuracy,28,0.8793566952341543,0.9999999999999998
choice,0,category,0.9333333333333333,30,target_reach,28,0.7867654163738308,0.9815229762087295
choice,0,category,,0,false_release,0,,
choice,0,category,0.1,30,ask_rate,3,0.03459988874733419,0.25621082579184085
choice,0,category,0.9333333333333333,30,accuracy,28,0.7867654163738308,0.9815229762087295
choice,0,category,0.1,30,action_accuracy,3,0.03459988874733419,0.25621082579184085
choice,0,category,0.9,30,limited_release,27,0.7437891742081593,0.9654001112526658
choice,0,category,,0,precision,0,,
choice,0,category,,0,recall,0,,
choice,0,category,,0,target_accuracy,0,,
choice,0,category,,0,target_reach,0,,
choice,0,category,0.0,10,false_release,0,0,0.2775327998628892
choice,0,category,0.0,10,ask_rate,0,0,0.2775327998628892
choice,0,category,1.0,10,accuracy,10,0.7224672001371107,0.9999999999999999
choice,0,category,1.0,10,action_accuracy,10,0.7224672001371107,0.9999999999999999
choice,0,category,,0,limited_release,0,,
choice,0,category,,0,precision,0,,
choice,0,category,,0,recall,0,,
choice,0,category,,0,target_accuracy,0,,
choice,0,category,,0,target_reach,0,,
choice,0,category,0.0,15,false_release,0,0,0.20388330103584862
choice,0,category,0.13333333333333333,15,ask_rate,2,0.03736125910306537,0.37881982832322364
choice,0,category,1.0,15,accuracy,15,0.7961166989641515,1
choice,0,category,1.0,15,action_accuracy,15,0.7961166989641515,1
choice,0,category,,0,limited_release,0,,
choice,0,category,,0,precision,0,,
choice,0,category,,0,recall,0,,
choice,0,category,,0,target_accuracy,0,,
choice,0,category,,0,target_reach,0,,
choice,0,category,0.0,30,false_release,0,0,0.11351339317396876
choice,0,category,0.0,30,ask_rate,0,0,0.11351339317396876
choice,0,category,1.0,30,accuracy,30,0.8864866068260312,0.9999999999999999
choice,0,category,1.0,30,action_accuracy,30,0.8864866068260312,0.9999999999999999
choice,0,category,,0,limited_release,0,,
choice,0,category,,0,precision,0,,
choice,0,category,,0,recall,0,,
choice,0,category,,0,target_accuracy,0,,
choice,0,category,,0,target_reach,0,,
choice,0,category,0.0,30,false_release,0,0,0.11351339317396876
choice,0,category,0.0,30,ask_rate,0,0,0.11351339317396876
choice,0,category,1.0,30,accuracy,30,0.8864866068260312,0.9999999999999999
choice,0,category,1.0,30,action_accuracy,30,0.8864866068260312,0.9999999999999999
choice,0,category,,0,limited_release,0,,
choice,0,source,,0,precision,0,,
choice,0,source,,0,recall,0,,
choice,0,source,,0,target_accuracy,0,,
choice,0,source,,0,target_reach,0,,
choice,0,source,0.0,10,false_release,0,0,0.2775327998628892
choice,0,source,0.0,10,ask_rate,0,0,0.2775327998628892
choice,0,source,1.0,10,accuracy,10,0.7224672001371107,0.9999999999999999
choice,0,source,1.0,10,action_accuracy,10,0.7224672001371107,0.9999999999999999
choice,0,source,,0,limited_release,0,,
choice,0,source,1.0,209,precision,209,0.9819515481524193,1
choice,0,source,0.9247787610619469,226,recall,209,0.8828504058347318,0.9525080233413755
choice,0,source,0.9904306220095693,209,target_accuracy,207,0.9657864204344053,0.9973717966528959
choice,0,source,0.915929203539823,226,target_reach,207,0.872435609988427,0.9455195185798448
choice,0,source,0.0,134,false_release,0,0,0.027868675023899322
choice,0,source,0.04722222222222222,360,ask_rate,17,0.02968936516739432,0.07431598634847814
choice,0,source,0.9472222222222222,360,accuracy,341,0.9190458567486823,0.9659549923675417
choice,0,source,0.7916666666666666,360,action_accuracy,285,0.7467443236444321,0.8304301431704967
choice,0,source,0.9333333333333333,60,limited_release,56,0.8407464268680283,0.9737713012754938
choice,0,intent,1.0,30,precision,30,0.8864866068260312,0.9999999999999999
choice,0,intent,1.0,30,recall,30,0.8864866068260312,0.9999999999999999
choice,0,intent,0.9666666666666667,30,target_accuracy,29,0.8332960900859082,0.9940914096183874
choice,0,intent,0.9666666666666667,30,target_reach,29,0.8332960900859082,0.9940914096183874
choice,0,intent,,0,false_release,0,,
choice,0,intent,0.03333333333333333,30,ask_rate,1,0.005908590381612455,0.16670390991409173
choice,0,intent,0.9666666666666667,30,accuracy,29,0.8332960900859082,0.9940914096183874
choice,0,intent,0.03333333333333333,30,action_accuracy,1,0.005908590381612455,0.16670390991409173
choice,0,intent,0.9666666666666667,30,limited_release,29,0.8332960900859082,0.9940914096183874
choice,0,intent,,0,precision,0,,
choice,0,intent,,0,recall,0,,
choice,0,intent,,0,target_accuracy,0,,
choice,0,intent,,0,target_reach,0,,
choice,0,intent,0.0,144,false_release,0,0,0.025983637143036746
choice,0,intent,0.013888888888888888,144,ask_rate,2,0.0038171346628682636,0.04922251255952857
choice,0,intent,1.0,144,accuracy,144,0.9740163628569635,1
choice,0,intent,1.0,144,action_accuracy,144,0.9740163628569635,1
choice,0,intent,,0,limited_release,0,,
choice,0,intent,1.0,28,precision,28,0.8793566952341543,0.9999999999999998
choice,0,intent,0.9333333333333333,30,recall,28,0.7867654163738308,0.9815229762087295
choice,0,intent,1.0,28,target_accuracy,28,0.8793566952341543,0.9999999999999998
choice,0,intent,0.9333333333333333,30,target_reach,28,0.7867654163738308,0.9815229762087295
choice,0,intent,,0,false_release,0,,
choice,0,intent,0.1,30,ask_rate,3,0.03459988874733419,0.25621082579184085
choice,0,intent,0.9333333333333333,30,accuracy,28,0.7867654163738308,0.9815229762087295
choice,0,intent,0.1,30,action_accuracy,3,0.03459988874733419,0.25621082579184085
choice,0,intent,0.9,30,limited_release,27,0.7437891742081593,0.9654001112526658
choice,0,intent,1.0,151,precision,151,0.9751910189302563,1
choice,0,intent,0.9096385542168675,166,recall,151,0.8562717896271411,0.9444749829472666
choice,0,intent,0.9933774834437086,151,target_accuracy,150,0.9634445765212873,0.9988300050721444
choice,0,intent,0.9036144578313253,166,target_reach,150,0.8491727150488833,0.9397983696935479
choice,0,intent,,0,false_release,0,,
choice,0,intent,0.06626506024096386,166,ask_rate,11,0.03740095467368268,0.11474952142400321
choice,0,intent,0.9036144578313253,166,accuracy,150,0.8491727150488833,0.9397983696935479
choice,0,intent,0.8855421686746988,166,action_accuracy,147,0.8281544650041559,0.9254895562423455
choice,0,intent,,0,limited_release,0,,
choice,0,n_category,1.0,10,precision,10,0.7224672001371107,0.9999999999999999
choice,0,n_category,1.0,10,recall,10,0.7224672001371107,0.9999999999999999
choice,0,n_category,1.0,10,target_accuracy,10,0.7224672001371107,0.9999999999999999
choice,0,n_category,1.0,10,target_reach,10,0.7224672001371107,0.9999999999999999
choice,0,n_category,,0,false_release,0,,
choice,0,n_category,0.0,10,ask_rate,0,0,0.2775327998628892
choice,0,n_category,1.0,10,accuracy,10,0.7224672001371107,0.9999999999999999
choice,0,n_category,0.0,10,action_accuracy,0,0,0.2775327998628892
choice,0,n_category,1.0,10,limited_release,10,0.7224672001371107,0.9999999999999999
choice,0,n_category,1.0,9,precision,9,0.7008549515804559,1
choice,0,n_category,0.9,10,recall,9,0.5958499732047615,0.9821237869049271
choice,0,n_category,1.0,9,target_accuracy,9,0.7008549515804559,1
choice,0,n_category,0.9,10,target_reach,9,0.5958499732047615,0.9821237869049271
choice,0,n_category,,0,false_release,0,,
choice,0,n_category,0.1,10,ask_rate,1,0.017876213095072896,0.4041500267952385
choice,0,n_category,0.9,10,accuracy,9,0.5958499732047615,0.9821237869049271
choice,0,n_category,0.9,10,action_accuracy,9,0.5958499732047615,0.9821237869049271
choice,0,n_category,,0,limited_release,0,,
choice,0,n_category,1.0,9,precision,9,0.7008549515804559,1
choice,0,n_category,1.0,9,recall,9,0.7008549515804559,1
choice,0,n_category,1.0,9,target_accuracy,9,0.7008549515804559,1
choice,0,n_category,1.0,9,target_reach,9,0.7008549515804559,1
choice,0,n_category,,0,false_release,0,,
choice,0,n_category,0.0,9,ask_rate,0,0,0.2991450484195441
choice,0,n_category,1.0,9,accuracy,9,0.7008549515804559,1
choice,0,n_category,1.0,9,action_accuracy,9,0.7008549515804559,1
choice,0,n_category,,0,limited_release,0,,
choice,0,n_category,1.0,8,precision,8,0.6755924351161198,1
choice,0,n_category,0.8,10,recall,8,0.49016247153664183,0.9433178485456247
choice,0,n_category,1.0,8,target_accuracy,8,0.6755924351161198,1
choice,0,n_category,0.8,10,target_reach,8,0.49016247153664183,0.9433178485456247
choice,0,n_category,,0,false_release,0,,
choice,0,n_category,0.1,10,ask_rate,1,0.017876213095072896,0.4041500267952385
choice,0,n_category,0.8,10,accuracy,8,0.49016247153664183,0.9433178485456247
choice,0,n_category,0.8,10,action_accuracy,8,0.49016247153664183,0.9433178485456247
choice,0,n_category,,0,limited_release,0,,
choice,0,n_category,1.0,9,precision,9,0.7008549515804559,1
choice,0,n_category,0.9,10,recall,9,0.5958499732047615,0.9821237869049271
choice,0,n_category,1.0,9,target_accuracy,9,0.7008549515804559,1
choice,0,n_category,0.9,10,target_reach,9,0.5958499732047615,0.9821237869049271
choice,0,n_category,,0,false_release,0,,
choice,0,n_category,0.1,10,ask_rate,1,0.017876213095072896,0.4041500267952385
choice,0,n_category,0.9,10,accuracy,9,0.5958499732047615,0.9821237869049271
choice,0,n_category,0.9,10,action_accuracy,9,0.5958499732047615,0.9821237869049271
choice,0,n_category,,0,limited_release,0,,
choice,0,n_category,,0,precision,0,,
choice,0,n_category,,0,recall,0,,
choice,0,n_category,,0,target_accuracy,0,,
choice,0,n_category,,0,target_reach,0,,
choice,0,n_category,0.0,9,false_release,0,0,0.2991450484195441
choice,0,n_category,0.0,9,ask_rate,0,0,0.2991450484195441
choice,0,n_category,1.0,9,accuracy,9,0.7008549515804559,1
choice,0,n_category,1.0,9,action_accuracy,9,0.7008549515804559,1
choice,0,n_category,,0,limited_release,0,,
choice,0,n_category,1.0,8,precision,8,0.6755924351161198,1
choice,0,n_category,0.8,10,recall,8,0.49016247153664183,0.9433178485456247
choice,0,n_category,1.0,8,target_accuracy,8,0.6755924351161198,1
choice,0,n_category,0.8,10,target_reach,8,0.49016247153664183,0.9433178485456247
choice,0,n_category,,0,false_release,0,,
choice,0,n_category,0.1,10,ask_rate,1,0.017876213095072896,0.4041500267952385
choice,0,n_category,0.8,10,accuracy,8,0.49016247153664183,0.9433178485456247
choice,0,n_category,0.8,10,action_accuracy,8,0.49016247153664183,0.9433178485456247
choice,0,n_category,,0,limited_release,0,,
choice,0,n_category,,0,precision,0,,
choice,0,n_category,,0,recall,0,,
choice,0,n_category,,0,target_accuracy,0,,
choice,0,n_category,,0,target_reach,0,,
choice,0,n_category,0.0,10,false_release,0,0,0.2775327998628892
choice,0,n_category,0.0,10,ask_rate,0,0,0.2775327998628892
choice,0,n_category,1.0,10,accuracy,10,0.7224672001371107,0.9999999999999999
choice,0,n_category,1.0,10,action_accuracy,10,0.7224672001371107,0.9999999999999999
choice,0,n_category,,0,limited_release,0,,
choice,0,n_category,1.0,9,precision,9,0.7008549515804559,1
choice,0,n_category,0.9,10,recall,9,0.5958499732047615,0.9821237869049271
choice,0,n_category,1.0,9,target_accuracy,9,0.7008549515804559,1
choice,0,n_category,0.9,10,target_reach,9,0.5958499732047615,0.9821237869049271
choice,0,n_category,,0,false_release,0,,
choice,0,n_category,0.1,10,ask_rate,1,0.017876213095072896,0.4041500267952385
choice,0,n_category,0.9,10,accuracy,9,0.5958499732047615,0.9821237869049271
choice,0,n_category,0.9,10,action_accuracy,9,0.5958499732047615,0.9821237869049271
choice,0,n_category,,0,limited_release,0,,
choice,0,n_category,1.0,9,precision,9,0.7008549515804559,1
choice,0,n_category,0.9,10,recall,9,0.5958499732047615,0.9821237869049271
choice,0,n_category,1.0,9,target_accuracy,9,0.7008549515804559,1
choice,0,n_category,0.9,10,target_reach,9,0.5958499732047615,0.9821237869049271
choice,0,n_category,,0,false_release,0,,
choice,0,n_category,0.1,10,ask_rate,1,0.017876213095072896,0.4041500267952385
choice,0,n_category,0.9,10,accuracy,9,0.5958499732047615,0.9821237869049271
choice,0,n_category,0.1,10,action_accuracy,1,0.017876213095072896,0.4041500267952385
choice,0,n_category,0.9,10,limited_release,9,0.5958499732047615,0.9821237869049271
choice,0,n_category,,0,precision,0,,
choice,0,n_category,,0,recall,0,,
choice,0,n_category,,0,target_accuracy,0,,
choice,0,n_category,,0,target_reach,0,,
choice,0,n_category,0.0,4,false_release,0,0,0.4898908364545973
choice,0,n_category,0.0,4,ask_rate,0,0,0.4898908364545973
choice,0,n_category,1.0,4,accuracy,4,0.5101091635454027,1
choice,0,n_category,1.0,4,action_accuracy,4,0.5101091635454027,1
choice,0,n_category,,0,limited_release,0,,
choice,0,n_category,,0,precision,0,,
choice,0,n_category,,0,recall,0,,
choice,0,n_category,,0,target_accuracy,0,,
choice,0,n_category,,0,target_reach,0,,
choice,0,n_category,0.0,5,false_release,0,0,0.43448246478317476
choice,0,n_category,0.0,5,ask_rate,0,0,0.43448246478317476
choice,0,n_category,1.0,5,accuracy,5,0.5655175352168251,1
choice,0,n_category,1.0,5,action_accuracy,5,0.5655175352168251,1
choice,0,n_category,,0,limited_release,0,,
choice,0,n_category,,0,precision,0,,
choice,0,n_category,,0,recall,0,,
choice,0,n_category,,0,target_accuracy,0,,
choice,0,n_category,,0,target_reach,0,,
choice,0,n_category,0.0,10,false_release,0,0,0.2775327998628892
choice,0,n_category,0.0,10,ask_rate,0,0,0.2775327998628892
choice,0,n_category,1.0,10,accuracy,10,0.7224672001371107,0.9999999999999999
choice,0,n_category,1.0,10,action_accuracy,10,0.7224672001371107,0.9999999999999999
choice,0,n_category,,0,limited_release,0,,
choice,0,n_category,,0,precision,0,,
choice,0,n_category,,0,recall,0,,
choice,0,n_category,,0,target_accuracy,0,,
choice,0,n_category,,0,target_reach,0,,
choice,0,n_category,0.0,10,false_release,0,0,0.2775327998628892
choice,0,n_category,0.0,10,ask_rate,0,0,0.2775327998628892
choice,0,n_category,1.0,10,accuracy,10,0.7224672001371107,0.9999999999999999
choice,0,n_category,1.0,10,action_accuracy,10,0.7224672001371107,0.9999999999999999
choice,0,n_category,,0,limited_release,0,,
choice,0,n_category,1.0,10,precision,10,0.7224672001371107,0.9999999999999999
choice,0,n_category,1.0,10,recall,10,0.7224672001371107,0.9999999999999999
choice,0,n_category,0.9,10,target_accuracy,9,0.5958499732047615,0.9821237869049271
choice,0,n_category,0.9,10,target_reach,9,0.5958499732047615,0.9821237869049271
choice,0,n_category,,0,false_release,0,,
choice,0,n_category,0.0,10,ask_rate,0,0,0.2775327998628892
choice,0,n_category,0.9,10,accuracy,9,0.5958499732047615,0.9821237869049271
choice,0,n_category,0.0,10,action_accuracy,0,0,0.2775327998628892
choice,0,n_category,1.0,10,limited_release,10,0.7224672001371107,0.9999999999999999
choice,0,n_category,1.0,10,precision,10,0.7224672001371107,0.9999999999999999
choice,0,n_category,1.0,10,recall,10,0.7224672001371107,0.9999999999999999
choice,0,n_category,1.0,10,target_accuracy,10,0.7224672001371107,0.9999999999999999
choice,0,n_category,1.0,10,target_reach,10,0.7224672001371107,0.9999999999999999
choice,0,n_category,,0,false_release,0,,
choice,0,n_category,0.0,10,ask_rate,0,0,0.2775327998628892
choice,0,n_category,1.0,10,accuracy,10,0.7224672001371107,0.9999999999999999
choice,0,n_category,1.0,10,action_accuracy,10,0.7224672001371107,0.9999999999999999
choice,0,n_category,,0,limited_release,0,,
choice,0,n_category,1.0,3,precision,3,0.4385029682449546,1
choice,0,n_category,0.6,5,recall,3,0.2307242812760128,0.882379225767352
choice,0,n_category,1.0,3,target_accuracy,3,0.4385029682449546,1
choice,0,n_category,0.6,5,target_reach,3,0.2307242812760128,0.882379225767352
choice,0,n_category,,0,false_release,0,,
choice,0,n_category,0.0,5,ask_rate,0,0,0.43448246478317476
choice,0,n_category,0.6,5,accuracy,3,0.2307242812760128,0.882379225767352
choice,0,n_category,0.6,5,action_accuracy,3,0.2307242812760128,0.882379225767352
choice,0,n_category,,0,limited_release,0,,
choice,0,n_category,1.0,8,precision,8,0.6755924351161198,1
choice,0,n_category,0.8888888888888888,9,recall,8,0.5650002944233439,0.9801091123614551
choice,0,n_category,1.0,8,target_accuracy,8,0.6755924351161198,1
choice,0,n_category,0.8888888888888888,9,target_reach,8,0.5650002944233439,0.9801091123614551
choice,0,n_category,,0,false_release,0,,
choice,0,n_category,0.1111111111111111,9,ask_rate,1,0.019890887638544907,0.434999705576656
choice,0,n_category,0.8888888888888888,9,accuracy,8,0.5650002944233439,0.9801091123614551
choice,0,n_category,0.8888888888888888,9,action_accuracy,8,0.5650002944233439,0.9801091123614551
choice,0,n_category,,0,limited_release,0,,
choice,0,n_category,1.0,9,precision,9,0.7008549515804559,1
choice,0,n_category,1.0,9,recall,9,0.7008549515804559,1
choice,0,n_category,1.0,9,target_accuracy,9,0.7008549515804559,1
choice,0,n_category,1.0,9,target_reach,9,0.7008549515804559,1
choice,0,n_category,,0,false_release,0,,
choice,0,n_category,0.0,9,ask_rate,0,0,0.2991450484195441
choice,0,n_category,1.0,9,accuracy,9,0.7008549515804559,1
choice,0,n_category,1.0,9,action_accuracy,9,0.7008549515804559,1
choice,0,n_category,,0,limited_release,0,,
choice,0,n_category,,0,precision,0,,
choice,0,n_category,,0,recall,0,,
choice,0,n_category,,0,target_accuracy,0,,
choice,0,n_category,,0,target_reach,0,,
choice,0,n_category,0.0,10,false_release,0,0,0.2775327998628892
choice,0,n_category,0.0,10,ask_rate,0,0,0.2775327998628892
choice,0,n_category,1.0,10,accuracy,10,0.7224672001371107,0.9999999999999999
choice,0,n_category,1.0,10,action_accuracy,10,0.7224672001371107,0.9999999999999999
choice,0,n_category,,0,limited_release,0,,
choice,0,n_category,1.0,9,precision,9,0.7008549515804559,1
choice,0,n_category,0.9,10,recall,9,0.5958499732047615,0.9821237869049271
choice,0,n_category,1.0,9,target_accuracy,9,0.7008549515804559,1
choice,0,n_category,0.9,10,target_reach,9,0.5958499732047615,0.9821237869049271
choice,0,n_category,,0,false_release,0,,
choice,0,n_category,0.1,10,ask_rate,1,0.017876213095072896,0.4041500267952385
choice,0,n_category,0.9,10,accuracy,9,0.5958499732047615,0.9821237869049271
choice,0,n_category,0.9,10,action_accuracy,9,0.5958499732047615,0.9821237869049271
choice,0,n_category,,0,limited_release,0,,
choice,0,n_category,,0,precision,0,,
choice,0,n_category,,0,recall,0,,
choice,0,n_category,,0,target_accuracy,0,,
choice,0,n_category,,0,target_reach,0,,
choice,0,n_category,0.0,10,false_release,0,0,0.2775327998628892
choice,0,n_category,0.0,10,ask_rate,0,0,0.2775327998628892
choice,0,n_category,1.0,10,accuracy,10,0.7224672001371107,0.9999999999999999
choice,0,n_category,1.0,10,action_accuracy,10,0.7224672001371107,0.9999999999999999
choice,0,n_category,,0,limited_release,0,,
choice,0,n_category,1.0,10,precision,10,0.7224672001371107,0.9999999999999999
choice,0,n_category,1.0,10,recall,10,0.7224672001371107,0.9999999999999999
choice,0,n_category,1.0,10,target_accuracy,10,0.7224672001371107,0.9999999999999999
choice,0,n_category,1.0,10,target_reach,10,0.7224672001371107,0.9999999999999999
choice,0,n_category,,0,false_release,0,,
choice,0,n_category,0.0,10,ask_rate,0,0,0.2775327998628892
choice,0,n_category,1.0,10,accuracy,10,0.7224672001371107,0.9999999999999999
choice,0,n_category,1.0,10,action_accuracy,10,0.7224672001371107,0.9999999999999999
choice,0,n_category,,0,limited_release,0,,
choice,0,n_category,1.0,9,precision,9,0.7008549515804559,1
choice,0,n_category,0.9,10,recall,9,0.5958499732047615,0.9821237869049271
choice,0,n_category,1.0,9,target_accuracy,9,0.7008549515804559,1
choice,0,n_category,0.9,10,target_reach,9,0.5958499732047615,0.9821237869049271
choice,0,n_category,,0,false_release,0,,
choice,0,n_category,0.1,10,ask_rate,1,0.017876213095072896,0.4041500267952385
choice,0,n_category,0.9,10,accuracy,9,0.5958499732047615,0.9821237869049271
choice,0,n_category,0.1,10,action_accuracy,1,0.017876213095072896,0.4041500267952385
choice,0,n_category,0.9,10,limited_release,9,0.5958499732047615,0.9821237869049271
choice,0,n_category,,0,precision,0,,
choice,0,n_category,,0,recall,0,,
choice,0,n_category,,0,target_accuracy,0,,
choice,0,n_category,,0,target_reach,0,,
choice,0,n_category,0.0,3,false_release,0,5.551115123125783e-17,0.5614970317550454
choice,0,n_category,0.0,3,ask_rate,0,5.551115123125783e-17,0.5614970317550454
choice,0,n_category,1.0,3,accuracy,3,0.4385029682449546,1
choice,0,n_category,1.0,3,action_accuracy,3,0.4385029682449546,1
choice,0,n_category,,0,limited_release,0,,
choice,0,n_category,,0,precision,0,,
choice,0,n_category,,0,recall,0,,
choice,0,n_category,,0,target_accuracy,0,,
choice,0,n_category,,0,target_reach,0,,
choice,0,n_category,0.0,5,false_release,0,0,0.43448246478317476
choice,0,n_category,0.2,5,ask_rate,1,0.03622410863243014,0.6244653702374747
choice,0,n_category,1.0,5,accuracy,5,0.5655175352168251,1
choice,0,n_category,1.0,5,action_accuracy,5,0.5655175352168251,1
choice,0,n_category,,0,limited_release,0,,
choice,0,n_category,,0,precision,0,,
choice,0,n_category,,0,recall,0,,
choice,0,n_category,,0,target_accuracy,0,,
choice,0,n_category,,0,target_reach,0,,
choice,0,n_category,0.0,10,false_release,0,0,0.2775327998628892
choice,0,n_category,0.0,10,ask_rate,0,0,0.2775327998628892
choice,0,n_category,1.0,10,accuracy,10,0.7224672001371107,0.9999999999999999
choice,0,n_category,1.0,10,action_accuracy,10,0.7224672001371107,0.9999999999999999
choice,0,n_category,,0,limited_release,0,,
choice,0,n_category,,0,precision,0,,
choice,0,n_category,,0,recall,0,,
choice,0,n_category,,0,target_accuracy,0,,
choice,0,n_category,,0,target_reach,0,,
choice,0,n_category,0.0,10,false_release,0,0,0.2775327998628892
choice,0,n_category,0.0,10,ask_rate,0,0,0.2775327998628892
choice,0,n_category,1.0,10,accuracy,10,0.7224672001371107,0.9999999999999999
choice,0,n_category,1.0,10,action_accuracy,10,0.7224672001371107,0.9999999999999999
choice,0,n_category,,0,limited_release,0,,
choice,0,n_category,1.0,10,precision,10,0.7224672001371107,0.9999999999999999
choice,0,n_category,1.0,10,recall,10,0.7224672001371107,0.9999999999999999
choice,0,n_category,1.0,10,target_accuracy,10,0.7224672001371107,0.9999999999999999
choice,0,n_category,1.0,10,target_reach,10,0.7224672001371107,0.9999999999999999
choice,0,n_category,,0,false_release,0,,
choice,0,n_category,0.1,10,ask_rate,1,0.017876213095072896,0.4041500267952385
choice,0,n_category,1.0,10,accuracy,10,0.7224672001371107,0.9999999999999999
choice,0,n_category,0.1,10,action_accuracy,1,0.017876213095072896,0.4041500267952385
choice,0,n_category,0.9,10,limited_release,9,0.5958499732047615,0.9821237869049271
choice,0,n_category,1.0,9,precision,9,0.7008549515804559,1
choice,0,n_category,1.0,9,recall,9,0.7008549515804559,1
choice,0,n_category,0.8888888888888888,9,target_accuracy,8,0.5650002944233439,0.9801091123614551
choice,0,n_category,0.8888888888888888,9,target_reach,8,0.5650002944233439,0.9801091123614551
choice,0,n_category,,0,false_release,0,,
choice,0,n_category,0.2222222222222222,9,ask_rate,2,0.06322510711784671,0.5474110308930111
choice,0,n_category,0.8888888888888888,9,accuracy,8,0.5650002944233439,0.9801091123614551
choice,0,n_category,0.7777777777777778,9,action_accuracy,7,0.45258896910698887,0.9367748928821533
choice,0,n_category,,0,limited_release,0,,
choice,0,n_category,1.0,3,precision,3,0.4385029682449546,1
choice,0,n_category,0.6,5,recall,3,0.2307242812760128,0.882379225767352
choice,0,n_category,1.0,3,target_accuracy,3,0.4385029682449546,1
choice,0,n_category,0.6,5,target_reach,3,0.2307242812760128,0.882379225767352
choice,0,n_category,,0,false_release,0,,
choice,0,n_category,0.2,5,ask_rate,1,0.03622410863243014,0.6244653702374747
choice,0,n_category,0.6,5,accuracy,3,0.2307242812760128,0.882379225767352
choice,0,n_category,0.4,5,action_accuracy,2,0.11762077423264783,0.769275718723987
choice,0,n_category,,0,limited_release,0,,
choice,0,n_category,1.0,10,precision,10,0.7224672001371107,0.9999999999999999
choice,0,n_category,1.0,10,recall,10,0.7224672001371107,0.9999999999999999
choice,0,n_category,1.0,10,target_accuracy,10,0.7224672001371107,0.9999999999999999
choice,0,n_category,1.0,10,target_reach,10,0.7224672001371107,0.9999999999999999
choice,0,n_category,,0,false_release,0,,
choice,0,n_category,0.0,10,ask_rate,0,0,0.2775327998628892
choice,0,n_category,1.0,10,accuracy,10,0.7224672001371107,0.9999999999999999
choice,0,n_category,1.0,10,action_accuracy,10,0.7224672001371107,0.9999999999999999
choice,0,n_category,,0,limited_release,0,,
choice,0,n_category,1.0,9,precision,9,0.7008549515804559,1
choice,0,n_category,0.9,10,recall,9,0.5958499732047615,0.9821237869049271
choice,0,n_category,1.0,9,target_accuracy,9,0.7008549515804559,1
choice,0,n_category,0.9,10,target_reach,9,0.5958499732047615,0.9821237869049271
choice,0,n_category,,0,false_release,0,,
choice,0,n_category,0.1,10,ask_rate,1,0.017876213095072896,0.4041500267952385
choice,0,n_category,0.9,10,accuracy,9,0.5958499732047615,0.9821237869049271
choice,0,n_category,0.8,10,action_accuracy,8,0.49016247153664183,0.9433178485456247
choice,0,n_category,,0,limited_release,0,,
choice,0,n_category,,0,precision,0,,
choice,0,n_category,,0,recall,0,,
choice,0,n_category,,0,target_accuracy,0,,
choice,0,n_category,,0,target_reach,0,,
choice,0,n_category,0.0,10,false_release,0,0,0.2775327998628892
choice,0,n_category,0.0,10,ask_rate,0,0,0.2775327998628892
choice,0,n_category,1.0,10,accuracy,10,0.7224672001371107,0.9999999999999999
choice,0,n_category,1.0,10,action_accuracy,10,0.7224672001371107,0.9999999999999999
choice,0,n_category,,0,limited_release,0,,
choice,0,n_category,1.0,9,precision,9,0.7008549515804559,1
choice,0,n_category,0.9,10,recall,9,0.5958499732047615,0.9821237869049271
choice,0,n_category,1.0,9,target_accuracy,9,0.7008549515804559,1
choice,0,n_category,0.9,10,target_reach,9,0.5958499732047615,0.9821237869049271
choice,0,n_category,,0,false_release,0,,
choice,0,n_category,0.0,10,ask_rate,0,0,0.2775327998628892
choice,0,n_category,0.9,10,accuracy,9,0.5958499732047615,0.9821237869049271
choice,0,n_category,0.9,10,action_accuracy,9,0.5958499732047615,0.9821237869049271
choice,0,n_category,,0,limited_release,0,,
choice,0,n_category,,0,precision,0,,
choice,0,n_category,,0,recall,0,,
choice,0,n_category,,0,target_accuracy,0,,
choice,0,n_category,,0,target_reach,0,,
choice,0,n_category,0.0,10,false_release,0,0,0.2775327998628892
choice,0,n_category,0.0,10,ask_rate,0,0,0.2775327998628892
choice,0,n_category,1.0,10,accuracy,10,0.7224672001371107,0.9999999999999999
choice,0,n_category,1.0,10,action_accuracy,10,0.7224672001371107,0.9999999999999999
choice,0,n_category,,0,limited_release,0,,
choice,0,n_category,1.0,10,precision,10,0.7224672001371107,0.9999999999999999
choice,0,n_category,1.0,10,recall,10,0.7224672001371107,0.9999999999999999
choice,0,n_category,1.0,10,target_accuracy,10,0.7224672001371107,0.9999999999999999
choice,0,n_category,1.0,10,target_reach,10,0.7224672001371107,0.9999999999999999
choice,0,n_category,,0,false_release,0,,
choice,0,n_category,0.0,10,ask_rate,0,0,0.2775327998628892
choice,0,n_category,1.0,10,accuracy,10,0.7224672001371107,0.9999999999999999
choice,0,n_category,1.0,10,action_accuracy,10,0.7224672001371107,0.9999999999999999
choice,0,n_category,,0,limited_release,0,,
choice,0,n_category,1.0,10,precision,10,0.7224672001371107,0.9999999999999999
choice,0,n_category,1.0,10,recall,10,0.7224672001371107,0.9999999999999999
choice,0,n_category,1.0,10,target_accuracy,10,0.7224672001371107,0.9999999999999999
choice,0,n_category,1.0,10,target_reach,10,0.7224672001371107,0.9999999999999999
choice,0,n_category,,0,false_release,0,,
choice,0,n_category,0.1,10,ask_rate,1,0.017876213095072896,0.4041500267952385
choice,0,n_category,1.0,10,accuracy,10,0.7224672001371107,0.9999999999999999
choice,0,n_category,0.1,10,action_accuracy,1,0.017876213095072896,0.4041500267952385
choice,0,n_category,0.9,10,limited_release,9,0.5958499732047615,0.9821237869049271
choice,0,n_category,,0,precision,0,,
choice,0,n_category,,0,recall,0,,
choice,0,n_category,,0,target_accuracy,0,,
choice,0,n_category,,0,target_reach,0,,
choice,0,n_category,0.0,3,false_release,0,5.551115123125783e-17,0.5614970317550454
choice,0,n_category,0.0,3,ask_rate,0,5.551115123125783e-17,0.5614970317550454
choice,0,n_category,1.0,3,accuracy,3,0.4385029682449546,1
choice,0,n_category,1.0,3,action_accuracy,3,0.4385029682449546,1
choice,0,n_category,,0,limited_release,0,,
choice,0,n_category,,0,precision,0,,
choice,0,n_category,,0,recall,0,,
choice,0,n_category,,0,target_accuracy,0,,
choice,0,n_category,,0,target_reach,0,,
choice,0,n_category,0.0,5,false_release,0,0,0.43448246478317476
choice,0,n_category,0.2,5,ask_rate,1,0.03622410863243014,0.6244653702374747
choice,0,n_category,1.0,5,accuracy,5,0.5655175352168251,1
choice,0,n_category,1.0,5,action_accuracy,5,0.5655175352168251,1
choice,0,n_category,,0,limited_release,0,,
choice,0,n_category,,0,precision,0,,
choice,0,n_category,,0,recall,0,,
choice,0,n_category,,0,target_accuracy,0,,
choice,0,n_category,,0,target_reach,0,,
choice,0,n_category,0.0,10,false_release,0,0,0.2775327998628892
choice,0,n_category,0.0,10,ask_rate,0,0,0.2775327998628892
choice,0,n_category,1.0,10,accuracy,10,0.7224672001371107,0.9999999999999999
choice,0,n_category,1.0,10,action_accuracy,10,0.7224672001371107,0.9999999999999999
choice,0,n_category,,0,limited_release,0,,
choice,0,n_category,,0,precision,0,,
choice,0,n_category,,0,recall,0,,
choice,0,n_category,,0,target_accuracy,0,,
choice,0,n_category,,0,target_reach,0,,
choice,0,n_category,0.0,10,false_release,0,0,0.2775327998628892
choice,0,n_category,0.0,10,ask_rate,0,0,0.2775327998628892
choice,0,n_category,1.0,10,accuracy,10,0.7224672001371107,0.9999999999999999
choice,0,n_category,1.0,10,action_accuracy,10,0.7224672001371107,0.9999999999999999
choice,0,n_category,,0,limited_release,0,,
choice,1,all,1.0,207,precision,207,0.9817803441401861,0.9999999999999999
choice,1,all,0.915929203539823,226,recall,207,0.872435609988427,0.9455195185798448
choice,1,all,0.9951690821256038,207,target_accuracy,206,0.9731478289614364,0.9991467147522743
choice,1,all,0.911504424778761,226,target_reach,206,0.8672705696501611,0.9419829086141928
choice,1,all,0.0,144,false_release,0,0,0.025983637143036746
choice,1,all,0.05405405405405406,370,ask_rate,20,0.03526092782504154,0.08201193687807273
choice,1,all,0.9459459459459459,370,accuracy,350,0.9179880631219273,0.9647390721749585
choice,1,all,0.8189189189189189,370,action_accuracy,303,0.7764688631739924,0.8548147850989318
choice,1,all,0.8666666666666667,60,limited_release,52,0.7583484032350039,0.9308589051941303
choice,1,n,1.0,73,precision,73,0.9500079920442688,0.9999999999999998
choice,1,n,0.9240506329113924,79,recall,73,0.8440458309717235,0.9647279515496333
choice,1,n,1.0,73,target_accuracy,73,0.9500079920442688,0.9999999999999998
choice,1,n,0.9240506329113924,79,target_reach,73,0.8440458309717235,0.9647279515496333
choice,1,n,0.0,48,false_release,0,6.938893903907228e-18,0.07410012966611748
choice,1,n,0.031496062992125984,127,ask_rate,4,0.012315000096796348,0.07818734470602129
choice,1,n,0.952755905511811,127,accuracy,121,0.9007560955638818,0.9781702098787735
choice,1,n,0.8267716535433071,127,action_accuracy,105,0.7516267070074718,0.8827288003989664
choice,1,n,0.9,20,limited_release,18,0.6989663547715128,0.9721335187862319
choice,1,n,1.0,65,precision,65,0.9441984686771432,1
choice,1,n,0.8904109589041096,73,recall,65,0.7983737801279477,0.9434132821531936
choice,1,n,0.9846153846153847,65,target_accuracy,64,0.9178671527044854,0.9972790553979766
choice,1,n,0.8767123287671232,73,target_reach,64,0.7819969564497797,0.9337624896109706
choice,1,n,0.0,48,false_release,0,6.938893903907228e-18,0.07410012966611748
choice,1,n,0.08264462809917356,121,ask_rate,10,0.045509049437406586,0.14546483893197612
choice,1,n,0.9256198347107438,121,accuracy,112,0.8646691146497353,0.9603773160230725
choice,1,n,0.8347107438016529,121,action_accuracy,101,0.7584457954318083,0.8903771257769045
choice,1,n,0.75,20,limited_release,15,0.531299122381256,0.8881382985923343
choice,1,n,1.0,69,precision,69,0.9472627418109483,1
choice,1,n,0.9324324324324325,74,recall,69,0.8513880607414608,0.9707959138346378
choice,1,n,1.0,69,target_accuracy,69,0.9472627418109483,1
choice,1,n,0.9324324324324325,74,target_reach,69,0.8513880607414608,0.9707959138346378
choice,1,n,0.0,48,false_release,0,6.938893903907228e-18,0.07410012966611748
choice,1,n,0.04918032786885246,122,ask_rate,6,0.02273217015009757,0.10315208905311074
choice,1,n,0.9590163934426229,122,accuracy,117,0.9076394737210987,0.9823692805447255
choice,1,n,0.7950819672131147,122,action_accuracy,97,0.7149780642232687,0.8571704206619041
choice,1,n,0.95,20,limited_release,19,0.763868806553258,0.9911185511992047
choice,1,category,1.0,30,precision,30,0.8864866068260312,0.9999999999999999
choice,1,category,1.0,30,recall,30,0.8864866068260312,0.9999999999999999
choice,1,category,0.9666666666666667,30,target_accuracy,29,0.8332960900859082,0.9940914096183874
choice,1,category,0.9666666666666667,30,target_reach,29,0.8332960900859082,0.9940914096183874
choice,1,category,,0,false_release,0,,
choice,1,category,0.06666666666666667,30,ask_rate,2,0.018477023791270378,0.2132345836261692
choice,1,category,0.9666666666666667,30,accuracy,29,0.8332960900859082,0.9940914096183874
choice,1,category,0.06666666666666667,30,action_accuracy,2,0.018477023791270378,0.2132345836261692
choice,1,category,0.9333333333333333,30,limited_release,28,0.7867654163738308,0.9815229762087295
choice,1,category,1.0,29,precision,29,0.8830302015002593,1
choice,1,category,1.0,29,recall,29,0.8830302015002593,1
choice,1,category,1.0,29,target_accuracy,29,0.8830302015002593,1
choice,1,category,1.0,29,target_reach,29,0.8830302015002593,1
choice,1,category,,0,false_release,0,,
choice,1,category,0.034482758620689655,29,ask_rate,1,0.006113214292762653,0.17175521879320288
choice,1,category,1.0,29,accuracy,29,0.8830302015002593,1
choice,1,category,0.9655172413793104,29,action_accuracy,28,0.8282447812067973,0.9938867857072374
choice,1,category,,0,limited_release,0,,
choice,1,category,1.0,15,precision,15,0.7961166989641515,1
choice,1,category,0.7894736842105263,19,recall,15,0.5666572155618583,0.9149232336708375
choice,1,category,1.0,15,target_accuracy,15,0.7961166989641515,1
choice,1,category,0.7894736842105263,19,target_reach,15,0.5666572155618583,0.9149232336708375
choice,1,category,,0,false_release,0,,
choice,1,category,0.10526315789473684,19,ask_rate,2,0.02935856029887013,0.31394082711109006
choice,1,category,0.7894736842105263,19,accuracy,15,0.5666572155618583,0.9149232336708375
choice,1,category,0.7368421052631579,19,action_accuracy,14,0.5120844910218489,0.8819358765321748
choice,1,category,,0,limited_release,0,,
choice,1,category,1.0,25,precision,25,0.8668077490609515,0.9999999999999999
choice,1,category,0.8620689655172413,29,recall,25,0.6944100627964798,0.9450256003588804
choice,1,category,1.0,25,target_accuracy,25,0.8668077490609515,0.9999999999999999
choice,1,category,0.8620689655172413,29,target_reach,25,0.6944100627964798,0.9450256003588804
choice,1,category,,0,false_release,0,,
choice,1,category,0.10344827586206896,29,ask_rate,3,0.03581489135067707,0.26385081090773804
choice,1,category,0.8620689655172413,29,accuracy,25,0.6944100627964798,0.9450256003588804
choice,1,category,0.8620689655172413,29,action_accuracy,25,0.6944100627964798,0.9450256003588804
choice,1,category,,0,limited_release,0,,
choice,1,category,1.0,27,precision,27,0.8754449702581328,0.9999999999999998
choice,1,category,0.9310344827586207,29,recall,27,0.7803541984972431,0.9808787338305667
choice,1,category,1.0,27,target_accuracy,27,0.8754449702581328,0.9999999999999998
choice,1,category,0.9310344827586207,29,target_reach,27,0.7803541984972431,0.9808787338305667
choice,1,category,,0,false_release,0,,
choice,1,category,0.034482758620689655,29,ask_rate,1,0.006113214292762653,0.17175521879320288
choice,1,category,0.9310344827586207,29,accuracy,27,0.7803541984972431,0.9808787338305667
choice,1,category,0.9310344827586207,29,action_accuracy,27,0.7803541984972431,0.9808787338305667
choice,1,category,,0,limited_release,0,,
choice,1,category,,0,precision,0,,
choice,1,category,,0,recall,0,,
choice,1,category,,0,target_accuracy,0,,
choice,1,category,,0,target_reach,0,,
choice,1,category,0.0,29,false_release,0,0,0.11696979849974075
choice,1,category,0.0,29,ask_rate,0,0,0.11696979849974075
choice,1,category,1.0,29,accuracy,29,0.8830302015002593,1
choice,1,category,1.0,29,action_accuracy,29,0.8830302015002593,1
choice,1,category,,0,limited_release,0,,
choice,1,category,1.0,27,precision,27,0.8754449702581328,0.9999999999999998
choice,1,category,0.9,30,recall,27,0.7437891742081593,0.9654001112526658
choice,1,category,1.0,27,target_accuracy,27,0.8754449702581328,0.9999999999999998
choice,1,category,0.9,30,target_reach,27,0.7437891742081593,0.9654001112526658
choice,1,category,,0,false_release,0,,
choice,1,category,0.03333333333333333,30,ask_rate,1,0.005908590381612455,0.16670390991409173
choice,1,category,0.9,30,accuracy,27,0.7437891742081593,0.9654001112526658
choice,1,category,0.9,30,action_accuracy,27,0.7437891742081593,0.9654001112526658
choice,1,category,,0,limited_release,0,,
choice,1,category,,0,precision,0,,
choice,1,category,,0,recall,0,,
choice,1,category,,0,target_accuracy,0,,
choice,1,category,,0,target_reach,0,,
choice,1,category,0.0,30,false_release,0,0,0.11351339317396876
choice,1,category,0.0,30,ask_rate,0,0,0.11351339317396876
choice,1,category,1.0,30,accuracy,30,0.8864866068260312,0.9999999999999999
choice,1,category,1.0,30,action_accuracy,30,0.8864866068260312,0.9999999999999999
choice,1,category,,0,limited_release,0,,
choice,1,category,1.0,30,precision,30,0.8864866068260312,0.9999999999999999
choice,1,category,1.0,30,recall,30,0.8864866068260312,0.9999999999999999
choice,1,category,1.0,30,target_accuracy,30,0.8864866068260312,0.9999999999999999
choice,1,category,1.0,30,target_reach,30,0.8864866068260312,0.9999999999999999
choice,1,category,,0,false_release,0,,
choice,1,category,0.0,30,ask_rate,0,0,0.11351339317396876
choice,1,category,1.0,30,accuracy,30,0.8864866068260312,0.9999999999999999
choice,1,category,1.0,30,action_accuracy,30,0.8864866068260312,0.9999999999999999
choice,1,category,,0,limited_release,0,,
choice,1,category,1.0,24,precision,24,0.8620237953250198,1
choice,1,category,0.8,30,recall,24,0.6269430358685175,0.9049489282271013
choice,1,category,1.0,24,target_accuracy,24,0.8620237953250198,1
choice,1,category,0.8,30,target_reach,24,0.6269430358685175,0.9049489282271013
choice,1,category,,0,false_release,0,,
choice,1,category,0.2,30,ask_rate,6,0.0950510717728987,0.3730569641314825
choice,1,category,0.8,30,accuracy,24,0.6269430358685175,0.9049489282271013
choice,1,category,0.2,30,action_accuracy,6,0.0950510717728987,0.3730569641314825
choice,1,category,0.8,30,limited_release,24,0.6269430358685175,0.9049489282271013
choice,1,category,,0,precision,0,,
choice,1,category,,0,recall,0,,
choice,1,category,,0,target_accuracy,0,,
choice,1,category,,0,target_reach,0,,
choice,1,category,0.0,10,false_release,0,0,0.2775327998628892
choice,1,category,0.0,10,ask_rate,0,0,0.2775327998628892
choice,1,category,1.0,10,accuracy,10,0.7224672001371107,0.9999999999999999
choice,1,category,1.0,10,action_accuracy,10,0.7224672001371107,0.9999999999999999
choice,1,category,,0,limited_release,0,,
choice,1,category,,0,precision,0,,
choice,1,category,,0,recall,0,,
choice,1,category,,0,target_accuracy,0,,
choice,1,category,,0,target_reach,0,,
choice,1,category,0.0,15,false_release,0,0,0.20388330103584862
choice,1,category,0.26666666666666666,15,ask_rate,4,0.10897453325692374,0.5195043405598057
choice,1,category,1.0,15,accuracy,15,0.7961166989641515,1
choice,1,category,1.0,15,action_accuracy,15,0.7961166989641515,1
choice,1,category,,0,limited_release,0,,
choice,1,category,,0,precision,0,,
choice,1,category,,0,recall,0,,
choice,1,category,,0,target_accuracy,0,,
choice,1,category,,0,target_reach,0,,
choice,1,category,0.0,30,false_release,0,0,0.11351339317396876
choice,1,category,0.0,30,ask_rate,0,0,0.11351339317396876
choice,1,category,1.0,30,accuracy,30,0.8864866068260312,0.9999999999999999
choice,1,category,1.0,30,action_accuracy,30,0.8864866068260312,0.9999999999999999
choice,1,category,,0,limited_release,0,,
choice,1,category,,0,precision,0,,
choice,1,category,,0,recall,0,,
choice,1,category,,0,target_accuracy,0,,
choice,1,category,,0,target_reach,0,,
choice,1,category,0.0,30,false_release,0,0,0.11351339317396876
choice,1,category,0.0,30,ask_rate,0,0,0.11351339317396876
choice,1,category,1.0,30,accuracy,30,0.8864866068260312,0.9999999999999999
choice,1,category,1.0,30,action_accuracy,30,0.8864866068260312,0.9999999999999999
choice,1,category,,0,limited_release,0,,
choice,1,source,,0,precision,0,,
choice,1,source,,0,recall,0,,
choice,1,source,,0,target_accuracy,0,,
choice,1,source,,0,target_reach,0,,
choice,1,source,0.0,10,false_release,0,0,0.2775327998628892
choice,1,source,0.0,10,ask_rate,0,0,0.2775327998628892
choice,1,source,1.0,10,accuracy,10,0.7224672001371107,0.9999999999999999
choice,1,source,1.0,10,action_accuracy,10,0.7224672001371107,0.9999999999999999
choice,1,source,,0,limited_release,0,,
choice,1,source,1.0,207,precision,207,0.9817803441401861,0.9999999999999999
choice,1,source,0.915929203539823,226,recall,207,0.872435609988427,0.9455195185798448
choice,1,source,0.9951690821256038,207,target_accuracy,206,0.9731478289614364,0.9991467147522743
choice,1,source,0.911504424778761,226,target_reach,206,0.8672705696501611,0.9419829086141928
choice,1,source,0.0,134,false_release,0,0,0.027868675023899322
choice,1,source,0.05555555555555555,360,ask_rate,20,0.03624820460007233,0.08424784596765522
choice,1,source,0.9444444444444444,360,accuracy,340,0.9157521540323447,0.9637517953999276
choice,1,source,0.8138888888888889,360,action_accuracy,293,0.7704468916941292,0.8507027725924132
choice,1,source,0.8666666666666667,60,limited_release,52,0.7583484032350039,0.9308589051941303
choice,1,intent,1.0,30,precision,30,0.8864866068260312,0.9999999999999999
choice,1,intent,1.0,30,recall,30,0.8864866068260312,0.9999999999999999
choice,1,intent,0.9666666666666667,30,target_accuracy,29,0.8332960900859082,0.9940914096183874
choice,1,intent,0.9666666666666667,30,target_reach,29,0.8332960900859082,0.9940914096183874
choice,1,intent,,0,false_release,0,,
choice,1,intent,0.06666666666666667,30,ask_rate,2,0.018477023791270378,0.2132345836261692
choice,1,intent,0.9666666666666667,30,accuracy,29,0.8332960900859082,0.9940914096183874
choice,1,intent,0.06666666666666667,30,action_accuracy,2,0.018477023791270378,0.2132345836261692
choice,1,intent,0.9333333333333333,30,limited_release,28,0.7867654163738308,0.9815229762087295
choice,1,intent,,0,precision,0,,
choice,1,intent,,0,recall,0,,
choice,1,intent,,0,target_accuracy,0,,
choice,1,intent,,0,target_reach,0,,
choice,1,intent,0.0,144,false_release,0,0,0.025983637143036746
choice,1,intent,0.027777777777777776,144,ask_rate,4,0.01085411795640967,0.06924153934534726
choice,1,intent,1.0,144,accuracy,144,0.9740163628569635,1
choice,1,intent,1.0,144,action_accuracy,144,0.9740163628569635,1
choice,1,intent,,0,limited_release,0,,
choice,1,intent,1.0,24,precision,24,0.8620237953250198,1
choice,1,intent,0.8,30,recall,24,0.6269430358685175,0.9049489282271013
choice,1,intent,1.0,24,target_accuracy,24,0.8620237953250198,1
choice,1,intent,0.8,30,target_reach,24,0.6269430358685175,0.9049489282271013
choice,1,intent,,0,false_release,0,,
choice,1,intent,0.2,30,ask_rate,6,0.0950510717728987,0.3730569641314825
choice,1,intent,0.8,30,accuracy,24,0.6269430358685175,0.9049489282271013
choice,1,intent,0.2,30,action_accuracy,6,0.0950510717728987,0.3730569641314825
choice,1,intent,0.8,30,limited_release,24,0.6269430358685175,0.9049489282271013
choice,1,intent,1.0,153,precision,153,0.9755073763686055,1
choice,1,intent,0.9216867469879518,166,recall,153,0.8706336017700654,0.9536645464682955
choice,1,intent,1.0,153,target_accuracy,153,0.9755073763686055,1
choice,1,intent,0.9216867469879518,166,target_reach,153,0.8706336017700654,0.9536645464682955
choice,1,intent,,0,false_release,0,,
choice,1,intent,0.04819277108433735,166,ask_rate,8,0.024619468718975003,0.09220394388278114
choice,1,intent,0.9216867469879518,166,accuracy,153,0.8706336017700654,0.9536645464682955
choice,1,intent,0.9096385542168675,166,action_accuracy,151,0.8562717896271411,0.9444749829472666
choice,1,intent,,0,limited_release,0,,
choice,1,n_category,1.0,10,precision,10,0.7224672001371107,0.9999999999999999
choice,1,n_category,1.0,10,recall,10,0.7224672001371107,0.9999999999999999
choice,1,n_category,1.0,10,target_accuracy,10,0.7224672001371107,0.9999999999999999
choice,1,n_category,1.0,10,target_reach,10,0.7224672001371107,0.9999999999999999
choice,1,n_category,,0,false_release,0,,
choice,1,n_category,0.0,10,ask_rate,0,0,0.2775327998628892
choice,1,n_category,1.0,10,accuracy,10,0.7224672001371107,0.9999999999999999
choice,1,n_category,0.0,10,action_accuracy,0,0,0.2775327998628892
choice,1,n_category,1.0,10,limited_release,10,0.7224672001371107,0.9999999999999999
choice,1,n_category,1.0,10,precision,10,0.7224672001371107,0.9999999999999999
choice,1,n_category,1.0,10,recall,10,0.7224672001371107,0.9999999999999999
choice,1,n_category,1.0,10,target_accuracy,10,0.7224672001371107,0.9999999999999999
choice,1,n_category,1.0,10,target_reach,10,0.7224672001371107,0.9999999999999999
choice,1,n_category,,0,false_release,0,,
choice,1,n_category,0.0,10,ask_rate,0,0,0.2775327998628892
choice,1,n_category,1.0,10,accuracy,10,0.7224672001371107,0.9999999999999999
choice,1,n_category,1.0,10,action_accuracy,10,0.7224672001371107,0.9999999999999999
choice,1,n_category,,0,limited_release,0,,
choice,1,n_category,1.0,9,precision,9,0.7008549515804559,1
choice,1,n_category,1.0,9,recall,9,0.7008549515804559,1
choice,1,n_category,1.0,9,target_accuracy,9,0.7008549515804559,1
choice,1,n_category,1.0,9,target_reach,9,0.7008549515804559,1
choice,1,n_category,,0,false_release,0,,
choice,1,n_category,0.0,9,ask_rate,0,0,0.2991450484195441
choice,1,n_category,1.0,9,accuracy,9,0.7008549515804559,1
choice,1,n_category,1.0,9,action_accuracy,9,0.7008549515804559,1
choice,1,n_category,,0,limited_release,0,,
choice,1,n_category,1.0,8,precision,8,0.6755924351161198,1
choice,1,n_category,0.8,10,recall,8,0.49016247153664183,0.9433178485456247
choice,1,n_category,1.0,8,target_accuracy,8,0.6755924351161198,1
choice,1,n_category,0.8,10,target_reach,8,0.49016247153664183,0.9433178485456247
choice,1,n_category,,0,false_release,0,,
choice,1,n_category,0.1,10,ask_rate,1,0.017876213095072896,0.4041500267952385
choice,1,n_category,0.8,10,accuracy,8,0.49016247153664183,0.9433178485456247
choice,1,n_category,0.8,10,action_accuracy,8,0.49016247153664183,0.9433178485456247
choice,1,n_category,,0,limited_release,0,,
choice,1,n_category,1.0,9,precision,9,0.7008549515804559,1
choice,1,n_category,0.9,10,recall,9,0.5958499732047615,0.9821237869049271
choice,1,n_category,1.0,9,target_accuracy,9,0.7008549515804559,1
choice,1,n_category,0.9,10,target_reach,9,0.5958499732047615,0.9821237869049271
choice,1,n_category,,0,false_release,0,,
choice,1,n_category,0.1,10,ask_rate,1,0.017876213095072896,0.4041500267952385
choice,1,n_category,0.9,10,accuracy,9,0.5958499732047615,0.9821237869049271
choice,1,n_category,0.9,10,action_accuracy,9,0.5958499732047615,0.9821237869049271
choice,1,n_category,,0,limited_release,0,,
choice,1,n_category,,0,precision,0,,
choice,1,n_category,,0,recall,0,,
choice,1,n_category,,0,target_accuracy,0,,
choice,1,n_category,,0,target_reach,0,,
choice,1,n_category,0.0,9,false_release,0,0,0.2991450484195441
choice,1,n_category,0.0,9,ask_rate,0,0,0.2991450484195441
choice,1,n_category,1.0,9,accuracy,9,0.7008549515804559,1
choice,1,n_category,1.0,9,action_accuracy,9,0.7008549515804559,1
choice,1,n_category,,0,limited_release,0,,
choice,1,n_category,1.0,9,precision,9,0.7008549515804559,1
choice,1,n_category,0.9,10,recall,9,0.5958499732047615,0.9821237869049271
choice,1,n_category,1.0,9,target_accuracy,9,0.7008549515804559,1
choice,1,n_category,0.9,10,target_reach,9,0.5958499732047615,0.9821237869049271
choice,1,n_category,,0,false_release,0,,
choice,1,n_category,0.0,10,ask_rate,0,0,0.2775327998628892
choice,1,n_category,0.9,10,accuracy,9,0.5958499732047615,0.9821237869049271
choice,1,n_category,0.9,10,action_accuracy,9,0.5958499732047615,0.9821237869049271
choice,1,n_category,,0,limited_release,0,,
choice,1,n_category,,0,precision,0,,
choice,1,n_category,,0,recall,0,,
choice,1,n_category,,0,target_accuracy,0,,
choice,1,n_category,,0,target_reach,0,,
choice,1,n_category,0.0,10,false_release,0,0,0.2775327998628892
choice,1,n_category,0.0,10,ask_rate,0,0,0.2775327998628892
choice,1,n_category,1.0,10,accuracy,10,0.7224672001371107,0.9999999999999999
choice,1,n_category,1.0,10,action_accuracy,10,0.7224672001371107,0.9999999999999999
choice,1,n_category,,0,limited_release,0,,
choice,1,n_category,1.0,10,precision,10,0.7224672001371107,0.9999999999999999
choice,1,n_category,1.0,10,recall,10,0.7224672001371107,0.9999999999999999
choice,1,n_category,1.0,10,target_accuracy,10,0.7224672001371107,0.9999999999999999
choice,1,n_category,1.0,10,target_reach,10,0.7224672001371107,0.9999999999999999
choice,1,n_category,,0,false_release,0,,
choice,1,n_category,0.0,10,ask_rate,0,0,0.2775327998628892
choice,1,n_category,1.0,10,accuracy,10,0.7224672001371107,0.9999999999999999
choice,1,n_category,1.0,10,action_accuracy,10,0.7224672001371107,0.9999999999999999
choice,1,n_category,,0,limited_release,0,,
choice,1,n_category,1.0,8,precision,8,0.6755924351161198,1
choice,1,n_category,0.8,10,recall,8,0.49016247153664183,0.9433178485456247
choice,1,n_category,1.0,8,target_accuracy,8,0.6755924351161198,1
choice,1,n_category,0.8,10,target_reach,8,0.49016247153664183,0.9433178485456247
choice,1,n_category,,0,false_release,0,,
choice,1,n_category,0.2,10,ask_rate,2,0.05668215145437519,0.5098375284633583
choice,1,n_category,0.8,10,accuracy,8,0.49016247153664183,0.9433178485456247
choice,1,n_category,0.2,10,action_accuracy,2,0.05668215145437519,0.5098375284633583
choice,1,n_category,0.8,10,limited_release,8,0.49016247153664183,0.9433178485456247
choice,1,n_category,,0,precision,0,,
choice,1,n_category,,0,recall,0,,
choice,1,n_category,,0,target_accuracy,0,,
choice,1,n_category,,0,target_reach,0,,
choice,1,n_category,0.0,4,false_release,0,0,0.4898908364545973
choice,1,n_category,0.0,4,ask_rate,0,0,0.4898908364545973
choice,1,n_category,1.0,4,accuracy,4,0.5101091635454027,1
choice,1,n_category,1.0,4,action_accuracy,4,0.5101091635454027,1
choice,1,n_category,,0,limited_release,0,,
choice,1,n_category,,0,precision,0,,
choice,1,n_category,,0,recall,0,,
choice,1,n_category,,0,target_accuracy,0,,
choice,1,n_category,,0,target_reach,0,,
choice,1,n_category,0.0,5,false_release,0,0,0.43448246478317476
choice,1,n_category,0.0,5,ask_rate,0,0,0.43448246478317476
choice,1,n_category,1.0,5,accuracy,5,0.5655175352168251,1
choice,1,n_category,1.0,5,action_accuracy,5,0.5655175352168251,1
choice,1,n_category,,0,limited_release,0,,
choice,1,n_category,,0,precision,0,,
choice,1,n_category,,0,recall,0,,
choice,1,n_category,,0,target_accuracy,0,,
choice,1,n_category,,0,target_reach,0,,
choice,1,n_category,0.0,10,false_release,0,0,0.2775327998628892
choice,1,n_category,0.0,10,ask_rate,0,0,0.2775327998628892
choice,1,n_category,1.0,10,accuracy,10,0.7224672001371107,0.9999999999999999
choice,1,n_category,1.0,10,action_accuracy,10,0.7224672001371107,0.9999999999999999
choice,1,n_category,,0,limited_release,0,,
choice,1,n_category,,0,precision,0,,
choice,1,n_category,,0,recall,0,,
choice,1,n_category,,0,target_accuracy,0,,
choice,1,n_category,,0,target_reach,0,,
choice,1,n_category,0.0,10,false_release,0,0,0.2775327998628892
choice,1,n_category,0.0,10,ask_rate,0,0,0.2775327998628892
choice,1,n_category,1.0,10,accuracy,10,0.7224672001371107,0.9999999999999999
choice,1,n_category,1.0,10,action_accuracy,10,0.7224672001371107,0.9999999999999999
choice,1,n_category,,0,limited_release,0,,
choice,1,n_category,1.0,10,precision,10,0.7224672001371107,0.9999999999999999
choice,1,n_category,1.0,10,recall,10,0.7224672001371107,0.9999999999999999
choice,1,n_category,0.9,10,target_accuracy,9,0.5958499732047615,0.9821237869049271
choice,1,n_category,0.9,10,target_reach,9,0.5958499732047615,0.9821237869049271
choice,1,n_category,,0,false_release,0,,
choice,1,n_category,0.1,10,ask_rate,1,0.017876213095072896,0.4041500267952385
choice,1,n_category,0.9,10,accuracy,9,0.5958499732047615,0.9821237869049271
choice,1,n_category,0.1,10,action_accuracy,1,0.017876213095072896,0.4041500267952385
choice,1,n_category,0.9,10,limited_release,9,0.5958499732047615,0.9821237869049271
choice,1,n_category,1.0,10,precision,10,0.7224672001371107,0.9999999999999999
choice,1,n_category,1.0,10,recall,10,0.7224672001371107,0.9999999999999999
choice,1,n_category,1.0,10,target_accuracy,10,0.7224672001371107,0.9999999999999999
choice,1,n_category,1.0,10,target_reach,10,0.7224672001371107,0.9999999999999999
choice,1,n_category,,0,false_release,0,,
choice,1,n_category,0.0,10,ask_rate,0,0,0.2775327998628892
choice,1,n_category,1.0,10,accuracy,10,0.7224672001371107,0.9999999999999999
choice,1,n_category,1.0,10,action_accuracy,10,0.7224672001371107,0.9999999999999999
choice,1,n_category,,0,limited_release,0,,
choice,1,n_category,1.0,3,precision,3,0.4385029682449546,1
choice,1,n_category,0.6,5,recall,3,0.2307242812760128,0.882379225767352
choice,1,n_category,1.0,3,target_accuracy,3,0.4385029682449546,1
choice,1,n_category,0.6,5,target_reach,3,0.2307242812760128,0.882379225767352
choice,1,n_category,,0,false_release,0,,
choice,1,n_category,0.4,5,ask_rate,2,0.11762077423264783,0.769275718723987
choice,1,n_category,0.6,5,accuracy,3,0.2307242812760128,0.882379225767352
choice,1,n_category,0.4,5,action_accuracy,2,0.11762077423264783,0.769275718723987
choice,1,n_category,,0,limited_release,0,,
choice,1,n_category,1.0,8,precision,8,0.6755924351161198,1
choice,1,n_category,0.8888888888888888,9,recall,8,0.5650002944233439,0.9801091123614551
choice,1,n_category,1.0,8,target_accuracy,8,0.6755924351161198,1
choice,1,n_category,0.8888888888888888,9,target_reach,8,0.5650002944233439,0.9801091123614551
choice,1,n_category,,0,false_release,0,,
choice,1,n_category,0.1111111111111111,9,ask_rate,1,0.019890887638544907,0.434999705576656
choice,1,n_category,0.8888888888888888,9,accuracy,8,0.5650002944233439,0.9801091123614551
choice,1,n_category,0.8888888888888888,9,action_accuracy,8,0.5650002944233439,0.9801091123614551
choice,1,n_category,,0,limited_release,0,,
choice,1,n_category,1.0,9,precision,9,0.7008549515804559,1
choice,1,n_category,1.0,9,recall,9,0.7008549515804559,1
choice,1,n_category,1.0,9,target_accuracy,9,0.7008549515804559,1
choice,1,n_category,1.0,9,target_reach,9,0.7008549515804559,1
choice,1,n_category,,0,false_release,0,,
choice,1,n_category,0.0,9,ask_rate,0,0,0.2991450484195441
choice,1,n_category,1.0,9,accuracy,9,0.7008549515804559,1
choice,1,n_category,1.0,9,action_accuracy,9,0.7008549515804559,1
choice,1,n_category,,0,limited_release,0,,
choice,1,n_category,,0,precision,0,,
choice,1,n_category,,0,recall,0,,
choice,1,n_category,,0,target_accuracy,0,,
choice,1,n_category,,0,target_reach,0,,
choice,1,n_category,0.0,10,false_release,0,0,0.2775327998628892
choice,1,n_category,0.0,10,ask_rate,0,0,0.2775327998628892
choice,1,n_category,1.0,10,accuracy,10,0.7224672001371107,0.9999999999999999
choice,1,n_category,1.0,10,action_accuracy,10,0.7224672001371107,0.9999999999999999
choice,1,n_category,,0,limited_release,0,,
choice,1,n_category,1.0,9,precision,9,0.7008549515804559,1
choice,1,n_category,0.9,10,recall,9,0.5958499732047615,0.9821237869049271
choice,1,n_category,1.0,9,target_accuracy,9,0.7008549515804559,1
choice,1,n_category,0.9,10,target_reach,9,0.5958499732047615,0.9821237869049271
choice,1,n_category,,0,false_release,0,,
choice,1,n_category,0.1,10,ask_rate,1,0.017876213095072896,0.4041500267952385
choice,1,n_category,0.9,10,accuracy,9,0.5958499732047615,0.9821237869049271
choice,1,n_category,0.9,10,action_accuracy,9,0.5958499732047615,0.9821237869049271
choice,1,n_category,,0,limited_release,0,,
choice,1,n_category,,0,precision,0,,
choice,1,n_category,,0,recall,0,,
choice,1,n_category,,0,target_accuracy,0,,
choice,1,n_category,,0,target_reach,0,,
choice,1,n_category,0.0,10,false_release,0,0,0.2775327998628892
choice,1,n_category,0.0,10,ask_rate,0,0,0.2775327998628892
choice,1,n_category,1.0,10,accuracy,10,0.7224672001371107,0.9999999999999999
choice,1,n_category,1.0,10,action_accuracy,10,0.7224672001371107,0.9999999999999999
choice,1,n_category,,0,limited_release,0,,
choice,1,n_category,1.0,10,precision,10,0.7224672001371107,0.9999999999999999
choice,1,n_category,1.0,10,recall,10,0.7224672001371107,0.9999999999999999
choice,1,n_category,1.0,10,target_accuracy,10,0.7224672001371107,0.9999999999999999
choice,1,n_category,1.0,10,target_reach,10,0.7224672001371107,0.9999999999999999
choice,1,n_category,,0,false_release,0,,
choice,1,n_category,0.0,10,ask_rate,0,0,0.2775327998628892
choice,1,n_category,1.0,10,accuracy,10,0.7224672001371107,0.9999999999999999
choice,1,n_category,1.0,10,action_accuracy,10,0.7224672001371107,0.9999999999999999
choice,1,n_category,,0,limited_release,0,,
choice,1,n_category,1.0,6,precision,6,0.6096657120978346,1
choice,1,n_category,0.6,10,recall,6,0.31267376973365824,0.8318196702937638
choice,1,n_category,1.0,6,target_accuracy,6,0.6096657120978346,1
choice,1,n_category,0.6,10,target_reach,6,0.31267376973365824,0.8318196702937638
choice,1,n_category,,0,false_release,0,,
choice,1,n_category,0.4,10,ask_rate,4,0.16818032970623614,0.6873262302663417
choice,1,n_category,0.6,10,accuracy,6,0.31267376973365824,0.8318196702937638
choice,1,n_category,0.4,10,action_accuracy,4,0.16818032970623614,0.6873262302663417
choice,1,n_category,0.6,10,limited_release,6,0.31267376973365824,0.8318196702937638
choice,1,n_category,,0,precision,0,,
choice,1,n_category,,0,recall,0,,
choice,1,n_category,,0,target_accuracy,0,,
choice,1,n_category,,0,target_reach,0,,
choice,1,n_category,0.0,3,false_release,0,5.551115123125783e-17,0.5614970317550454
choice,1,n_category,0.0,3,ask_rate,0,5.551115123125783e-17,0.5614970317550454
choice,1,n_category,1.0,3,accuracy,3,0.4385029682449546,1
choice,1,n_category,1.0,3,action_accuracy,3,0.4385029682449546,1
choice,1,n_category,,0,limited_release,0,,
choice,1,n_category,,0,precision,0,,
choice,1,n_category,,0,recall,0,,
choice,1,n_category,,0,target_accuracy,0,,
choice,1,n_category,,0,target_reach,0,,
choice,1,n_category,0.0,5,false_release,0,0,0.43448246478317476
choice,1,n_category,0.2,5,ask_rate,1,0.03622410863243014,0.6244653702374747
choice,1,n_category,1.0,5,accuracy,5,0.5655175352168251,1
choice,1,n_category,1.0,5,action_accuracy,5,0.5655175352168251,1
choice,1,n_category,,0,limited_release,0,,
choice,1,n_category,,0,precision,0,,
choice,1,n_category,,0,recall,0,,
choice,1,n_category,,0,target_accuracy,0,,
choice,1,n_category,,0,target_reach,0,,
choice,1,n_category,0.0,10,false_release,0,0,0.2775327998628892
choice,1,n_category,0.0,10,ask_rate,0,0,0.2775327998628892
choice,1,n_category,1.0,10,accuracy,10,0.7224672001371107,0.9999999999999999
choice,1,n_category,1.0,10,action_accuracy,10,0.7224672001371107,0.9999999999999999
choice,1,n_category,,0,limited_release,0,,
choice,1,n_category,,0,precision,0,,
choice,1,n_category,,0,recall,0,,
choice,1,n_category,,0,target_accuracy,0,,
choice,1,n_category,,0,target_reach,0,,
choice,1,n_category,0.0,10,false_release,0,0,0.2775327998628892
choice,1,n_category,0.0,10,ask_rate,0,0,0.2775327998628892
choice,1,n_category,1.0,10,accuracy,10,0.7224672001371107,0.9999999999999999
choice,1,n_category,1.0,10,action_accuracy,10,0.7224672001371107,0.9999999999999999
choice,1,n_category,,0,limited_release,0,,
choice,1,n_category,1.0,10,precision,10,0.7224672001371107,0.9999999999999999
choice,1,n_category,1.0,10,recall,10,0.7224672001371107,0.9999999999999999
choice,1,n_category,1.0,10,target_accuracy,10,0.7224672001371107,0.9999999999999999
choice,1,n_category,1.0,10,target_reach,10,0.7224672001371107,0.9999999999999999
choice,1,n_category,,0,false_release,0,,
choice,1,n_category,0.1,10,ask_rate,1,0.017876213095072896,0.4041500267952385
choice,1,n_category,1.0,10,accuracy,10,0.7224672001371107,0.9999999999999999
choice,1,n_category,0.1,10,action_accuracy,1,0.017876213095072896,0.4041500267952385
choice,1,n_category,0.9,10,limited_release,9,0.5958499732047615,0.9821237869049271
choice,1,n_category,1.0,9,precision,9,0.7008549515804559,1
choice,1,n_category,1.0,9,recall,9,0.7008549515804559,1
choice,1,n_category,1.0,9,target_accuracy,9,0.7008549515804559,1
choice,1,n_category,1.0,9,target_reach,9,0.7008549515804559,1
choice,1,n_category,,0,false_release,0,,
choice,1,n_category,0.1111111111111111,9,ask_rate,1,0.019890887638544907,0.434999705576656
choice,1,n_category,1.0,9,accuracy,9,0.7008549515804559,1
choice,1,n_category,0.8888888888888888,9,action_accuracy,8,0.5650002944233439,0.9801091123614551
choice,1,n_category,,0,limited_release,0,,
choice,1,n_category,1.0,3,precision,3,0.4385029682449546,1
choice,1,n_category,0.6,5,recall,3,0.2307242812760128,0.882379225767352
choice,1,n_category,1.0,3,target_accuracy,3,0.4385029682449546,1
choice,1,n_category,0.6,5,target_reach,3,0.2307242812760128,0.882379225767352
choice,1,n_category,,0,false_release,0,,
choice,1,n_category,0.0,5,ask_rate,0,0,0.43448246478317476
choice,1,n_category,0.6,5,accuracy,3,0.2307242812760128,0.882379225767352
choice,1,n_category,0.6,5,action_accuracy,3,0.2307242812760128,0.882379225767352
choice,1,n_category,,0,limited_release,0,,
choice,1,n_category,1.0,9,precision,9,0.7008549515804559,1
choice,1,n_category,0.9,10,recall,9,0.5958499732047615,0.9821237869049271
choice,1,n_category,1.0,9,target_accuracy,9,0.7008549515804559,1
choice,1,n_category,0.9,10,target_reach,9,0.5958499732047615,0.9821237869049271
choice,1,n_category,,0,false_release,0,,
choice,1,n_category,0.1,10,ask_rate,1,0.017876213095072896,0.4041500267952385
choice,1,n_category,0.9,10,accuracy,9,0.5958499732047615,0.9821237869049271
choice,1,n_category,0.9,10,action_accuracy,9,0.5958499732047615,0.9821237869049271
choice,1,n_category,,0,limited_release,0,,
choice,1,n_category,1.0,9,precision,9,0.7008549515804559,1
choice,1,n_category,0.9,10,recall,9,0.5958499732047615,0.9821237869049271
choice,1,n_category,1.0,9,target_accuracy,9,0.7008549515804559,1
choice,1,n_category,0.9,10,target_reach,9,0.5958499732047615,0.9821237869049271
choice,1,n_category,,0,false_release,0,,
choice,1,n_category,0.0,10,ask_rate,0,0,0.2775327998628892
choice,1,n_category,0.9,10,accuracy,9,0.5958499732047615,0.9821237869049271
choice,1,n_category,0.9,10,action_accuracy,9,0.5958499732047615,0.9821237869049271
choice,1,n_category,,0,limited_release,0,,
choice,1,n_category,,0,precision,0,,
choice,1,n_category,,0,recall,0,,
choice,1,n_category,,0,target_accuracy,0,,
choice,1,n_category,,0,target_reach,0,,
choice,1,n_category,0.0,10,false_release,0,0,0.2775327998628892
choice,1,n_category,0.0,10,ask_rate,0,0,0.2775327998628892
choice,1,n_category,1.0,10,accuracy,10,0.7224672001371107,0.9999999999999999
choice,1,n_category,1.0,10,action_accuracy,10,0.7224672001371107,0.9999999999999999
choice,1,n_category,,0,limited_release,0,,
choice,1,n_category,1.0,9,precision,9,0.7008549515804559,1
choice,1,n_category,0.9,10,recall,9,0.5958499732047615,0.9821237869049271
choice,1,n_category,1.0,9,target_accuracy,9,0.7008549515804559,1
choice,1,n_category,0.9,10,target_reach,9,0.5958499732047615,0.9821237869049271
choice,1,n_category,,0,false_release,0,,
choice,1,n_category,0.0,10,ask_rate,0,0,0.2775327998628892
choice,1,n_category,0.9,10,accuracy,9,0.5958499732047615,0.9821237869049271
choice,1,n_category,0.9,10,action_accuracy,9,0.5958499732047615,0.9821237869049271
choice,1,n_category,,0,limited_release,0,,
choice,1,n_category,,0,precision,0,,
choice,1,n_category,,0,recall,0,,
choice,1,n_category,,0,target_accuracy,0,,
choice,1,n_category,,0,target_reach,0,,
choice,1,n_category,0.0,10,false_release,0,0,0.2775327998628892
choice,1,n_category,0.0,10,ask_rate,0,0,0.2775327998628892
choice,1,n_category,1.0,10,accuracy,10,0.7224672001371107,0.9999999999999999
choice,1,n_category,1.0,10,action_accuracy,10,0.7224672001371107,0.9999999999999999
choice,1,n_category,,0,limited_release,0,,
choice,1,n_category,1.0,10,precision,10,0.7224672001371107,0.9999999999999999
choice,1,n_category,1.0,10,recall,10,0.7224672001371107,0.9999999999999999
choice,1,n_category,1.0,10,target_accuracy,10,0.7224672001371107,0.9999999999999999
choice,1,n_category,1.0,10,target_reach,10,0.7224672001371107,0.9999999999999999
choice,1,n_category,,0,false_release,0,,
choice,1,n_category,0.0,10,ask_rate,0,0,0.2775327998628892
choice,1,n_category,1.0,10,accuracy,10,0.7224672001371107,0.9999999999999999
choice,1,n_category,1.0,10,action_accuracy,10,0.7224672001371107,0.9999999999999999
choice,1,n_category,,0,limited_release,0,,
choice,1,n_category,1.0,10,precision,10,0.7224672001371107,0.9999999999999999
choice,1,n_category,1.0,10,recall,10,0.7224672001371107,0.9999999999999999
choice,1,n_category,1.0,10,target_accuracy,10,0.7224672001371107,0.9999999999999999
choice,1,n_category,1.0,10,target_reach,10,0.7224672001371107,0.9999999999999999
choice,1,n_category,,0,false_release,0,,
choice,1,n_category,0.0,10,ask_rate,0,0,0.2775327998628892
choice,1,n_category,1.0,10,accuracy,10,0.7224672001371107,0.9999999999999999
choice,1,n_category,0.0,10,action_accuracy,0,0,0.2775327998628892
choice,1,n_category,1.0,10,limited_release,10,0.7224672001371107,0.9999999999999999
choice,1,n_category,,0,precision,0,,
choice,1,n_category,,0,recall,0,,
choice,1,n_category,,0,target_accuracy,0,,
choice,1,n_category,,0,target_reach,0,,
choice,1,n_category,0.0,3,false_release,0,5.551115123125783e-17,0.5614970317550454
choice,1,n_category,0.0,3,ask_rate,0,5.551115123125783e-17,0.5614970317550454
choice,1,n_category,1.0,3,accuracy,3,0.4385029682449546,1
choice,1,n_category,1.0,3,action_accuracy,3,0.4385029682449546,1
choice,1,n_category,,0,limited_release,0,,
choice,1,n_category,,0,precision,0,,
choice,1,n_category,,0,recall,0,,
choice,1,n_category,,0,target_accuracy,0,,
choice,1,n_category,,0,target_reach,0,,
choice,1,n_category,0.0,5,false_release,0,0,0.43448246478317476
choice,1,n_category,0.6,5,ask_rate,3,0.2307242812760128,0.882379225767352
choice,1,n_category,1.0,5,accuracy,5,0.5655175352168251,1
choice,1,n_category,1.0,5,action_accuracy,5,0.5655175352168251,1
choice,1,n_category,,0,limited_release,0,,
choice,1,n_category,,0,precision,0,,
choice,1,n_category,,0,recall,0,,
choice,1,n_category,,0,target_accuracy,0,,
choice,1,n_category,,0,target_reach,0,,
choice,1,n_category,0.0,10,false_release,0,0,0.2775327998628892
choice,1,n_category,0.0,10,ask_rate,0,0,0.2775327998628892
choice,1,n_category,1.0,10,accuracy,10,0.7224672001371107,0.9999999999999999
choice,1,n_category,1.0,10,action_accuracy,10,0.7224672001371107,0.9999999999999999
choice,1,n_category,,0,limited_release,0,,
choice,1,n_category,,0,precision,0,,
choice,1,n_category,,0,recall,0,,
choice,1,n_category,,0,target_accuracy,0,,
choice,1,n_category,,0,target_reach,0,,
choice,1,n_category,0.0,10,false_release,0,0,0.2775327998628892
choice,1,n_category,0.0,10,ask_rate,0,0,0.2775327998628892
choice,1,n_category,1.0,10,accuracy,10,0.7224672001371107,0.9999999999999999
choice,1,n_category,1.0,10,action_accuracy,10,0.7224672001371107,0.9999999999999999
choice,1,n_category,,0,limited_release,0,,
